2026년 연간 지역축제 개최 계획,,,,,,,,,,,,,,,,,,,,,,,,,,,,,,,,,,,,,,
,,,,,,,,,,,,,,,,,,,,,,,,,,,,,,,,,,,,,,
,,,,,,,,,,,,,,,,,,,,,,,,,,,,,,,,,,,,,,
연번,광역자치단체명,기초자치단체명,축제명,축제 유형,개최 장소,,,,,개최기간,,,,,,,,개최 주기,"최초
개최연도",예산(백만원),,,,"국비지원
부처명",방문객수(前년),,,,,축제 주최 전담조직,,,담당자,,,,,비고
,,,,,장소명,축제 유형,,,,시작일,,,종료일,,,"총
일수",비고,,,합계,국비,지방비,"기타
(민간 등)",,전체,내국인(명),외국인(명),계측 방법,비고,전담조직명,조직형태,설립근거,소속,부서명,직급/직책,성명,연락처,비고
,,,,,장소명,축제 유형,시도,시군구,읍면동,년,월,일,년,월,일,,,,,,,,,,,,,,,,,,,,,,,
1,01. 서울,-,2026 서울무형문화축제,01. 문화예술,남산골한옥마을 일대,01. 마을형,01. 서울,중구,필동,2026,9,12,2026,9,13,2,,01. 매년,2005,178,0,178,0,해당없음,"10,459","10,459",모름,01. 계측,유인,서울특별시,01. 정부/지자체,,서울특별시청,문화유산보존과,주무관,길상은,02-2133-2617,
2,01. 서울,-,제25회 서울억새축제,02. 자연생태,월드컵공원(하늘공원),02. 녹지형,01. 서울,마포구,상암동,2026,10,17,2026,10,23,7,,01. 매년,2002,250,0,250,0,해당없음,"700,000",모름,모름,01. 계측,유인,서울특별시 서부공원여가센터,01. 정부/지자체,서울특별시 행정기구 설치 조례 시행규칙 제20절 제131조,서울특별시 서부공원여가센터,공원여가과,주무관,신상은,"02-300-5573,5574",
3,01. 서울,-,2026 서울라이트 한강 빛섬축제,01. 문화예술,노들섬,03. 수변형,01. 서울,용산구,이촌동,2026,10,2,2026,10,11,10,,01. 매년,2023,"2,604",0,"2,604",0,해당없음,"515,683","480,732","34,951",02. 추정,통신 데이터,서울시 도시경관담당관,01. 정부/지자체,서울특별시 축제 육성 및 지원에 관한 조례,서울특별시청,도시경관담당관,주무관,김백곤,02-2133-1935,
4,01. 서울,-,2026 서울라이트 광화문,01. 문화예술,"광화문, 광화문광장",02. 녹지형,01. 서울,종로구,세종로,2026,12,18,2026,12,31,14,,01. 매년,2022,"3,254",0,"3,254",0,해당없음,"3,118,958","3,118,958",모름,01. 계측,무인,서울시 도시경관담당관,01. 정부/지자체,서울특별시 축제 육성 및 지원에 관한 조례,서울특별시청,도시경관담당관,주무관,최용정,02-2133-1936,
5,01. 서울,-,2026년 30회 서울세계도시문화축제,01. 문화예술,동대문디자인플라자,04. 독립형,01. 서울,중구,광희동,2026,5,9,2026,5,10,2,,01. 매년,1996,642,0,642,0,해당없음,"160,000","80,000","80,000",99. 무응답,기타,서울시 도시외교담당관,01. 정부/지자체,,서울특별시청,도시외교담당관,주무관,이미호,02-2133-5281,
6,01. 서울,-,한강페스티벌,01. 문화예술,한강 수상 및 11개 한강공원 일대,02. 녹지형,01. 서울,-,-,2026,5,,2026,12,,43,미정,01. 매년,2013,"1,211",0,"1,211",0,해당없음,"201,000","201,000",모름,99. 무응답,기타,서울특별시 미래한강본부 한강문화관광과,01. 정부/지자체,,서울특별시 미래한강본부,한강문화관광과,주무관,이혜수,02-3780-0718,
7,01. 서울,-,2026 로맨틱 한강 크리스마스 마켓,03. 주민화합,뚝섬한강공원 일원,02. 녹지형,01. 서울,광진구,자양동,2026,12,18,2026,12,27,10,,01. 매년,2023,423,0,423,0,해당없음,"129,300","122,800","6,500",02. 추정,통신 데이터,서울특별시 미래한강본부 한강문화관광과,01. 정부/지자체,,서울특별시 미래한강본부,한강문화관광과,주무관,양재연,02-3780-0760,
8,01. 서울,-,2026 차없는 잠수교 뚜벅뚜벅 축제,01. 문화예술,잠수교 및 반포한강공원 일원,02. 녹지형,01. 서울,서초구,반포동,2026,5,3,2026,10,25,16,,01. 매년,2022,"2,336",0,"2,336",0,해당없음,"1,284,838","1,284,838",모름,01. 계측,무인,서울특별시 미래한강본부 한강문화관광과,01. 정부/지자체,서울특별시 행정기구 설치 조례,서울특별시 미래한강본부,한강문화관광과,주무관,김세정,02-3780-0796,
9,01. 서울,-,2026 한강 서래섬 피크닉 콘서트(봄),01. 문화예술,반포한강공원 서래섬,02. 녹지형,01. 서울,서초구,반포동,2026,5,8,2026,5,10,3,,01. 매년,2004,77,0,77,0,해당없음,"2,000","2,000",모름,99. 무응답,,서울특별시 미래한강본부 한강문화관광과,01. 정부/지자체,,서울특별시 미래한강본부,한강문화관광과,주무관,최진성,02-3780-0764,봄/가을 행사 구분
10,01. 서울,-,2026 한강 서래섬 피크닉 콘서트(가을),01. 문화예술,반포한강공원 서래섬,02. 녹지형,01. 서울,서초구,반포동,2026,10,9,2026,10,11,3,,01. 매년,2004,77,0,77,0,해당없음,"2,000","2,000",모름,99. 무응답,,서울특별시 미래한강본부 한강문화관광과,01. 정부/지자체,,서울특별시 미래한강본부,한강문화관광과,주무관,최진성,02-3780-0764,봄/가을 행사 구분
11,01. 서울,-,제20회 서울안전한마당,03. 주민화합,여의도공원,02. 녹지형,01. 서울,영등포구,여의도동,2026,9,17,2026,9,19,3,,01. 매년,2007,327,0,327,0,해당없음,"42,300","42,300",0,99. 무응답,기타,서울특별시 소방재난본부 예방과,01. 정부/지자체,,서울특별시 소방재난본부,예방과,소방경/홍보기획,최치환,02-3706-1541,
12,01. 서울,-,2026 서울윈터페스타,01. 문화예술,"종로구 일대(광화문광장, 청계천 등)",02. 녹지형,01. 서울,"종로구, 중구",-,2026,12,,2027,1,,,미정,01. 매년,2023,996,0,996,0,해당없음,"10,983,176","10,983,176",모름,99. 무응답,기타,문화본부 문화정책과,01. 정부/지자체,,서울특별시청,문화정책과,주무관,심재황,02-2133-2546,
13,01. 서울,-,서울스프링페스타 2026,01. 문화예술,주요 한강공원 등 한강 전역,02. 녹지형,01. 서울,영등포구,여의도동,2026,4,30,2026,5,10,11,,01. 매년,2022,"4,225",0,"4,225",0,해당없음,"826,180","647,685","178,495",01. 계측,유인,서울관광재단,02. 재단(관광/문화/예술),서울특별시 서울관광재단 설립 및 운영에 관한 조례,서울특별시청,관광정책과,주무관,양준호,02-2133-2810,
14,01. 서울,-,2026 서울바비큐페스타 ,01. 문화예술,노을공원,02. 녹지형,01. 서울,마포구,상암동,2026,10,17,2026,10,18,2,,01. 매년,2025,704,0,704,0,해당없음,"28,343","25,193","3,150",01. 계측,유인,서울시 관광정책과,01. 정부/지자체,해당없음,서울특별시청,관광정책과,주무관,양준호,02-2133-2810,
15,01. 서울,-,2026 한강 드론 라이트 쇼,01. 문화예술,"한강공원(뚝섬, 잠실, 여의도)",02. 녹지형,01. 서울,광진구,자양동,2026,4,25,2026,10,24,10,주 1회,01. 매년,2023,982,0,982,0,해당없음,"280,741","192,334","88,407",01. 계측,유인,서울시 관광정책과,01. 정부/지자체,해당없음,서울특별시청,관광정책과,주무관,이지아,02-2133-1845,
16,01. 서울,-,2026 서울국제정원박람회,02. 자연생태,"서울숲 일대, 매헌시민의숲",02. 녹지형,01. 서울,"성동구, 서초구","성수동, 양재동",2026,5,1,2026,10,27,180,,01. 매년,2015,"6,960",0,"6,960",0,해당없음,"1,044,000","1,044,000",0,01. 계측,무인,직접수행,01. 정부/지자체,서울특별시 정원문화 조성 및 진흥에 관한 조례 ,서울특별시청,조경과,주무관,권지현,02-2133-2112,
17,01. 서울,-,2026 서울어린이정원 페스티벌,01. 문화예술,서울어린이대공원,02. 녹지형,01. 서울,광진구,능동,2026,5,5,2026,5,17,13,,01. 매년,2025,200,0,200,0,해당없음,"635,000","635,000",모름,01. 계측,무인,서울시설공단,03. 기타 공공,서울특별시 서울시설공단 설립 및 운영에 관한 조례,서울특별시청,정원도시정책과,주무관,배소윤,02-2133-2036,
18,01. 서울,마포구,제4회 레드로드 페스티벌,01. 문화예술,홍대 레드로드,01. 마을형,01. 서울,마포구,성산동,2026,9,,2026,9,,2,미정,01. 매년,2023,220,0,220,0,해당없음,미집계,미집계,미집계,03. 미집계,,서울시 마포구,01. 정부/지자체,-,마포구청,관광정책과,주무관,윤현승,02-3153-8653,
19,01. 서울,마포구,제19회 마포나루 새우젓축제,04. 전통역사,월드컵공원 평화광장,02. 녹지형,01. 서울,마포구,성산동,2026,10,16,2026,10,18,3,,01. 매년,2008,529,0,529,0,해당없음,"820,000","820,000",모름,01. 계측,유인,서울시 마포구,01. 정부/지자체,-,마포구청,문화예술과,주무관,김정훈,02-3153-8353,
20,01. 서울,강동구,제31회 강동선사문화축제,01. 문화예술,서울 암사동유적 일원,04. 독립형,01. 서울,강동구,암사동,2026,10,16,2026,10,18,3,,01. 매년,1996,665,0,665,0,해당없음,"455,185","455,185",모름,02. 추정,통신 데이터,서울시 강동구청,01. 정부/지자체,서울특별시 강동구 선사문화축제에 관한 조례,강동구청,문화예술과,주무관,구보성,02-3425-5247,
21,01. 서울,중랑구,제18회 중랑 서울장미축제,02. 자연생태,중랑장미공원(묵동교~겸재교 중랑천 일원),02. 녹지형,01. 서울,중랑구,"묵1동, 중화2동, 면목2동",2026,5,15,2026,5,23,9,,01. 매년,2009,532,0,532,0,해당없음,"3,012,797","3,012,797",모름,02. 추정,통신 데이터,중랑문화재단,02. 재단(관광/문화/예술),서울특별시 중랑문화재단 설립 및 운영에 관한 조례,중랑구청,문화관광과,주무관,고동욱,02-2094-1823,
22,01. 서울,중랑구,중랑 용마폭포축제,01. 문화예술,용마폭포공원,02. 녹지형,01. 서울,중랑구,면목7동,2026,10,16,2026,10,17,2,,01. 매년,2016,100,0,100,0,해당없음,"17,388","17,388",모름,02. 추정,통신 데이터,중랑문화재단,02. 재단(관광/문화/예술),서울특별시 중랑문화재단 설립 및 운영에 관한 조례,중랑구청,문화관광과,주무관,이정원,02-2094-1822,
23,01. 서울,서대문구,제16회 2026 서대문 봄빛축제,01. 문화예술,서대문 안산 ~ 홍제천 일원,02. 녹지형,01. 서울,서대문구,연희동,2026,4,3,2026,4,12,10,,01. 매년,2011,129,0,129,0,해당없음,"546,018","546,018",모름,02. 추정,통신 데이터,서대문구청,01. 정부/지자체,,서대문구청,문화체육과,주무관,이보라,02-330-1576,
24,01. 서울,서대문구,제17회 2026 서대문 독립축제,04. 전통역사,"서대문형무소역사관, 독립공원",02. 녹지형,01. 서울,서대문구,천연동,2026,8,14,2026,8,16,3,,01. 매년,2010,204,0,204,0,해당없음,"151,660","151,660",모름,02. 추정,통신 데이터,서대문구청,01. 정부/지자체,,서대문구청,문화체육과,주무관,이보라,02-330-1576,
25,01. 서울,서대문구,2026 신촌글로벌대학문화축제,01. 문화예술,신촌 일대,05. 기타,01. 서울,서대문구,신촌동,2026,9,11,2026,9,13,3,,01. 매년,2023,288,0,288,0,해당없음,"493,649","493,649",모름,02. 추정,통신 데이터,서대문구청,01. 정부/지자체,,서대문구청,문화체육과,주무관,최재영,02-330-6714,
26,01. 서울,관악구,관악 책빵 축제,03. 주민화합,별빛내린천 일대,03. 수변형,01. 서울,관악구,신림동,2026,5,9,2026,5,10,2,,01. 매년,2023,70,0,70,0,해당없음,"69,112","69,112",모름,99. 무응답,기타,관악문화재단,02. 재단(관광/문화/예술),관악문화재단 설립에 관한 조례,관악문화재단,도서관플러스팀,과장,김민주,02-828-5825,
27,01. 서울,관악구,제 5회 그루브 인 관악,01. 문화예술,관악아트홀,04. 독립형,01. 서울,관악구,신림동,2026,7,11,2026,7,12,2,,01. 매년,2022,100,0,100,0,해당없음,"15,061","15,061",모름,99. 무응답,기타,관악문화재단,02. 재단(관광/문화/예술),관악문화재단 설립에 관한 조례,관악문화재단,축제기획팀,대리,경민지,02-828-5764,
28,01. 서울,관악구,제 10회 관악강감찬축제,04. 전통역사,낙성대공원 일대,02. 녹지형,01. 서울,관악구,봉천동,2026,10,16,2026,10,18,3,,01. 매년,2016,457,0,457,0,해당없음,"208,406","208,406",모름,99. 무응답,기타,관악문화재단,02. 재단(관광/문화/예술),관악문화재단 설립에 관한 조례,관악문화재단,축제기획팀,대리,이인희,02-828-5763,
29,01. 서울,영등포구,2026 영등포 여의도 봄꽃축제,01. 문화예술,"여의서로 벚꽃길, 한강공원 국회축구장 등",02. 녹지형,01. 서울,영등포구,여의동,2026,4,8,2026,4,12,5,,01. 매년,2005,758,0,758,0,해당없음,"3,030,000","3,030,000",모름,01. 계측,유인,영등포구/영등포문화재단,02. 재단(관광/문화/예술),,영등포구청,문화예술과,주무관,권수림,02-2670-3128,
30,01. 서울,영등포구,제3회 영등포 정원축제(정원소풍),02. 자연생태,영등포공원,02. 녹지형,01. 서울,영등포구,영등포본동,2026,5,23,2026,5,25,3,,01. 매년,2024,130,0,130,0,해당없음,"2,800","2,800",모름,01. 계측,유인,영등포구,01. 정부/지자체,,영등포구청,정원도시과,주무관,송명섭,02-2670-3717,
31,01. 서울,영등포구,제3회 영등포구 여름축제 대피서,01. 문화예술,영등포공원,02. 녹지형,01. 서울,영등포구,영등포본동,2026,8,7,2026,8,9,3,,01. 매년,2024,79,0,79,0,해당없음,"3,000","3,000",모름,99. 무응답,기타,영등포구,01. 정부/지자체,,영등포구청,문화예술과,주무관,노기남,02-2670-3143,
32,01. 서울,영등포구,제2회 영등포구 원조맥주축제,03. 주민화합,영등포공원,02. 녹지형,01. 서울,영등포구,영등포본동,2026,9,18,2026,9,19,2,,01. 매년,2025,171,0,171,0,해당없음,"22,000","22,000",모름,99. 무응답,기타,영등포구,01. 정부/지자체,,영등포구청,문화예술과,주무관,권수림,02-2670-3128,
33,01. 서울,영등포구,2026 영등포네트워크예술제,01. 문화예술,문래동 일대,05. 기타,01. 서울,영등포구,문래동,2026,9,26,2026,9,28,3,,01. 매년,2019,60,0,60,0,해당없음,"6,682","6,682",모름,01. 계측,유인,영등포문화재단,02. 재단(관광/문화/예술),서울특별시 영등포문화재단 설립 및 운영에 관한 조례,영등포문화재단,문화사업팀,팀장,박정호,02-2629-2215,
34,01. 서울,영등포구,제3회 영등포 선유도원축제,01. 문화예술,선유도공원 및 선유도역 2번 3번출구 걷고싶은 거리,02. 녹지형,01. 서울,영등포구,양평2동,2026,10,23,2026,10,25,3,,01. 매년,2024,313,0,313,0,해당없음,"71,352","71,352",모름,01. 계측,유인,영등포구/영등포문화재단,02. 재단(관광/문화/예술),,영등포구청,문화예술과,주무관,이선진현,02-2670-3134,
35,01. 서울,구로구,제4회 주막거리객사전,04. 전통역사,오류동역광장,02. 녹지형,01. 서울,구로구,오류동,2026,4,,2026,4,,2,미정,01. 매년,2023,80,0,80,0,해당없음,"11,500","11,500",모름,99. 무응답,기타,구로문화원,02. 재단(관광/문화/예술),지방문화원진흥법 등,구로구청,문화관광과,주무관,박영경,02-860-3414,
36,01. 서울,구로구,제10회 프랑스문화축제,01. 문화예술,안양천 생태초화원,03. 수변형,01. 서울,구로구,신도림동,2026,9,,2026,9,,2,미정,02. 격년,2005,62,0,62,0,해당없음,"15,000","15,000",모름,99. 무응답,기타,구로구청,01. 정부/지자체,지방자치법 등,구로구청,문화관광과,주무관,박영경,02-860-3414,
37,01. 서울,구로구,구로G페스티벌,03. 주민화합,안양천 오금교 일대,03. 수변형,01. 서울,구로구,신도림동,2026,9,,2026,9,,2,미정,01. 매년,2003,800,0,800,0,해당없음,"170,000","170,000",모름,99. 무응답,기타,구로구청,01. 정부/지자체,지방자치법 등,구로구청,문화관광과,주무관,전현아,02-860-2282,
38,01. 서울,서초구,2026 서리풀뮤직페스티벌,01. 문화예술,반포대로(서초3동사거리~서초역),05. 기타,01. 서울,서초구,서초동,2026,9,14,2026,9,20,7,,01. 매년,2015,"1,650",0,"1,000",650,해당없음,"250,000","245,000","5,000",99. 무응답,기타,서초문화재단,02. 재단(관광/문화/예술),서울특별시 서초구 문화재단 설립 및 운영에 관한 조례,서초구청,문화관광과,주무관,김훈,02-2155-6229,
39,01. 서울,송파구,2026 송파구 벚꽃축제,02. 자연생태,석촌호수,03. 수변형,01. 서울,송파구,-,2026,4,1,2026,4,5,5,,01. 매년,2007,264,0,264,0,해당없음,"8,620,000","8,620,000",0,99. 무응답,기타,송파구청 문화예술과,01. 정부/지자체,서울특별시 송파구 문화예술진흥에 관한 조례,송파구청,문화예술과,주무관,황현주,02-2147-2815,
40,01. 서울,송파구,제26회 한성백제문화제,01. 문화예술,올림픽공원,02. 녹지형,01. 서울,송파구,-,2026,10,16,2026,10,18,3,,01. 매년,1994,800,0,800,0,해당없음,"513,547","480,000","33,547",99. 무응답,기타,송파구청 문화예술과,01. 정부/지자체,서울특별시 송파구 한성백제문화제 운영 조례,송파구청,문화예술과,주무관,황현주,02-2147-2815,
41,01. 서울,노원구,불암산 철쭉제,02. 자연생태,불암산 힐링타운,02. 녹지형,01. 서울,노원구,중계동,2026,4,16,2026,4,26,11,,01. 매년,2021,174,0,104,70,해당없음,"327,582","327,582",모름,02. 추정,통신 데이터,노원구 여가도시과,01. 정부/지자체,-,노원구청,여가도시과,주무관,윤성환,02-2116-0546,
42,01. 서울,노원구,노원구 어린이날 축제,03. 주민화합,등나무·중계근린공원,02. 녹지형,01. 서울,노원구,중계동,2026,5,2,2026,5,3,2,,01. 매년,2010,미확정,0,미확정,미확정,해당없음,"31,795","31,795",모름,02. 추정,통신 데이터,노원구 보육가족과,01. 정부/지자체,-,노원구청,보육가족과,주무관,하정희,02-2116-3730,
43,01. 서울,노원구,경춘선 공릉숲길 커피축제 ,01. 문화예술,공릉역 ~ 동부아파트 삼거리 + 경춘선 숲길,02. 녹지형,01. 서울,노원구,공릉동,2026,6,13,2026,6,14,2,,01. 매년,2023,494,0,494,0,해당없음,"89,453","89,350",103,02. 추정,통신 데이터,노원구 지역경제과,01. 정부/지자체,-,노원구청,지역경제과,주무관,이미영,02-2116-3487,
44,01. 서울,노원구,노원달빛산책,01. 문화예술,당현천 일원(중계역 ~ 상계역 2km),03. 수변형,01. 서울,노원구,중계동,2026,6,5,2026,6,28,24,,01. 매년,2014,미확정,0,미확정,미확정,해당없음,"1,320,557","1,319,927",630,02. 추정,통신 데이터,노원문화재단,02. 재단(관광/문화/예술),서울특별시 노원구 문화재단 설립 및 운영에 관한 조례,노원구청,문화도시과,주무관,설진욱,02-2116-7142,
45,01. 서울,노원구,노원수제맥주축제,03. 주민화합,화랑대 철도공원 일원,02. 녹지형,01. 서울,노원구,공릉동,2026,9,11,2026,9,12,2,,01. 매년,2023,미확정,0,미확정,미확정,해당없음,"67,007","66,965",42,02. 추정,통신 데이터,노원문화재단,02. 재단(관광/문화/예술),서울특별시 노원구 문화재단 설립 및 운영에 관한 조례,노원구청,문화도시과,주무관,설진욱,02-2116-7142,
46,01. 서울,노원구,댄싱노원 거리페스티벌,01. 문화예술,노원역 일원(롯데백화점 ~ 순복음교회 555m),05. 기타,01. 서울,노원구,상계동,2026,10,17,2026,10,18,2,,01. 매년,2013,미확정,0,미확정,미확정,해당없음,"209,376","209,164",212,02. 추정,통신 데이터,노원문화재단,02. 재단(관광/문화/예술),서울특별시 노원구 문화재단 설립 및 운영에 관한 조례,노원구청,문화도시과,주무관,최석우,02-2116-7143,
47,01. 서울,강북구,4·19혁명국민문화제 2026,04. 전통역사,국립4·19민주묘지 및 강북구 일대,03. 수변형,01. 서울,강북구,수유동,2026,4,10,2026,4,19,10,,01. 매년,2013,558,232,326,0,국가보훈부,"60,000","60,000",모름,99. 무응답,기타,4·19혁명국민문화제위원회,04. 지자체 위원회,,강북구청,문화관광과,주무관,유경선,02-901-6206,
48,01. 서울,강북구,우이천변 페스타2026,01. 문화예술,우이천 일대,03. 수변형,01. 서울,강북구,수유3동,2026,10,16,2026,10,18,3,,01. 매년,2023,294,0,294,0,해당없음,"26,306","26,226",80,01. 계측,유인,강북구청 문화관광과,01. 정부/지자체,,강북구청,문화관광과,주무관,김가영,02-901-6216,
49,01. 서울,강북구,제3회 공예문화축제,01. 문화예술,강북문화예술회관,03. 수변형,01. 서울,강북구,인수동,2026,10,,2026,10,,2,미정,01. 매년,2024,50,0,50,0,해당없음,"3,655","3,655",0,01. 계측,유인,강북구청 지역경제과,01. 정부/지자체,,강북구청,지역경제과,주무관,주세영,02-901-6443,
50,01. 서울,강북구,2026 강북 백맥축제,01. 문화예술,강북구 일대,03. 수변형,01. 서울,강북구,-,2026,9,4,2026,9,5,2,,01. 매년,2023,291,0,291,0,해당없음,"44,894","44,894",0,01. 계측,유인,강북구청 지역경제과,01. 정부/지자체,,강북구청,지역경제과,주무관,김대현,02-901-7253,
51,01. 서울,강북구,상권과 함께하는 크리스마스 마켓,03. 주민화합,관내 상권지역 일대,05. 기타,01. 서울,강북구,-,2026,12,,2026,12,,2,미정,01. 매년,2023,72,0,72,0,해당없음,"56,870","56,870",0,01. 계측,유인,강북구청 지역경제과,01. 정부/지자체,,강북구청,지역경제과,주무관,이혜영,02-901-6452,
52,01. 서울,용산구,2026년 이태원 지구촌 축제,01. 문화예술,이태원관광특구 일원,05. 기타,01. 서울,용산구,이태원동,2026,,,2026,,,2,미정,01. 매년,2001,"3,000",0,"3,000",0,해당없음,최근 미개최,최근 미개최,최근 미개최,04. 기타,최근 미개최,서울 용산구,01. 정부/지자체,,용산구청,관광체육과,주무관,김혜민,02-2199-7553,
53,01. 서울,종로구,제14회 자문밖문화축제,01. 문화예술,자문밖 일원,05. 기타,01. 서울,종로구,-,2026,9,,2026,9,,5,미정,01. 매년,2013,75,0,68,7,해당없음,"3,500","3,500",모름,99. 무응답,,"(사)자문밖문화포럼
(공모 선정 단체)",05. 민간 협/단체,문화체육관광부 및 국가유산청 소관 비영리법인의 설립 및 감독에 관한 규칙,종로구청,문화과,주무관,이미영,02-2148-1822,
54,01. 서울,종로구,2026  대학로 차 없는 거리 축제,01. 문화예술,대학로 일원,01. 마을형,01. 서울,종로구,-,2026,,,2026,,,,미정,01. 매년,1985,200,0,200,0,해당없음,"72,000","72,000",모름,99. 무응답,,종로구청 문화과,01. 정부/지자체,서울특별시 문화지구 관리 및 육성에 관한 조례,종로구청,문화과,주무관,송서현,02-2148-1812,
55,01. 서울,종로구,2026 D.FESTA 대학로 거리공연축제,01. 문화예술,대학로 일원,01. 마을형,01. 서울,종로구,-,2026,,,2026,,,,미정,01. 매년,2006,150,0,150,0,해당없음,"3,000","3,000",모름,99. 무응답,,(사)한국소극장협회,05. 민간 협/단체,자생 민간조직(문화분야 비영리법인),종로구청,문화과,주무관,송서현,02-2148-1812,
56,01. 서울,종로구,2026 대학로 소나무길 거리예술제,01. 문화예술,대학로 일원,01. 마을형,01. 서울,종로구,-,2026,,,2026,,,,미정,01. 매년,2017,20,0,20,0,해당없음,"2,000","2,000",모름,99. 무응답,,종로구청 문화과,01. 정부/지자체,서울특별시 문화지구 관리 및 육성에 관한 조례,종로구청,문화과,주무관,송서현,02-2148-1812,
57,01. 서울,종로구,2026 아시테지 어린이가행복한대학로,01. 문화예술,대학로 일원,01. 마을형,01. 서울,종로구,-,2026,,,2026,,,,미정,01. 매년,1984,15,0,15,0,해당없음,"2,000","2,000",모름,99. 무응답,,(사)국제아동청소년연극협회 한국본부,05. 민간 협/단체,자생 민간조직(문화분야 비영리법인),종로구청,문화과,주무관,송서현,02-2148-1812,
58,01. 서울,종로구,서울연극제,01. 문화예술,대학로 일원,01. 마을형,01. 서울,종로구,-,2026,,,2026,,,,미정,01. 매년,1977,0,0,0,0,해당없음,"5,000","5,000",모름,99. 무응답,,(사)서울연극협회,05. 민간 협/단체,자생 민간조직(문화분야 비영리법인),종로구청,문화과,주무관,송서현,02-2148-1812,
59,01. 서울,종로구,인사동 엔틱&아트페어,04. 전통역사,인사동 일대,05. 기타,01. 서울,종로구,-,2026,9,,2026,9,,30,미정,01. 매년,1987,240,0,240,0,해당없음,"50,000",모름,모름,99. 무응답,,(사)인사전통문화보존회,05. 민간 협/단체,서울특별시 문화지구 관리 및 육성에 관한 조례,종로구청,문화과,주무관,박재현,02-2148-1805,
60,01. 서울,종로구,2026 종로K축제,01. 문화예술,광화문광장,02. 녹지형,01. 서울,종로구,-,2026,9,11,2026,9,12,2,,01. 매년,2016,70,0,70,0,해당없음,"208,141","208,141",0,02. 추정,통신 데이터,종로문화재단,02. 재단(관광/문화/예술),서울특별시 종로구 재단법인 종로문화재단 설립 및 운영 조례 ,종로구청,문화과,주무관,주재형,02-2148-1807,
61,01. 서울,강서구,제24회 허준축제,01. 문화예술,"서울식물원, 마곡광장, 마곡중앙로",02. 녹지형,01. 서울,강서구,-,2026,10,10,2026,10,11,2,,01. 매년,1999,498,0,498,0,해당없음,"180,000","150,000","30,000",99. 무응답,기타,강서문화원,02. 재단(관광/문화/예술),지방문화원진흥법 제4조,강서구청,문화예술과,행정7급,양동혁,02-2600-6455,
62,01. 서울,동대문구,동대문구 봄꽃축제,03. 주민화합,"장안1 수변공원, 장안벚꽃길 일대",02. 녹지형,01. 서울,동대문구,장안동,2026,4,4,2026,4,5,2,,01. 매년,2008,230,0,230,0,해당없음,"59,492","59,492",0,02. 추정,통신 데이터,동대문구청 문화관광과,01. 정부/지자체,서울특별시 동대문구 문화체육행사 및 교실운영에 관한 조례,동대문구청,문화관광과,주무관,오지은,02-2127-4711,
63,01. 서울,동대문구,동대문구 맥주축제,03. 주민화합,장안1 수변공원 일대,02. 녹지형,01. 서울,동대문구,장안동,2026,8,28,2026,8,29,2,,01. 매년,2024,240,0,240,0,해당없음,"20,358","20,358",0,01. 계측,유인,동대문문화재단,02. 재단(관광/문화/예술),서울특별시 동대문문화재단 설립 및 운영에 관한 조례,동대문구청,문화관광과,주무관,유지은,02-2127-4158,
64,01. 서울,동대문구,동대문페스티벌,01. 문화예술,장한로 일대,01. 마을형,01. 서울,동대문구,장안동,2026,10,,2026,10,,,미정,01. 매년,2024,450,0,450,0,해당없음,"110,000","110,000",0,02. 추정,통신 데이터,동대문문화재단,02. 재단(관광/문화/예술),서울특별시 동대문문화재단 설립 및 운영에 관한 조례,동대문구청,문화관광과,주무관,오지은,02-2127-4711,
65,01. 서울,중구,2026 정동야행,01. 문화예술,정동 일대,05. 기타,01. 서울,중구,-,2026,10,,2026,10,,3,미정,01. 매년,2015,365,146,219,0,국가유산청,"136,513","133,912","2,601",99. 무응답,기타,중구청,01. 정부/지자체,,중구청,문화정책과,주무관,한아름,02-3396-4622,
66,01. 서울,강남구,제7회 가로수길 디자인위크,01. 문화예술,가로수길 일대,05. 기타,01. 서울,강남구,-,2026,6,13,2026,6,17,5,,01. 매년,2020,285,0,285,0,해당없음,"33,655","33,655",모름,02. 추정,통신 데이터,서울 강남구,01. 정부/지자체,해당없음,강남구,관광진흥과,주무관,이남윤,02-3423-5532,
67,01. 서울,강남구,제15회 강남페스티벌,01. 문화예술,"코엑스, 영동대로 등 강남구 일대",03. 수변형,01. 서울,강남구,-,2026,10,1,2026,10,4,4,,01. 매년,2012,"2,965",0,"2,965",0,해당없음,"916,594","797,437","119,157",02. 추정,통신 데이터,서울 강남구,01. 정부/지자체,해당없음,강남구,관광진흥과,주무관,송정현,02-3423-5534,
68,01. 서울,동작구,제9회 도심 속 바다축제,01. 문화예술,노량진수산시장 및 노량진축구장일대,02. 녹지형,01. 서울,동작구,노량진동,2026,10,24,2026,10,25,2,,01. 매년,2012,300,0,300,0,해당없음,"40,000","40,000",0,01. 계측,티켓판매,동작구청,01. 정부/지자체,,동작구청,문화정책과,주무관,김애란,02-820-9401,
69,02. 부산,-,제30회 부산바다축제,01. 문화예술,다대포해수욕장,03. 수변형,02. 부산,사하구,-,2026,8,7,2026,8,9,3,,01. 매년,1996,"1,260",0,"1,200",60,해당없음,"82,435","82,435",모름,01. 계측,유인,(사)부산축제조직위원회,04. 지자체 위원회,부산광역시 축제의 육성 및 지원에 관한 조례 ,부산광역시청,관광정책과,주무관,최정윤,051-888-5224,
70,02. 부산,-,2026 부산국제록페스티벌,01. 문화예술,삼락생태공원,02. 녹지형,02. 부산,사상구,-,2026,10,2,2026,10,4,3,,01. 매년,2000,"9,040",40,730,"8,270",문화체육관광부,"70,000","67,200","2,800",01. 계측,티켓판매,(사)부산축제조직위원회,04. 지자체 위원회,부산광역시 축제의 육성 및 지원에 관한 조례 ,부산광역시청,관광정책과,주무관,권이슬,051-888-5221,
71,02. 부산,-,제11회 부산원도심활성화축제,01. 문화예술,원도심 일원,05. 기타,02. 부산,"중구, 동구, 서구, 영도구",-,2026,5,22,2026,5,24,3,,01. 매년,2016,172,0,150,22,해당없음,"14,240","14,240",모름,01. 계측,유인,(사)부산축제조직위원회,04. 지자체 위원회,부산광역시 축제의 육성 및 지원에 관한 조례 ,부산광역시청,관광정책과,주무관,권이슬,051-888-5221,
72,02. 부산,-,2026 부산밀페스티벌,01. 문화예술,화명생태공원,02. 녹지형,02. 부산,북구,-,2026,4,25,2026,4,26,2,,01. 매년,2024,500,0,400,100,해당없음,"33,000","33,000",모름,01. 계측,유인,(사)부산축제조직위원회,04. 지자체 위원회,부산광역시 축제의 육성 및 지원에 관한 조례 ,부산광역시청,관광정책과,주무관,김태우,051-888-5222,
73,02. 부산,-,부산 시민의종 타종행사,01. 문화예술,용두산공원,02. 녹지형,02. 부산,중구,-,2026,12,31,2027,1,1,2,,01. 매년,2000,73,0,73,0,해당없음,"8,000","8,000",모름,01. 계측,유인,(사)부산축제조직위원회,04. 지자체 위원회,부산광역시 축제의 육성 및 지원에 관한 조례 ,부산광역시청,관광정책과,주무관,최정윤,051-888-5224,
74,02. 부산,-,제19회 부산항축제,03. 주민화합,북항 및 해양박물관 등,03. 수변형,02. 부산,"동구, 영도구",-,2026,6,20,2026,6,21,2,,01. 매년,2008,900,0,600,300,해당없음,"85,000","80,600","4,400",01. 계측,유인,(사)부산축제조직위원회,04. 지자체 위원회,부산광역시 축제의 육성 및 지원에 관한 조례 ,부산광역시청,관광정책과,주무관,이태훈,051-888-5291,
75,02. 부산,-,2026년 조선통신사 축제,04. 전통역사,미정(협의중),06. 미정,02. 부산,-,-,2026,4,24,2026,4,26,3,,01. 매년,2003,320,0,320,0,해당없음,"40,000","30,000","10,000",99. 무응답,기타,(재)부산문화재단,02. 재단(관광/문화/예술),부산문화재단 설립 및 운영 지원 조례,부산광역시청,문화유산과,주무관,김종성,051-888-5096,
76,02. 부산,-,2026 제11회 피란수도 부산 국가유산 야행,04. 전통역사,영도다리 등 피란유산 전역,02. 녹지형,02. 부산,중구,-,2026,8,14,2026,8,15,2,,01. 매년,2016,583,233,350,0,국가유산청,"40,000","40,000",모름,99. 무응답,기타,부산광역시,01. 정부/지자체,,부산광역시청,문화유산과,주무관,김지은,051-888-5092,
77,02. 부산,-,2026 부산종합민속예술제,04. 전통역사,부산시민공원 다솜광장,02. 녹지형,02. 부산,부산진구,-,2026,10,24,2026,10,25,2,,01. 매년,2021,280,0,280,0,해당없음,"30,000","30,000",모름,99. 무응답,기타,부산광역시,01. 정부/지자체,,부산광역시청,문화유산과,주무관,김윤정,051-888-5062,
78,02. 부산,-,제25회 부산과학축전,02. 자연생태,벡스코,04. 독립형,02. 부산,해운대구,우동,2026,4,11,2026,4,12,2,,01. 매년,2002,295,130,150,15,과학기술정보통신부,"70,000","70,000",모름,99. 무응답,기타,(사)부산과학기술협의회,05. 민간 협/단체,"민법 제32조, 과기정통부 소관 비영리법인의 설립 및 감독에 관한 규칙",부산광역시청,연구개발과,주무관,채은솔,051-888-7724,
79,02. 부산,-,2026년 부산 가든쇼,01. 문화예술,삼락생태공원,02. 녹지형,02. 부산,사상구,삼락동,2026,10,22,2026,10,25,4,,01. 매년,2025,"1,000",500,500,0,산림청,"10,000","10,000",모름,01. 계측,유인,해당없음,01. 정부/지자체,,부산광역시청,공원도시과,주무관,전성민,051-888-5371,
80,02. 부산,중구,2026년 광복로 연등문화제,01. 문화예술,광복로 일원,01. 마을형,02. 부산,중구,광복동,2026,4,,2026,5,,,미정,01. 매년,2014,63,0,50,13,해당없음,"1,500","1,500",모름,99. 무응답,기타,(사)부산시중구불교연합회,05. 민간 협/단체,부산광역시 중구 축제의 지원 및 운영에 관한 조례,부산광역시 중구청,문화관광과,주무관,이지영,051-600-4065,
81,02. 부산,중구,유라리건맥축제,05. 지역특산물,유라리광장 일원,02. 녹지형,02. 부산,중구,남포동,2026,9,,2026,9,,2,미정,01. 매년,2023,93,0,93,0,해당없음,"12,516","12,516",모름,02. 추정,시간대별 무작위 10분 방문객수*6,부산광역시 중구,01. 정부/지자체,부산광역시 중구 축제의 지원 및 운영에 관한 조례,부산광역시 중구청,문화관광과,주무관,정미지,051-600-4085,
82,02. 부산,중구,제33회 부산자갈치축제,05. 지역특산물,자갈치시장 일원,01. 마을형,02. 부산,중구,남포동,2026,10,15,2026,10,18,4,,01. 매년,1992,340,0,310,30,해당없음,"195,846","195,846",모름,02. 추정,시간대별 무작위 10분 방문객수*6,(사)부산자갈치문화관광축제위원회,04. 지자체 위원회,부산광역시 중구 축제의 지원 및 운영에 관한 조례,부산광역시 중구청,문화관광과,주무관,길나혜,051-600-4081,
83,02. 부산,중구,광복로 겨울빛 트리축제,01. 문화예술,광복로 일원,05. 기타,02. 부산,중구,광복동,2026,12,,2027,2,,73,미정,01. 매년,2009,950,0,950,0,해당없음,"3,105,529","3,105,529",모름,02. 추정,(시간대별 무작위 10분 방문객수*6)*운영시간*일수*주요 지점 수,부산광역시 중구,01. 정부/지자체,부산광역시 중구 축제의 지원 및 운영에 관한 조례,부산광역시 중구청,문화관광과,주무관,정미지,051-600-4085,
84,02. 부산,서구,제17회 부산고등어축제,05. 지역특산물,송도해수욕장,03. 수변형,02. 부산,서구,암남동,2026,10,,2026,10,,3,미정,01. 매년,2008,209,0,170,39,해당없음,"253,131","253,131",모름,01. 계측,유인,부산서구문화원,02. 재단(관광/문화/예술),부산광역시 서구 문화원 지원 및 육성에 관한 조례,부산광역시 서구청,문화관광과,주무관,서안미,051-240-4062,
85,02. 부산,서구,부산 서구 의료관광축제,01. 문화예술,송도오션파크,03. 수변형,02. 부산,서구,암남동,2026,11,,2026,11,,2,미정,01. 매년,2022,150,0,150,0,해당없음,"18,000","18,000",모름,01. 계측,유인,부산광역시 서구,01. 정부/지자체,부산광역시 서구 의료관광 활성화에 관한 조례,부산광역시 서구청,기획감사실,주무관,이선희,051-240-4017,
86,02. 부산,동구,제2회 북항 해양레저 페스타,02. 자연생태,북항 경관수로 및 친수공원 일원,02. 녹지형,02. 부산,동구,초량동,2026,7,31,2026,8,2,3,,01. 매년,2025,미확정,0,미확정,0,해당없음,"1,000","1,000",모름,99. 무응답,기타,부산광역시 동구,01. 정부/지자체,부산광역시 동구 관광진흥 조례 / 부산광역시 동구 해양레저 육성 및 해양관광 진흥 조례,부산광역시 동구청,문화관광과,주무관,백지수,051-440-4812,
87,02. 부산,동구,제23회 부산차이나타운 문화축제,01. 문화예술,"부산역, 초량 차이나타운 일원",05. 기타,02. 부산,동구,초량동,2026,10,16,2026,10,18,3,,01. 매년,2004,255,0,225,30,해당없음,"40,000","30,000","10,000",99. 무응답,기타,차이나타운축제추진위원회,04. 지자체 위원회,부산광역시 동구 축제운영에 관한 조례,부산광역시 동구청,문화관광과,주무관,전성환,051-440-4062,
88,02. 부산,동구,제4회 웹툰이바구길축제,01. 문화예술,"웹툰이바구길 일원, 동구 문화플랫폼 등",02. 녹지형,02. 부산,동구,범일동 등,2026,10,24,2026,10,31,8,,01. 매년,2023,미확정,0,미확정,0,해당없음,"2,000","2,000",모름,99. 무응답,기타,부산광역시 동구,01. 정부/지자체,부산광역시 동구 관광진흥 조례,부산광역시 동구청,문화관광과,주무관,김명준,051-440-4814,
89,02. 부산,영도구,제34회 영도다리축제,01. 문화예술,아미르공원 일원,02. 녹지형,02. 부산,영도구,동삼동,2026,10,30,2026,11,1,3,,01. 매년,1993,271,0,245,26,해당없음,"140,000","140,000",모름,99. 무응답,기타,부산광역시 영도구/영도문화원,01. 정부/지자체,부산광역시 영도구 영도문화원 지원 조례,부산광역시 영도구청,문화관광과,주무관,조경주,051-419-4062,
90,02. 부산,영도구,2026 글로벌 영도커피페스티벌,01. 문화예술,아미르공원 일원,02. 녹지형,02. 부산,영도구,동삼동,2026,5,15,2026,5,17,3,,01. 매년,2019,280,0,280,0,해당없음,"120,000","120,000",모름,99. 무응답,기타,부산광역시 영도구,01. 정부/지자체,-,부산광역시 영도구청,경제산업과,주무관,이지영,051-419-4475,
91,02. 부산,영도구,제15회 수국꽃 문화축제,02. 자연생태,태종대 일원,03. 수변형,02. 부산,영도구,동삼동,2026,6,27,2026,7,5,9,,01. 매년,2006,50,0,20,30,해당없음,"34,750","34,750",모름,01. 계측,무인,부산광역시 영도구/대한불교조계종 태종사/부산시설공단,01. 정부/지자체,-,부산광역시 영도구청,문화관광과,주무관,조준원,051-419-4065,
92,02. 부산,부산진구,서면 빛 축제,01. 문화예술,서면1번가 일원,01. 마을형,02. 부산,부산진구,부전동,2026,10,,2027,1,,,미정,01. 매년,2020,600,0,600,0,해당없음,미집계,미집계,미집계,03. 미집계,공공와이파이,부산광역시 부산진구,01. 정부/지자체,부산광역시 부산진구 축제 육성 및 지원에 관한 조례,부산광역시 부산진구청,경제관광과,주무관,정재훈,051-605-4524,
93,02. 부산,부산진구,전포커피축제,01. 문화예술,전포카페거리 일원,01. 마을형,02. 부산,부산진구,전포동,2026,10,,2026,10,,2,미정,01. 매년,2017,80,0,80,0,해당없음,"76,200","76,200",0,02. 추정,공공와이파이,"부산진구/ 전포카페거리,전포공구길, 전포사잇길 상인회",01. 정부/지자체,부산광역시 부산진구 축제 육성 및 지원에 관한 조례,부산광역시 부산진구청,경제관광과,주무관,지은미,051-605-4522,방문자 수 재작년
94,02. 부산,부산진구,서면메디컬스트리트축제,01. 문화예술,서면메디컬스트리트 일원,04. 독립형,02. 부산,부산진구,부전동,2026,10,,2026,10,,2,미정,01. 매년,2011,102,0,75,27,해당없음,"5,000","5,000",모름,02. 추정,통신 데이터,부산진구/(사)서면메디컬스트리트 의료관광협의회           ,01. 정부/지자체,부산광역시 부산진구 축제 육성 및 지원에 관한 조례,부산광역시 부산진구청,경제관광과,주무관,신혜숙,051-605-4521,
95,02. 부산,부산진구,비어로드 페스티벌,01. 문화예술,"서면, 전포 일원",05. 기타,02. 부산,부산진구,전포동,2026,7,,2026,7,,2,미정,01. 매년,2024,45,0,45,0,해당없음,"4,000","4,000",모름,01. 계측,티켓판매,부산광역시 부산진구,01. 정부/지자체,부산광역시 부산진구 축제 육성 및 지원에 관한 조례,부산광역시 부산진구청,경제관광과,주무관,이인정,051-605-4526,
96,02. 부산,동래구,제32회 동래읍성역사축제,04. 전통역사,"동래문화회관, 읍성광장, 명륜1번가, 온천천카페거리 등",02. 녹지형,02. 부산,동래구,-,2026,10,16,2026,10,18,3,,01. 매년,1995,"1,006",40,966,0,문화체육관광부,"192,381","192,381",모름,02. 추정,통신 데이터,동래문화원,02. 재단(관광/문화/예술),지방문화원진흥법,부산광역시 동래구청,문화관광과,주무관,문대혁,051-550-4092,
97,02. 부산,동래구,제4회 온천천 빛축제,01. 문화예술,동래구 온천천 일원,03. 수변형,02. 부산,동래구,-,2026,12,18,2027,1,31,45,,01. 매년,2023,350,0,350,0,해당없음,"341,728","341,728",모름,01. 계측,유인,부산광역시 동래구,01. 정부/지자체,,부산광역시 동래구청,하천관리과,주무관,최원영,051-550-6642,
98,02. 부산,동래구,동래 문화교육 특구페스티벌,01. 문화예술,"동래문화회관, 동래읍성광장 등",02. 녹지형,02. 부산,동래구,-,2026,6,12,2026,6,13,2,,01. 매년,2018,90,0,90,0,해당없음,"18,000","18,000",모름,01. 계측,유인,부산광역시 동래구,01. 정부/지자체,부산광역시동래구 문화교육특구 운영에 관한 조례,부산광역시 동래구청,평생교육과,주무관,강선희,051-550-4472,
99,02. 부산,남구,제28회 UN평화축제,01. 문화예술,평화공원 일원,02. 녹지형,02. 부산,남구,-,2026,10,,2026,10,,3,미정,01. 매년,1997,417,0,417,0,해당없음,"70,000","70,000",모름,02. 추정,통신 데이터,부산남구문화재단,02. 재단(관광/문화/예술),부산광역시 남구 문화재단 설립 및 운영에 관한 조례,부산광역시 남구청,문화관광과,주무관,한미경,051-607-5624,
100,02. 부산,남구,제4회 유엔남구 물놀이축제,01. 문화예술,용호별빛공원 일원,02. 녹지형,02. 부산,남구,-,2026,7,25,2026,8,3,10,,01. 매년,2023,297,0,297,0,해당없음,"24,462","24,462",모름,01. 계측,무인,부산광역시 남구,01. 정부/지자체,,부산광역시 남구청,문화관광과,주무관,김가영,051-607-5612,
101,02. 부산,북구,제13회 낙동강 구포나루 축제,01. 문화예술,화명생태공원 연꽃단지 일대,02. 녹지형,02. 부산,북구,-,2026,10,,2026,10,,3,미정,01. 매년,2011,500,0,500,0,해당없음,"230,000","230,000",모름,01. 계측,무인,부산 북구,01. 정부/지자체,문화예술진흥법 제7조,부산광역시  북구청,문화관광과,주무관,박상희,051-309-4522,
102,02. 부산,해운대구,제41회 해운대 달맞이온천축제,04. 전통역사,해운대해수욕장 일원 ,03. 수변형,02. 부산,해운대구,-,2026,3,1,2026,3,3,3,,01. 매년,1983,75,0,12,63,해당없음,"30,000","30,000",모름,99. 무응답,기타,부산광역시 해운대구,01. 정부/지자체,부산광역시 해운대구 축제의 육성 및 지원에 관한 조례,부산광역시 해운대구청,문화관광과,주무관,이성형,051-749-4062,
103,02. 부산,해운대구,제21회 해운대모래축제,02. 자연생태,해운대해수욕장 일원 ,03. 수변형,02. 부산,해운대구,-,2026,5,8,2026,5,11,4,,01. 매년,2005,824,0,824,0,해당없음,"1,009,910","1,009,910",모름,02. 추정,통신 데이터,부산광역시 해운대구,01. 정부/지자체,부산광역시 해운대구 축제의 육성 및 지원에 관한 조례,부산광역시 해운대구청,문화관광과,주무관,박진선,051-749-4064,
104,02. 부산,해운대구,제8회 해운대 해양레저축제,01. 문화예술,송정해수욕장 일원,03. 수변형,02. 부산,해운대구,-,2026,9,,2026,9,,2,미정,01. 매년,2017,40,0,40,0,해당없음,"2,000","2,000",모름,99. 무응답,기타,부산광역시 해운대구,01. 정부/지자체,지역특구법 제20조1항,부산광역시 해운대구청,해양진흥과,주무관,장현영,051-749-5062,
105,02. 부산,해운대구,제13회 해운대 빛축제,01. 문화예술,해운대해수욕장 일원 ,03. 수변형,02. 부산,해운대구,-,2026,12,,2026,2,,,미정,01. 매년,2014,미확정,0,미확정,0,해당없음,"3,694,744","3,694,744",모름,02. 추정,통신 데이터,부산광역시 해운대구,01. 정부/지자체,부산광역시 해운대구 축제의 육성 및 지원에 관한 조례,부산광역시 해운대구청,문화관광과,주무관,이성형,051-749-4062,
106,02. 부산,해운대구,제2회 세계문화축제,01. 문화예술,해운대구 구남로 ,05. 기타,02. 부산,해운대구,-,2026,10,24,2026,10,25,2,,01. 매년,2025,35,0,35,0,해당없음,"5,000",모름,모름,99. 무응답,기타,해운대구다문화가족지원센터,01. 정부/지자체,다문화가족지원법,부산광역시 해운대구청,홍보협력과,주무관,손민우,051-749-4331,
107,02. 부산,사하구,제16회 감천문화마을골목축제,01. 문화예술,감천문화마을 일원,01. 마을형,02. 부산,사하구,-,2026,10,,2026,10,,2,미정,01. 매년,2011,30,0,미확정,30,해당없음,"39,000","7,800","31,200",01. 계측,무인,사하구,01. 정부/지자체,"부산광역시 사하구 감천문화마을 조성 및 
운영 지원 등에 관한 조례",부산광역시 사하구청,관광진흥과,주무관,장현진,051-220-0054,
108,02. 부산,사하구,다대포 어항문화축제,04. 전통역사,다대포항 위판장 일원,03. 수변형,02. 부산,사하구,다대동,2026,10,,2026,10,,2,미정,01. 매년,2000,110,0,60,50,해당없음,"10,000","10,000",모름,99. 무응답,기타,다대포어항문화축제추진위원회,04. 지자체 위원회,부산광역시 사하구 어업·어촌 지원에 관한 조례,부산광역시 사하구청,해양수산과,주무관,김재영,051-220-0124,
109,02. 부산,사하구,제4회 다대포 선셋 영화축제,01. 문화예술,다대포해수욕장 일원,03. 수변형,02. 부산,사하구,-,2026,7,,2026,7,,3,미정,01. 매년,2022,650,0,650,0,해당없음,"75,353","75,353",모름,01. 계측,무인,사하구,01. 정부/지자체,부산광역시 사하구 문화예술 활동 지원 조례,부산광역시 사하구청,문화예술과,주무관,이성호,051-220-4062,
110,02. 부산,사하구,장림항 부네치아 아트프리마켓,01. 문화예술,장림항 일원,03. 수변형,02. 부산,사하구,-,2026,10,,2026,10,,2,미정,01. 매년,2023,미확정,0,미확정,미확정,해당없음,"29,000","29,000",모름,01. 계측,무인,사하구,01. 정부/지자체,해당없음,부산광역시 사하구청,문화예술과,주무관,강민주,051-220-4064,
111,02. 부산,사하구,사하예술제,01. 문화예술,다대포해변공원 일원,02. 녹지형,02. 부산,사하구,-,2026,10,,2026,11,,2,미정,01. 매년,2013,미확정,0,미확정,0,해당없음,"2,500","2,500",모름,99. 무응답,기타,사하구,01. 정부/지자체,해당없음,부산광역시 사하구청,문화예술과,주무관,조현국,051-220-4065,
112,02. 부산,금정구,부산국제공연예술제,01. 문화예술,금정구 온천천 및 부산대학로 일원,03. 수변형,02. 부산,금정구,장전동,2026,9,18,2026,9,20,3,,01. 매년,2007,150,0,150,0,해당없음,"32,719","32,719",모름,01. 계측,유인,(재)금정문화재단,02. 재단(관광/문화/예술),금정구 금정문화재단 설립 및 운영에 관한 조례,부산광역시 금정구청,문화관광과,주무관,김동환,051-519-4066,
113,02. 부산,금정구,2026 금정산성축제,04. 전통역사,"금정산성광장 및 금정산성, 금성동 일원",02. 녹지형,02. 부산,금정구,-,2026,10,,2026,10,,3,미정,01. 매년,1996,450,0,450,0,해당없음,"33,500","33,500",모름,01. 계측,유인,(재)금정문화재단,02. 재단(관광/문화/예술),금정구 금정문화재단 설립 및 운영에 관한 조례,부산광역시 금정구청,문화관광과,주무관,김한나,051-519-4062,
114,02. 부산,금정구,라라라 페스티벌,01. 문화예술,부산대 지하철역 아래 온천천 일원,03. 수변형,02. 부산,금정구,장전동,2026,10,,2026,10,,3,미정,01. 매년,2016,160,0,160,0,해당없음,"110,000","110,000",모름,01. 계측,유인,부산광역시 금정구,01. 정부/지자체,부산광역시 금정구 축제위원회 육성 및 지원에 관한 조례,부산광역시 금정구청,환경위생과,주무관,김태균,051-519-4422,
115,02. 부산,연제구,제7회 연제고분판타지축제,04. 전통역사,온천천시민공원 일원,02. 녹지형,02. 부산,연제구,-,2026,4,3,2026,4,5,3,,01. 매년,2018,420,0,420,0,해당없음,"100,000",모름,모름,99. 무응답,기타,부산 연제구,01. 정부/지자체,부산광역시 연제구 축제추진위원회 육성 및 지원 조례,부산광역시 연제구청,문화체육과,주무관,남주은,051-665-4065,
116,02. 부산,강서구,대저토마토축제,05. 지역특산물,강서체육공원 일원,02. 녹지형,02. 부산,강서구,-,2026,3,21,2026,3,22,2,,01. 매년,2001,450,0,200,250,해당없음,"30,000","30,000",모름,99. 무응답,기타,대저토마토축제 추진위원회,04. 지자체 위원회,부산광역시 강서구 축제 지원조례,강서구청,농산과,주무관,최서정,051-970-4812,
117,02. 부산,강서구,강서 낙동강30리 벚꽃축제,02. 자연생태,대저생태공원 일원,02. 녹지형,02. 부산,강서구,-,2026,4,3,2026,4,5,3,,01. 매년,2015,355,0,350,5,해당없음,"90,000","90,000",모름,99. 무응답,기타,강서구축제추진위원회,04. 지자체 위원회,부산광역시 강서구 축제 지원조례,강서구청,관광전략추진단,주무관,설해미,051-970-2652,
118,02. 부산,강서구,명지시장전어축제추진위원회,05. 지역특산물,명지시장 일원,01. 마을형,02. 부산,강서구,-,2026,8,26,2026,8,28,3,,01. 매년,2001,40,0,40,0,해당없음,"20,000","20,000",모름,99. 무응답,기타,명지시장전어축제추진위원회,04. 지자체 위원회,부산광역시 강서구 축제 지원조례,강서구청,경제진흥과,주무관,김현국,051-970-4472,
119,02. 부산,수영구,제24회 광안리어방축제,04. 전통역사,"광안리해변, 수영사적공원",02. 녹지형,02. 부산,수영구,-,2026,6,12,2026,6,14,3,,01. 매년,2001,"1,527",40,"1,487",0,문화체육관광부,"174,253","168,892","5,361",02. 추정,통신 데이터,수영구축제위원회,04. 지자체 위원회,부산광역시 수영구 축제 육성 및 운영 지원에 관한 조례,부산광역시 수영구청,문화예술과,주무관,이조하,051-610-4212,
120,02. 부산,수영구,Fall in Gwangalli,01. 문화예술,광안리해변,03. 수변형,02. 부산,수영구,-,2026,10,8,2026,10,10,3,,01. 매년,2025,400,200,200,0,문화체육관광부,"100,000","100,000",모름,02. 추정,통신 데이터,수영구 문화예술과,01. 정부/지자체,-,부산광역시 수영구청,문화예술과,주무관,오택용,051-610-4512,
121,02. 부산,사상구,제23회 사상강변축제,01. 문화예술,삼락생태공원 문화마당 일원,02. 녹지형,02. 부산,사상구,-,2026,10,17,2026,10,18,2,,01. 매년,2001,360,0,340,20,해당없음,"70,000","69,000","1,000",99. 무응답,기타,사상문화원,02. 재단(관광/문화/예술),"지방문화원진흥법, 부산광역시 사상구 사상문화원 지원조례",부산광역시 사상구청,문화체육과,주무관,이정화,051-310-4062,
122,02. 부산,사상구,2026년 낙동강정원 벚꽃축제,01. 문화예술,삼락생태공원 낙동제방 벚꽃길 일원,02. 녹지형,02. 부산,사상구,-,2026,4,3,2026,4,12,10,,01. 매년,2009,75,0,75,0,해당없음,"150,000","140,000","10,000",99. 무응답,기타,사상문화원,02. 재단(관광/문화/예술),"지방문화원진흥법, 부산광역시 사상구 사상문화원 지원조례",부산광역시 사상구청,문화체육과,주무관,이정화,051-310-4062,
123,02. 부산,기장군,기장웰니스관광축제(가칭),01. 문화예술,임랑해수욕장 및 장안읍 일원,03. 수변형,02. 부산,기장군,장안읍,2026,10,9,2026,10,10,2,,04. 최초,2026,200,0,200,0,해당없음,최초 개최,최초 개최,최초 개최,04. 기타,최초 개최,부산광역시 기장군,01. 정부/지자체,부산광역시 기장군 웰니스 관광 육성 및 지원 조례 5조4,부산광역시 기장군청,문화관광과,주무관,허지원,051-709-3976,
124,02. 부산,기장군,일광바다축제(갯마을&낭만가요제),01. 문화예술,일광해수욕장 일원,03. 수변형,02. 부산,기장군,일광읍,2026,7,31,2026,8,2,3,,04. 최초,2026,106,0,106,0,해당없음,최초 개최,최초 개최,최초 개최,04. 기타,최초 개최,일광바다축제추진위원회,04. 지자체 위원회,부산광역시 기장군 축제 운영 및 지원에 관한 조례,부산광역시 기장군청,문화관광과,주무관,한동엽,051-709-4064,
125,02. 부산,기장군,제12회 정관생태하천학습문화축제,01. 문화예술,"정관읍 좌광천 일원 
중앙공원, 윗골공원 
구목적공원",02. 녹지형,02. 부산,기장군,정관읍,2026,10,16,2026,10,18,3,,01. 매년,2012,230,0,230,0,해당없음,"30,000","30,000",모름,99. 무응답,,정관생태하천학습문화축제추진위원회,04. 지자체 위원회,부산광역시 기장군 축제 운영 및 지원에 관한 조례,부산광역시 기장군청,문화관광과,주무관,조혜영,051-709-4062,
126,02. 부산,기장군,기장미역다시마축제,05. 지역특산물,이동항 일원,03. 수변형,02. 부산,기장군,일광읍,2026,4,,2026,4,,3,미정,01. 매년,2010,72,0,72,0,해당없음,"8,700","8,700",모름,99. 무응답,,기장미역다시마축제추진위원회,04. 지자체 위원회,부산광역시 기장군 축제 운영 및 지원에 관한 조례,부산광역시 기장군청,수산자원연구센터,주무관,정모경,051-709-2414,
127,02. 부산,기장군,제30회 기장멸치축제,05. 지역특산물,대변항 일원,03. 수변형,02. 부산,기장군,기장읍,2026,4,24,2026,4,26,3,,01. 매년,1997,250,0,150,100,해당없음,"400,000","400,000",모름,99. 무응답,기타,기장멸치축제추진위원회,04. 지자체 위원회,부산광역시 기장군 축제 운영 및 지원에 관한 조례,부산광역시 기장군청,해양수산과,주무관,장은지,051-709-4505,
128,02. 부산,기장군,제20회 기장붕장어축제,05. 지역특산물,칠암항 일원,03. 수변형,02. 부산,기장군,일광읍,2026,10,,2026,10,,,미정,01. 매년,2004,90,0,80,10,해당없음,미집계,미집계,미집계,03. 미집계,,기장붕장어축제추진위원회,04. 지자체 위원회,부산광역시 기장군 축제 운영 및 지원에 관한 조례,부산광역시 기장군청,해양수산과,주무관,강대길,051-709-4612,
129,02. 부산,기장군,제16회 철마한우불고기축제,05. 지역특산물,철마도시농업공원(개좌로 797-23번지)일원,02. 녹지형,02. 부산,기장군,철마면,2026,10,22,2026,10,26,5,,01. 매년,2005,290,0,198,92,해당없음,"200,000","200,000",모름,02. 추정,프로그램 참여 및 고기 구입 내역,철마한우불고기축제 추진위원회,04. 지자체 위원회,부산광역시 기장군 축제 운영 및 지원에 관한 조례,부산광역시 기장군청,농업정책과,주무관,왕은철,051-709-2892,
130,03. 대구,-,대구생활문화제,01. 문화예술,국채보상기념공원,02. 녹지형,03. 대구,중구,-,2026,10,,2026,10,,2,미정,01. 매년,2014,78,0,78,0,해당없음,"8,000","8,000",모름,99. 무응답,기타,대구문화예술진흥원,02. 재단(관광/문화/예술),재단법인 대구문화예술진흥원 설립 및 운영 조례,대구시청,문화예술정책과,주무관,문대겸,053-803-3738,
131,03. 대구,-,제20회 대구국제뮤지컬페스티벌,01. 문화예술,대구시 일원,05. 기타,03. 대구,-,-,2026,6,19,2026,7,6,18,,01. 매년,2007,"3,800","1,700","1,700",400,문화체육관광부,"139,945","139,945",모름,01. 계측,무인,(사)대구국제뮤지컬페스티벌,05. 민간 협/단체,문화체육관광부 및 문화재청 소관 비영리법인의 설립 및 감독에 관한 규칙,대구시청,문화콘텐츠과,주무관,안윤정,053-803-3791,
132,03. 대구,-,제23회 대구국제오페라축제,01. 문화예술,대구시 일원,05. 기타,03. 대구,-,-,2026,10,2,2026,10,31,30,,01. 매년,2013,"1,860",360,"1,500",0,문화체육관광부,"23,035","21,832","1,203",01. 계측,티켓판매,대구문화예술진흥원,03. 기타 공공,(재)대구문화예술진흥원 설립 및 운영에 관한 조례,대구시청,문화콘텐츠과,주무관,임현정,053-803-3792,
133,03. 대구,-,형형색색 달구벌 관등놀이,04. 전통역사,"대구전역
(달구벌점등식, 연등회 및 연등행렬)",02. 녹지형,03. 대구,-,-,2026,5,,2026,5,,,미정,01. 매년,2013,322,0,322,0,해당없음,"5,000",모름,모름,01. 계측,무인,대구불교총연합회,05. 민간 협/단체,"문화예술진흥법 제3조, 제39조 등",대구시청,문화유산과,주무관,강철규,053-803-3755,
134,03. 대구,-,제16회 팔공산 산중전통장터 승시 축제,04. 전통역사,동화사 일원,04. 독립형,03. 대구,동구,도학동,2026,10,,2026,10,,3,미정,01. 매년,2010,516,0,430,86,해당없음,"45,118","45,118",모름,01. 계측,무인,대한불교조계종,05. 민간 협/단체,,대구시청,관광과,주무관,유소영,053-803-6513,
135,03. 대구,-,2026 대구치맥페스티벌,05. 지역특산물,두류공원 일원,02. 녹지형,03. 대구,달서구,두류3동,2026,7,1,2026,7,5,5,,01. 매년,2013,"2,380",40,"1,340","1,000",문화체육관광부,"745,000","745,000",0,02. 추정,통신 데이터,(사)한국치맥산업협회,05. 민간 협/단체,"민법 제32조, 농림수산식품부장관 및 그 소속청장 소관 비영리법인의 설립 및 감독에 관한 규칙",대구시청,농산유통과,주무관,정명화,053-803-3462,
136,03. 대구,-,제48회 대구약령시 한방문화축제,04. 전통역사,중구 약령시 일원,05. 기타,03. 대구,중구,장관동,2026,5,7,2026,5,10,4,,01. 매년,1978,359,0,339,20,해당없음,"100,602","100,602",0,99. 무응답,기타,(사)약령시보존위원회,04. 지자체 위원회,"민법 제32조, 대구광역시 한의약박물관 관리 및 운영조례",대구시청,의료산업과,주무관,전범기,053-803-6455,
137,03. 대구,중구,제2회 동성로 타임워프 페스타,01. 문화예술,동성로 일원,05. 기타,03. 대구,중구,성내1동,2026,9,18,2026,9,19,2,,01. 매년,2025,200,0,200,0,해당없음,"57,015",모름,모름,99. 무응답,기타,대구광역시 동구,01. 정부/지자체,,중구청,관광과,주무관,이시온,053-661-2193,
138,03. 대구,중구,대구국가유산야행 ,01. 문화예술,청라언덕 일원 ,02. 녹지형,03. 대구,중구,-,2026,10,,2026,10,,2,미정,01. 매년,2016,200,80,120,0,국가유산청 ,"19,829","19,829",모름,99. 무응답,기타,대구광역시 동구,01. 정부/지자체,,중구청,관광과,주무관,이태현,053-661-2194,
139,03. 대구,중구,제37회 동성로축제,01. 문화예술,동성로 일원,05. 기타,03. 대구,중구,성내1동,2026,5,8,2026,5,10,3,,01. 매년,1990,80,0,40,40,해당없음,"76,000","76,000",모름,99. 무응답,기타,(사)달성문화선양회,05. 민간 협/단체,,중구청,문화교육과,주무관,김혜지,053-661-2174,
140,03. 대구,중구,제13회 방천아트페스티벌,01. 문화예술,방천시장 및 김광석다시그리기길 일원,01. 마을형,03. 대구,중구,대봉1동,2026,9,,2026,9,,2,미정,01. 매년,2014,22,0,20,2,해당없음,"3,500","3,500",모름,99. 무응답,기타,방천문화예술협회,05. 민간 협/단체,,중구청,문화교육과,주무관,우상범,053-661-2177,
141,03. 대구,중구,제21회 대구패션주얼리위크,01. 문화예술,대구패션주얼리특구 일원(동성로~교동 일원),05. 기타,03. 대구,중구,-,2026,10,,2026,10,,2,미정,01. 매년,2006,20,0,15,5,해당없음,"1,200","1,000",200,99. 무응답,기타,대구패션주얼리특구상인회,05. 민간 협/단체,전통시장 및 상점가 육성을 위한 특별법,중구청,경제과,주무관,정지수,053-661-2647,
142,03. 대구,중구,서문시장글로벌대축제,04. 전통역사,서문시장 일대,01. 마을형,03. 대구,중구,대신동,2026,10,,2026,10,,3,미정,01. 매년,1997,35,0,30,5,해당없음,"6,000","5,000","1,000",99. 무응답,기타,대구 서문시장 연합회,05. 민간 협/단체,전통시장 및 상점가 육성을 위한 특별법,중구청,경제과,주무관,전병주,053-661-2675,
143,03. 대구,중구,교동시장한마음축제,04. 전통역사,교동시장 일대,01. 마을형,03. 대구,중구,성내1동,2026,10,,2026,10,,2,미정,01. 매년,2011,12,0,10,2,해당없음,"1,200","1,000",200,99. 무응답,기타,교동시장활성화구역상인회,05. 민간 협/단체,전통시장 및 상점가 육성을 위한 특별법,중구청,경제과,주무관,전병주,053-661-2675,
144,03. 대구,동구,2026년 제15회 팔공산 벚꽃축제,02. 자연생태,팔공산 동화지구 분수대 광장 일원,02. 녹지형,03. 대구,동구,용수동,2026,4,1,2026,4,5,5,,01. 매년,2009,45,0,35,10,해당없음,"5,000","5,000",모름,99. 무응답,기타,팔공산동화지구번영회,05. 민간 협/단체,대구광역시 동구 축제 운영에 관한 조례,동구청,문화관광과,주무관,손동식,053-662-4073,
145,03. 대구,동구,2026년 동구 여름축제 '두두썸동',02. 자연생태,금호강 둔치 일원(미정),03. 수변형,03. 대구,동구,-,2026,8,,2026,8,,,미정,01. 매년,2025,350,0,350,0,해당없음,"20,000","20,000",모름,99. 무응답,기타,대구광역시 동구,01. 정부/지자체,대구광역시 동구 축제 운영에 관한 조례,동구청,문화관광과,주무관,최예원,053-662-4072,
146,03. 대구,동구,2026년 제25회 팔공산 단풍축제,02. 자연생태,팔공산 갓바위 시설지구 일원,02. 녹지형,03. 대구,동구,진인동,2026,10,30,2026,11,1,3,,01. 매년,1999,40,0,35,5,해당없음,"4,000","4,000",모름,99. 무응답,기타,팔공산갓바위상가번영회,05. 민간 협/단체,대구광역시 동구 축제 운영에 관한 조례,동구청,문화관광과,주무관,손동식,053-662-4073,
147,03. 대구,서구,달구벌목민관 부임마을축제,04. 전통역사,"북비산네거리, 구민운동장 일대",01. 마을형,03. 대구,서구,-,2026,10,17,2026,10,18,2,,01. 매년,2015,40,0,40,0,해당없음,"1,000",950,50,01. 계측,유인,대구광역시 서구,01. 정부/지자체,,서구청,문화홍보과,주무관,권중원,053-663-2184,
148,03. 대구,남구,제31회 대덕제 「2026대구앞산축제」,01. 문화예술,남구구민체육광장 일원,02. 녹지형,03. 대구,남구,-,2026,,,2026,,,2,미정,01. 매년,1987,580,0,580,0,해당없음,"60,000","60,000",모름,99. 무응답,기타,대구광역시 남구,01. 정부/지자체,,남구청,문화관광과,주무관,김지혜,053-664-3263,
149,03. 대구,남구,2026 앞산 크리스마스축제,01. 문화예술,앞산빨래터공원 일원,02. 녹지형,03. 대구,남구,-,2026,,,2026,,,2,미정,01. 매년,2023,200,0,200,0,해당없음,"100,000","100,000",모름,99. 무응답,기타,대구광역시 남구,01. 정부/지자체,,남구청,문화관광과,주무관,류민,053-664-3262,
150,03. 대구,북구,2026 금호강 바람소리길 축제,01. 문화예술,산격대교 하단 일원,05. 기타,03. 대구,북구,-,2026,9,19,2026,9,20,2,,01. 매년,2015,500,0,500,0,해당없음,"85,000","85,000",모름,99. 무응답,기타,행복북구문화재단,02. 재단(관광/문화/예술),대구광역시 북구 문화재단 설립 및 운영에 관한 조례,북구청,문화예술과,주무관,장덕용,053-665-2172,
151,03. 대구,북구,제6회 떡볶이 페스티벌,01. 문화예술,대구iM뱅크PARK 일원,04. 독립형,03. 대구,북구,-,2026,10,23,2026,10,25,3,,01. 매년,2021,600,0,600,0,해당없음,"330,000","320,000","10,000",02. 추정,통신 데이터,대구광역시 북구,01. 정부/지자체,,북구청,문화예술과,주무관,이상운,053-665-2795,
152,03. 대구,수성구,2026 수성못페스티벌,01. 문화예술,수성못 일원,03. 수변형,03. 대구,수성구,두산동,2026,9,18,2026,9,20,3,,01. 매년,2008,580,0,480,100,해당없음,"2,463","2,463",0,01. 계측,무인,수성문화재단,02. 재단(관광/문화/예술),대구광역시 수성구 문화재단 설립 및 운영에 관한 조례,수성구청,문화관광과,주무관,안진희,053-666-2163,
153,03. 대구,수성구,대구 비어&뮤직 페스티벌,03. 주민화합,수성못 상화동산,03. 수변형,03. 대구,수성구,두산동,2026,6,19,2026,6,21,3,,01. 매년,2022,200,0,50,150,해당없음,"15,000","15,000",0,99. 무응답,,대구문화방송㈜,06. 민간 사업체,,수성구청,문화관광과,주무관,박혜진,053-666-2162,
154,03. 대구,수성구,제8회 수성빛예술제,01. 문화예술,수성못 일원,03. 수변형,03. 대구,수성구,두산동,2026,12,24,2027,1,3,11,,01. 매년,2019,360,0,360,0,해당없음,"65,061","65,061",0,01. 계측,무인,수성문화재단,02. 재단(관광/문화/예술),대구광역시 수성구 문화재단 설립 및 운영에 관한 조례,수성구청,문화관광과,주무관,박혜진,053-666-2162,
155,03. 대구,달서구,장미꽃 필 무렵,02. 자연생태,이곡장미공원,02. 녹지형,03. 대구,달서구,이곡동,2026,5,15,2026,5,17,3,,01. 매년,2016,70,0,70,0,해당없음,"15,000","15,000",모름,99. 무응답,기타,달서문화재단,02. 재단(관광/문화/예술),대구광역시달서구 문화재단 설립 및 운영에 관한 조례,달서구청,문화관광과,주무관,권준혁,053-667-2174,
156,03. 대구,달서구,희망달서 대축제,03. 주민화합,달서아트센터 일원,04. 독립형,03. 대구,달서구,장기동,2026,,,2026,,,2,미정,01. 매년,2013,120,0,120,0,해당없음,"10,000","10,000",모름,99. 무응답,기타,달서문화재단,02. 재단(관광/문화/예술),대구광역시달서구 문화재단 설립 및 운영에 관한 조례,달서구청,문화관광과,주무관,권준혁,053-667-2174,
157,03. 대구,달서구,선사문화체험축제,04. 전통역사,선돌마당공원,02. 녹지형,03. 대구,달서구,대천동,2026,10,,2026,10,,2,미정,01. 매년,2014,30,0,30,0,해당없음,"10,016","9,678",338,99. 무응답,기타,달서구문화원,02. 재단(관광/문화/예술),지방문화원진흥법,달서구청,문화관광과,주무관,정미영,053-667-2194,
158,03. 대구,달서구,2026년 제3회 두류젊코축제,01. 문화예술,두류젊코 상권활성화 구역 일원(두류동),05. 기타,03. 대구,달서구,두류동,2026,,,2026,,,2,미정,03. 일회성,2024,80,40,40,0,중소벤처기업부,"15,000","15,000",모름,99. 무응답,기타,대구전통시장진흥재단 ,02. 재단(관광/문화/예술),전통시장 및 상점가 육성을 위한 특별법 ,달서구청,경제지원과,주무관,김양희,053-667-2655,
159,03. 대구,달성군,제30회 비슬산 참꽃 문화제,01. 문화예술,국립대구과학관 및 비슬산휴양림 일원,02. 녹지형,03. 대구,달성군,유가읍,2026,4,,2026,4,,3,미정,01. 매년,1997,295,0,295,0,해당없음,"70,000","70,000",모름,99. 무응답,기타,달성문화재단,02. 재단(관광/문화/예술),대구광역시 달성군 문화재단 설립 및 운영 조례,달성군청,문화예술과,주무관,장재혁,053-668-2172,
160,03. 대구,달성군,YES! 키즈존,01. 문화예술,국립대구과학관 일원,04. 독립형,03. 대구,달성군,유가읍,2026,5,2,2026,5,5,4,,01. 매년,2023,350,0,350,0,해당없음,"50,000","50,000",모름,99. 무응답,기타,달성문화재단,02. 재단(관광/문화/예술),대구광역시 달성군 문화재단 설립 및 운영 조례,달성군청,문화예술과,주무관,장재혁,053-668-2172,
161,03. 대구,군위군,제5회 군위 바비큐 축제,01. 문화예술,삼국유사테마파크,02. 녹지형,03. 대구,군위군,의흥면,2026,10,,2026,10,,2,미정,01. 매년,2022,148,0,148,0,해당없음,"7,235","7,235",모름,01. 계측,티켓판매,군위문화관광재단,02. 재단(관광/문화/예술),군위문화관광재단 설립 및 운영에 관한 조례,군위군청,문화관광과,주무관,석혜연,054-380-7322,
162,04. 인천,-,2026년 인천대공원 벚꽃축제,01. 문화예술,인천대공원,02. 녹지형,04. 인천,남동구,장수동,2026,4,3,2026,4,12,10,,01. 매년,2003,100,0,100,0,해당없음,"256,772","256,772",0,01. 계측,"무인, 주차차량",인천광역시,01. 정부/지자체,해당없음,인천광역시,인천대공원,주무관,이은경,032-440-5818,방문자 수 재작년
163,04. 인천,-,제21회 인천 펜타포트 음악축제,01. 문화예술,송도 달빛축제공원,02. 녹지형,04. 인천,연수구,송도동,2026,7,31,2026,8,2,3,,01. 매년,2006,"2,000",800,"1,200",0,문화체육관광부,"150,000","145,000","5,000",01. 계측,티켓판매,인천관광공사,02. 재단(관광/문화/예술),인천관광공사 설립 및 운영에 관한 조례,인천관광공사,축제이벤트팀,과장,김명훈,032-899-7423,
164,04. 인천,-,제2회 1883 짜장면 축제,05. 지역특산물,개항장 및 차이나타운,02. 녹지형,04. 인천,중구,개항동,2026,10,10,2026,10,11,2,,01. 매년,2025,500,0,500,0,해당없음,"50,000","50,000",모름,01. 계측,유인,인천관광공사,02. 재단(관광/문화/예술),인천관광공사 설립 및 운영에 관한 조례,인천관광공사,축제이벤트팀,과장,김미지,032-899-7429,
165,04. 인천,-,제11회 인천개항장 국가유산 야행,01. 문화예술,개항장 문화지구,02. 녹지형,04. 인천,중구,개항동,2026,10,9,2026,10,11,3,,01. 매년,2016,700,280,420,0,국가유산청,"253,000","250,200","2,800",01. 계측,유인,인천관광공사,02. 재단(관광/문화/예술),인천관광공사 설립 및 운영에 관한 조례,인천관광공사,축제이벤트팀,부장,김성태,032-899-7422,
166,04. 인천,-,차이나는 개항 페스타,01. 문화예술,상상플랫폼 및 개항장 일원,04. 독립형,04. 인천,중구,북성동,2026,3,28,2026,3,29,2,,01. 매년,2025,535,0,535,0,해당없음,"6,970","6,970",모름,01. 계측,유인,인천관광공사,02. 재단(관광/문화/예술),인천관광공사 설립 및 운영에 관한 조례,인천광역시,제물포르네상스개발과,주무관,윤준호,032-458-7332,
167,04. 인천,-,송도세계문화 관광축제,01. 문화예술,송도 달빛축제공원,02. 녹지형,04. 인천,연수구,송도동,2026,8,26,2026,8,30,5,,01. 매년,2011,144,0,144,0,해당없음,"267,003","267,003",모름,01. 계측,유인,인천관광공사,02. 재단(관광/문화/예술),인천관광공사 설립 및 운영에 관한 조례,인천관광공사,축제이벤트팀,부장,김성태,032-899-7423,
168,04. 인천,강화군,강화별밤야행,04. 전통역사,용흥궁공원,02. 녹지형,04. 인천,강화군,강화읍,2026,9,4,2026,9,5,2,,01. 매년,2018,400,0,400,0,해당없음,"12,811","12,811",모름,02. 추정,통신 데이터,강화군,01. 정부/지자체,해당없음,강화군청,관광과,주무관,오예은,032-930-3563,
169,04. 인천,강화군,강화 화개정원 축제,02. 자연생태,화개정원 일원,02. 녹지형,04. 인천,강화군,교동면,2026,10,17,2026,10,18,2,,01. 매년,2022,200,0,200,0,해당없음,"9,600","9,600",모름,02. 추정,통신 데이터,강화군,01. 정부/지자체,해당없음,강화군청,관광과,주무관,조가영,032-930-3564,
170,04. 인천,강화군,삼랑성 역사문화축제,04. 전통역사,전등사,02. 녹지형,04. 인천,강화군,길상면,2026,10,3,2026,10,11,9,,01. 매년,2001,200,0,180,20,해당없음,"50,000","50,000",모름,01. 계측,유인,삼랑성역사문화축제조직위원회,04. 지자체 위원회,비영리민간단체 지원법,인천광역시,문화정책과,주무관,장정원,032-440-3973,
171,04. 인천,옹진군,주섬주섬 음악회,01. 문화예술,덕적면 서포리 해수욕장,03. 수변형,04. 인천,옹진군,덕적면,2026,8,14,2026,8,15,2,,01. 매년,2017,180,0,180,0,해당없음,"1,200","1,200",모름,99. 무응답,기타,옹진군 관광문화과,01. 정부/지자체,옹진군 지역축제 운영에 관한 조례,옹진군청,관광문화과,행정8급,설희주,032-899-2262,
172,04. 인천,중구,제1회 인천 쌀 문화축제,05. 지역특산물,중구 상상플랫폼,04. 독립형,04. 인천,중구,북성동1가,2026,4,25,2026,4,26,2,,04. 최초,2026,150,0,150,0,해당없음,최초 개최,최초 개최,최초 개최,04. 기타,최초 개최,(재)인천테크노파크,03. 기타 공공,인천테크노파크 설립 및 운영에 관한 조례,인천광역시,식품산업과,주무관,권선아,032-440-7862,
173,04. 인천,중구,2026년 인천 농특산물 문화축제,05. 지역특산물,중구 상상플랫폼,04. 독립형,04. 인천,중구,북성동1가,2026,10,24,2026,10,26,3,,01. 매년,2023,80,0,80,0,해당없음,미집계,미집계,미집계,03. 미집계,,인천광역시,01. 정부/지자체,해당없음,인천광역시,식품산업과,주무관,베현진,032-440-7865,
174,04. 인천,중구,영종국제도시 글로벌 문화축제,01. 문화예술,영종씨사이드파크,04. 독립형,04. 인천,중구,중산동,2026,9,28,2026,9,29,2,,01. 매년,2022,290,0,290,0,해당없음,"60,000","45,000","15,000",99. 무응답,기타,중구,01. 정부/지자체,해당없음,인천광역시,문화관광과,주무관,배현경,032-760-6443,
175,04. 인천,동구,제37회 화도진축제,03. 주민화합,동인천역북광장 및 화도진공원,02. 녹지형,04. 인천,동구,송현동,2026,10,16,2026,10,17,2,,01. 매년,1990,610,0,610,0,해당없음,"120,000","120,000",모름,99. 무응답,기타,인천 동구청 문화관광과,01. 정부/지자체,지방자치법,동구청,문화관광과,주무관,홍선미,032-770-6923,
176,04. 인천,동구,제4회 배다리축제,03. 주민화합,배다리 일원,03. 수변형,04. 인천,동구,금창동,2026,10,,2026,10,,2,미정,01. 매년,2023,140,0,140,0,해당없음,"3,800","3,800",모름,99. 무응답,기타,인천 동구청 문화관광과,01. 정부/지자체,지방자치법,동구청,문화관광과,주무관,김은정,032-770-6102,
177,04. 인천,미추홀구,제23회 미추홀미디어문화축제,01. 문화예술,미정,06. 미정,04. 인천,미추홀구,-,2026,9,,2026,9,,2,미정,01. 매년,2004,233,0,233,0,해당없음,"10,000","10,000",모름,99. 무응답,기타,미추홀구 문화예술과,01. 정부/지자체,해당없음,미추홀구청,문화예술과,주무관,이태희,032-880-7978,
178,04. 인천,미추홀구,제6회 수봉산 페스티벌,01. 문화예술,수봉공원 일원,02. 녹지형,04. 인천,미추홀구,도화동,2026,10,17,2026,10,18,2,,01. 매년,2021,200,0,200,0,해당없음,"10,000","10,000",모름,99. 무응답,기타,미추홀구 문화예술과,01. 정부/지자체,해당없음,미추홀구청,문화예술과,주무관,홍슬기,032-880-7976,
179,04. 인천,연수구,2026 새봄맞이 한마음 축제,03. 주민화합,연수한마음공원 일원,02. 녹지형,04. 인천,연수구,선학동,2026,3,28,2026,3,29,2,,01. 매년,2024,285,0,285,0,해당없음,"5,000","5,000",모름,99. 무응답,,(재)연수문화재단,02. 재단(관광/문화/예술),인천광역시 연수구 지역문화진흥 조례,연수구청,문화관광과,주무관,김태훈,032-749-7333,
180,04. 인천,연수구,2026 제7회 송도해변축제,03. 주민화합,송도달빛공원 일원,02. 녹지형,04. 인천,연수구,송도동,2026,8,1,2026,8,8,8,,01. 매년,2016,400,0,400,0,해당없음,"69,245","69,245",모름,02. 추정,통신 데이터,(재)연수문화재단,02. 재단(관광/문화/예술),인천광역시 연수구 지역문화진흥 조례,연수구청,문화관광과,주무관,김태훈,032-749-7333,
181,04. 인천,연수구,2026 제14회 연수 능허대 문화축제,04. 전통역사,연수한마음공원 일원,02. 녹지형,04. 인천,연수구,선학동,2026,10,2,2026,10,4,3,,01. 매년,2004,300,0,300,0,해당없음,"72,834","71,980",854,02. 추정,통신 데이터,연수구축제추진위원회,04. 지자체 위원회,인천광역시 연수구 지역문화진흥 조례,연수구청,문화관광과,주무관,김태훈,032-749-7333,
182,04. 인천,연수구,2026 크리스마스트리 문화축제,03. 주민화합,연수구청 본청 및 제2청사 광장,04. 독립형,04. 인천,연수구,동춘동,2026,12,1,2027,1,20,51,,01. 매년,2023,50,0,50,0,해당없음,500,500,모름,99. 무응답,기타,(재)연수문화재단,02. 재단(관광/문화/예술),인천광역시 연수구 지역문화진흥 조례,연수구청,문화관광과,주무관,김태훈,032-749-7333,
183,04. 인천,남동구,제26회 소래포구축제,02. 자연생태,소래포구 일원,03. 수변형,04. 인천,남동구,논현동,2026,10,2,2026,10,4,3,,01. 매년,2001,600,0,600,0,해당없음,"460,000","460,000",모름,02. 추정,통신 데이터,남동문화재단,02. 재단(관광/문화/예술),남동구 지역문화 진흥 조례,남동구청,문화관광과,주무관,조원구,032-453-2142,
184,04. 인천,부평구,2026년 제30회 부평풍물대축제,01. 문화예술,부평대로 및 신트리공원 등,02. 녹지형,04. 인천,부평구,"부평1동, 부평4동, 부평5동",2026,10,2,2026,10,4,3,,01. 매년,1997,840,40,800,0,문화체육관광부,"230,282","229,926",356,02. 추정,통신 데이터,부평구축제위원회(축제운영기획단),02. 재단(관광/문화/예술),인천광역시부평구 축제위원회 설치 및 운영 조례,부평구,문화관광과,주무관,원종성,032-509-6425,
185,04. 인천,계양구,제4회 계양아라온 워터축제,03. 주민화합,계양아라온 북단 일원,03. 수변형,04. 인천,계양구,계양1동,2026,7,25,2026,7,26,2,,01. 매년,2023,230,0,230,0,해당없음,"42,281","42,281",모름,01. 계측,무인,계양구청,01. 정부/지자체,해당없음,계양구청,문화체육관광과,주무관,박은정,032-450-4103,
186,04. 인천,서구,제31회 서곶문화예술제,01. 문화예술,인천서구문화회관 일원,03. 수변형,04. 인천,서구,가정동,2026,9,11,2026,9,17,7,,01. 매년,1996,80,0,80,0,해당없음,"3,365","3,365",모름,01. 계측,티켓판매,인천서구문화재단,02. 재단(관광/문화/예술),인천광역시 서구 문화재단 설립 및 운영에 관한 조례,인천서구,문화관광체육과,주무관,조성우,032-560-4342,
187,04. 인천,서구,2026년 정서진 해넘이 행사,02. 자연생태,정서진 아라빛섬 일원,03. 수변형,04. 인천,서구,오류동,2026,12,,2026,12,,,미정,01. 매년,2011,50,0,50,0,해당없음,"3,324","3,324",모름,02. 추정,주차면수,서구문화원,02. 재단(관광/문화/예술),인천광역시 서구 문화원 지원 및 육성에 관한 조례,인천서구청,문화관광체육과,주무관,이가영,032-560-5933,
188,05. 광주,-,아트피크닉,01. 문화예술,중외공원 등 광주광역시 일원,02. 녹지형,05. 광주,-,-,2026,5,,2026,10,,10,미정,01. 매년,2016,200,0,200,0,해당없음,"17,000","17,000",모름,99. 무응답,기타,광주광역시,01. 정부/지자체,-,광주광역시,문화정책관,주무관,백보아,062-613-3433,
189,05. 광주,-,대인예술시장,01. 문화예술,대인시장,01. 마을형,05. 광주,동구,대인동,2026,5,,2026,10,,12,미정,01. 매년,2008,500,250,250,0,문화체육관광부,"100,000","100,000",모름,01. 계측,유인,광주광역시,01. 정부/지자체,-,광주광역시,문화정책관,주무관,박영승,062-613-3432,
190,05. 광주,-,2026 광주스트릿컬처페스타,01. 문화예술,국립아시아문화전당 일원,04. 독립형,05. 광주,동구,광산동,2026,6,4,2026,6,7,4,,01. 매년,2023,550,250,300,0,문화체육관광부,"21,000","21,000",모름,02. 추정,통신 데이터,광주광역시,01. 정부/지자체,-,광주광역시,관광도시과,주무관,강유진,062-613-3643,
191,05. 광주,-,제16회 광주비엔날레,01. 문화예술,비엔날레전시관,04. 독립형,05. 광주,북구,용봉동,2026,9,4,2026,11,15,73,,02. 격년,1995,"15,937",0,"9,400","6,537",해당없음,"720,711","671,469","49,242",01. 계측,"티켓판매, 유인계측",(재)광주비엔날레,02. 재단(관광/문화/예술),광주광역시 재단법인 광주비엔날레 지원 조례,광주광역시,문화정책관,주무관,양나영,062-613-3671,
192,05. 광주,-,2026 광주프린지페스티벌,01. 문화예술,5·18민주광장 및 금남로 일대,04. 독립형,05. 광주,남구,구동,2026,10,23,2026,10,25,3,,02. 격년,2016,500,0,500,0,해당없음,"218,227","218,227",모름,01. 계측,무인,광주문화재단,02. 재단(관광/문화/예술),광주문화재단 설립에 관한 조례,광주문화재단,시민생활문화팀,일반6급/주임,최진실,062-670-7448,
193,05. 광주,-,제33회 광주김치축제,05. 지역특산물,광주광역시청(미정),04. 독립형,05. 광주,서구,치평동,2026,10,,2026,10,,3,미정,01. 매년,1994,600,0,600,0,해당없음,"57,000","56,000","1,000",01. 계측,유인,김치축제위원회,04. 지자체 위원회,광주광역시김치축제위원회 정관,광주광역시,농업동물정책과,주무관,김경옥,062-613-3992,
194,05. 광주,-,2026년 빛고을 사랑나눔 김장대전,03. 주민화합,광주김치타운 다목적체험관,04. 독립형,05. 광주,남구,임암동,2026,11,27,2026,12,13,17,,01. 매년,2014,180,0,180,0,해당없음,"17,555","17,555",모름,99. 무응답,기타,김치축제위원회,04. 지자체 위원회,광주광역시김치축제위원회 정관,광주광역시,농업동물정책과,주무관,정지희,062-613-3991,
195,05. 광주,동구,2026년 금남로 차 없는 거리 '걷자잉',03. 주민화합,전일빌딩 245 ~ 금남로 공원 일대,01. 마을형,05. 광주,동구,충장동,2026,4,4,2026,11,7,7,월 1회,03. 일회성,2025,255,0,255,0,해당없음,"192,990","192,990",모름,01. 계측,무인,동구청 보행교통정책과,01. 정부/지자체,광주광역시 동구 행정기구 설치 조례,광주광역시 동구청,보행교통정책과,주무관,노을,062-608-2609,
196,05. 광주,동구,라온페스타,01. 문화예술,"전일빌딩 245 ~ 금남로 공원 일대, 충장로1~5가 일원",01. 마을형,05. 광주,동구,충장동,2026,4,4,2026,11,7,7,,01. 매년,2022,"2,072","1,036","1,036",0,중소벤처기업부,"23,024","23,024",모름,99. 무응답,기타,광주충장상권상권활성화추진단,05. 민간 협/단체,전통시장 및 상점가 육성을 위한 특별법,광주광역시 동구청,일자리경제과,주무관,곽진욱,062-608-2712,
197,05. 광주,동구,국가유산 야행,04. 전통역사,5·18민주광장 일원,02. 녹지형,05. 광주,동구,"충장동, 서남동 등",2026,4,24,2026,4,25,2,,01. 매년,2017,365,146,66,153,국가유산청,"30,048","30,048",모름,99. 무응답,기타,동구청 문화예술체육과,01. 정부/지자체,광주광역시 동구 행정기구 설치 조례,광주광역시 동구청,문화예술체육과,주무관,최지수,062-608-2403,
198,05. 광주,동구,제4회 동구 무등산 인문축제,01. 문화예술,무등산증심사지구 일원,02. 녹지형,05. 광주,동구 ,학운동,2026,6,13,2026,6,14,2,,01. 매년,2023,218,0,218,0,해당없음,"30,000","30,000",모름,99. 무응답,기타,동구청 인문도시정책과,01. 정부/지자체,광주광역시 동구 행정기구 설치 조례,광주광역시 동구청,인문도시정책과,주무관,이정아,062-608-2173,
199,05. 광주,동구,제23회 광주 추억의 충장축제,01. 문화예술,"금남로, 충장로, 518민주광장 등 동구 일원",02. 녹지형,05. 광주,동구,충장동,2026,10,7,2026,10,11,5,,01. 매년,2004,"1,750",0,"1,750",0,해당없음,"454,215","453,077","1,138",02. 추정,통신 데이터,광주동구문화관광재단,02. 재단(관광/문화/예술),광주광역시 동구 문화관광재단 설립 및 운영에 관한 조례 ,광주광역시 동구청,지속가능관광과,주무관,백광인,062-608-4672,
200,05. 광주,동구,제5회 광주 버스킹 월드컵,01. 문화예술,"5·18민주광장, ACC 등 동구일원",02. 녹지형,05. 광주,동구,충장동,2026,10,7,2026,10,11,5,,01. 매년,2022,200,0,200,0,해당없음,"454,215","453,077","1,138",02. 추정,통신 데이터,광주동구문화관광재단,02. 재단(관광/문화/예술),광주광역시 동구 문화관광재단 설립 및 운영에 관한 조례 ,광주동구문화관광재단,축제사업팀,팀장,조한이,062-228-9811,
201,05. 광주,서구,제11회 광주서창억새축제,02. 자연생태,영산강 극락교 ~ 서창교 일원,03. 수변형,05. 광주,서구,서창동,2026,10,17,2026,10,25,9,,01. 매년,2015,445,0,445,0,해당없음,"102,336","102,208",128,02. 추정,통신 데이터,광주광역시 서구청 문화예술과,01. 정부/지자체,-,광주광역시 서구청,문화예술과,주무관,금다예,062-350-4792,
202,05. 광주,서구,제4회 양동통맥축제,03. 주민화합,"양동전통시장 일원[((구)6번로, 태평교 등]",01. 마을형,05. 광주,서구,양동,2026,4,16,2026,4,18,3,,01. 매년,2023,120,0,120,0,해당없음,"57,714","57,714",모름,02. 추정,통신 데이터,양동전통시장 활성화 협의체,05. 민간 협/단체,-,광주광역시 서구청,시장산업과,주무관,최다원,062-360-7683,
203,05. 광주,남구,제43회 고싸움놀이축제,04. 전통역사,고싸움놀이전수교육관 일원,04. 독립형,05. 광주,남구,칠석동,2026,2,28,2026,3,2,3,,01. 매년,1983,245,0,205,40,해당없음,"2,500","2,500",모름,99. 무응답,기타,(사)국가무형유산 광주칠석고싸움놀이 보존회,05. 민간 협/단체,-,광주광역시 남구청,문화관광과,주무관,정희진,062-607-2312,
204,05. 광주,남구,인문학축제 제15회 굿모닝양림,01. 문화예술,양림동 일원,01. 마을형,05. 광주,남구,양림동,2026,10,,2026,10,,,미정,01. 매년,2011,미확정,0,미확정,미확정,해당없음,"20,000","17,000","3,000",01. 계측,무인,굿모닝양림추진위원회,04. 지자체 위원회,광주광역시 남구 축제 육성 및 운영 조례,광주광역시 남구청,문화관광과,주무관,정희진,062-607-2312,
205,05. 광주,남구,제11회 양림&크리스마스문화축제,01. 문화예술,양림동 일원,05. 기타,05. 광주,남구,양림동,2026,12,1,2026,12,31,31,,01. 매년,2016,미확정,0,미확정,미확정,해당없음,"21,000","20,800",200,99. 무응답,기타,양림&크리스마스문화축제추진위원회,04. 지자체 위원회,광주광역시 남구 축제 육성 및 운영 조례,광주광역시 남구청,문화관광과,주무관,서주은,062-607-2316,
206,05. 광주,광산구,제4회 광산뮤직ON페스티벌,01. 문화예술,황룡친수공원 일원,02. 녹지형,05. 광주,광산구,선암동,2026,9,19,2026,9,20,2,,01. 매년,2023,402,0,402,0,해당없음,"95,000","95,000",모름,99. 무응답,기타,광산구 관광육성과,01. 정부/지자체,-,광주광역시 광산구청,관광육성과,주무관,전동익,062-960-6854,
207,06. 대전,중구,제4회 2026 대전 0시 축제,01. 문화예술,중앙로(대전역~옛충남도청) 및 원도심 일원,01. 마을형,06. 대전,"동구, 중구","은행동, 대흥동 등",2026,8,7,2026,8,17,11,,01. 매년,2023,"4,730",0,"4,730",0,해당없음,"2,161,566","2,155,519","6,047",01. 계측,무인,대전광역시 관광진흥과,01. 정부/지자체,-,대전광여기,관광진흥과,주무관,심상욱,042-270-3977,
208,06. 대전,유성구,제29회 대전사이언스페스티벌,01. 문화예술,대전컨벤션센터(DCC) 일원,04. 독립형,06. 대전,유성구,도룡동,2026,4,17,2026,4,19,3,,01. 매년,2000,"1,450",0,"1,450",0,해당없음,"558,269","558,269",0,01. 계측,유인,대전관광공사,02. 재단(관광/문화/예술),대전광역시 대전관광공사 조례,대전광역시청,과학협력과,주무관,김춘겸,042-270-0321,
209,06. 대전,동구,2026 대전 동구동락 축제,03. 주민화합,소제동 동광장로 및 대동천 일원,03. 수변형,06. 대전,동구,소제동,2026,10,9,2026,10,11,3,,01. 매년,2023,646,0,646,0,해당없음,"209,000","209,000",모름,99. 무응답,기타,대전광역시 동구,01. 정부/지자체,-,대전광역시 동구청,문화관광체육과,주무관,이향표,042-251-6673,
210,06. 대전,동구,제4회 중앙시장 주말축제 야시장 동구夜놀자,01. 문화예술,중앙시장 화월통 일원,01. 마을형,06. 대전,동구,중앙동,2026,8,7,2026,10,31,26,,01. 매년,2023,50,0,50,0,해당없음,"15,520","15,520",모름,99. 무응답,기타,중앙시장활성화구역 상인회,05. 민간 협/단체,전통시장 및 상점가 육성을 위한 특별법 제65조(상인회),대전광역시 동구청,일자리경제과,주무관,김종천,042-251-4614,
211,06. 대전,동구,달빛 야외도서관,01. 문화예술,동구청 잔디광장(동구청로 147),02. 녹지형,06. 대전,동구,-,2026,4,17,2026,4,18,2,,01. 매년,2024,40,0,40,0,해당없음,"2,700","2,700",0,99. 무응답,기타,대전 동구 도서관운영과,01. 정부/지자체,-,대전광역시 동구청,도서관운영과,사서6급,송병섭,042-259-7056,
212,06. 대전,동구,대청동 마을화합 벚꽃 축제,03. 주민화합,대청호 벚꽃한터 일원(신상동 282),03. 수변형,06. 대전,동구,대청동,2026,4,4,2026,4,12,9,,04. 최초,2026,17,0,15,2,해당없음,최초 개최,최초 개최,최초 개최,04. 기타,최초 개최,대청동주민자치위원회(축제분과위),04. 지자체 위원회,"대전광역시 동구 지방보조금 관리조례, 대전광역시 동구 마을공동체 활성화 지원 등에 관한 조례",대전광역시 동구 대청동,행정팀,행정6급,윤승상,042-259-7629,
213,06. 대전,중구,제17회 대전효문화뿌리축제,01. 문화예술, 뿌리공원 및 원도심 일원,02. 녹지형,06. 대전,중구,-,2026,10,,2026,10,,3,미정,01. 매년,2008,"1,076",15,"1,061",0,기후에너지환경부,"238,864","238,864",모름,01. 계측,무인,대전광역시 중구,01. 정부/지자체,-,중구청,문화체육관광과,주무관,최은영,042-606-6292,
214,06. 대전,중구,제2회 대전 중구 미술축제,01. 문화예술,대흥동 문화예술의거리 일원,01. 마을형,06. 대전,중구,-,2026,10,,2026,10,,14,미정,01. 매년,2025,72,0,72,0,해당없음,"3,538","3,538",모름,01. 계측,유인,대전광역시 중구,01. 정부/지자체,-,중구청,문화체육관광과,주무관,김은주,042-606-6282,
215,06. 대전,중구,대전 중구 국가유산 야행,04. 전통역사,"원도심 일원(대흥동, 선화동)",05. 기타,06. 대전,중구,-,2026,9,4,2026,9,6,3,미정,04. 최초,2026,160,64,96,0,국가유산청,최초 개최,최초 개최,최초 개최,04. 기타,최초 개최,대전광역시 중구,01. 정부/지자체,-,중구청,문화체육관광과,주무관,김은주,042-606-6282,
216,06. 대전,중구,2026년 중구 북페스티벌,01. 문화예술,"원도심 일원(대흥동, 선화동)",05. 기타,06. 대전,중구,-,2026,10,,2026,10,,4,미정,01. 매년,2024,120,0,120,0,해당없음,미집계,미집계,미집계,03. 미집계,,대전광역시 중구,01. 정부/지자체,-,중구청,문화체육관광과,주무관,송미나,042-606-6492,
217,06. 대전,서구 ,2026 대전 서구 아트페스티벌,01. 문화예술,샘머리공원 및 보라매공원 일원,02. 녹지형,06. 대전,서구 ,-,2026,10,,2026,10,,3,미정,01. 매년,2016,825,0,825,0,해당없음,"420,000","420,000",0,01. 계측,무인,대전광역시 서구 문화체육과,01. 정부/지자체,-,서구청,문화체육과,주무관,정기쁨,042-288-2742,
218,06. 대전,서구 ,0시 축제와 함께하는 갑천썸머뮤직페스티벌(가칭),03. 주민화합,갑천생태호수공원,02. 녹지형,06. 대전,서구 ,-,2026,8,7,2026,8,9,3,,04. 최초,2026,190,0,190,0,해당없음,최초 개최,최초 개최,최초 개최,04. 기타,최초 개최,대전광역시 서구 문화체육과,01. 정부/지자체,-,서구청,문화체육과,주무관,정기쁨,042-288-2742,
219,06. 대전,서구 ,제16회 갑천누리길 녹색체험여행,02. 자연생태,노루벌적십자생태원(대전 서구 흑석동 산 95-1),02. 녹지형,06. 대전,서구 ,-,2026,10,,2026,10,,2,미정,01. 매년,2011,20,0,20,0,해당없음,907,907,0,99. 무응답,기타,대전광역시 서구 기후환경과,01. 정부/지자체,-,서구청,기후환경과,주무관,조은정,042-288-2152,
220,06. 대전,유성구,2026 유성온천문화축제,01. 문화예술,유성구 유림공원,02. 녹지형,06. 대전,유성구,-,2026,5,8,2026,5,10,3,,01. 매년,1989,495,0,495,0,해당없음,"250,000","250,000",모름,99. 무응답,기타,대전광역시 유성구 문화체육과,01. 정부/지자체,-,대전광역시 유성구,문화관광체육과,주무관,석희범,042-611-2128,
221,06. 대전,유성구,2026 유성재즈&맥주 페스타,01. 문화예술,유성구 유림공원,02. 녹지형,06. 대전,유성구,-,2026,8,28,2026,8,30,3,,01. 매년,2022,225,0,225,0,해당없음,"50,000","50,000",모름,99. 무응답,기타,대전광역시 유성구 문화체육과,01. 정부/지자체,-,대전광역시 유성구,문화관광체육과,주무관,심유리,042-611-2128,
222,06. 대전,유성구,2026 유성온천 크리스마스축제,01. 문화예술,유성구 유림공원,02. 녹지형,06. 대전,유성구,-,2026,12,4,2026,12,6,3,,01. 매년,2022,180,0,180,0,해당없음,"50,000","50,000",모름,99. 무응답,기타,대전광역시 유성구 문화체육과,01. 정부/지자체,-,대전광역시 유성구,문화관광체육과,주무관,심유리,042-611-2128,
223,06. 대전,유성구,제17회 유성국화축제,02. 자연생태,"유림공원, 유성천 일원",02. 녹지형,06. 대전,유성구,봉명동,2026,10,17,2026,11,1,16,,01. 매년,2010,614,0,614,0,해당없음,"704,156","704,156",모름,99. 무응답,기타,대전광역시 유성구 녹지산림과,01. 정부/지자체,-,유성구청,녹지산림과,주무관,함창용,042-611-2678,
224,06. 대전,대덕구,2026 대덕물빛축제,01. 문화예술,대청공원 일원,02. 녹지형,06. 대전,대덕구,신탄진동,2026,4,4,2026,4,18,15,,01. 매년,2011,750,0,750,0,해당없음,"315,072","315,072",모름,02. 추정,주차면수,대전광역시 대덕구 문화관광체육과,01. 정부/지자체,지방자치법 제2조(지방자치단체의 종류),대전 대덕구청,문화관광체육과,주무관,전홍수,042-608-6735,
225,06. 대전,대덕구,2026 대덕거리 페스티벌,01. 문화예술,골목상권 3개소(미정),01. 마을형,06. 대전,대덕구,-,2026,9,,2026,9,,6,미정,01. 매년,2019,미확정,0,미확정,0,해당없음,미집계,미집계,미집계,03. 미집계,,대전 대덕구,01. 정부/지자체,해당없음,대전 대덕구청,경제과,주무관,신동원,042-608-6923,
226,06. 대전,대덕구,2026년 제10회 장동계족산 코스모스축제,02. 자연생태,장동만남공원일원,02. 녹지형,06. 대전,대덕구,회덕동,2026,10,3,2026,10,4,2,,01. 매년,2014,36,0,36,0,해당없음,"5,000","5,000",모름,99. 무응답,기타,대전 대덕구,01. 정부/지자체,해당없음,대전 대덕구청,자원농생명과,주무관,오윤정,042-608-6945,
227,06. 대전,-,2026 대전 빵축제,01. 문화예술,미정,06. 미정,06. 대전,-,-,2026,,,2026,,,,미정,01. 매년,2021,450,0,0,450,해당없음,"168,000","168,000",모름,01. 계측,유인,대전관광공사,02. 재단(관광/문화/예술),"대전관광공사 조례(2011.8.5)
지방공기업법 제49조 대전관광공사 설립,업무,운영 조례",대전관광공사,축제행사팀,차장,이기숙,042-250-1272,
228,06. 대전,유성구,2026 아티언스 대전,01. 문화예술,국립중앙과학관,04. 독립형,06. 대전,유성구,구성동,2026,11,19,2026,11,29,11,,01. 매년,2011,167,0,167,0,해당없음,"5,619","5,619",모름,01. 계측,무인,대전문화재단,02. 재단(관광/문화/예술),대전문화재단 설립에 관한 조례,대전문화재단,예술지원팀,과장,황나래,042-480-1034,
229,06. 대전,동구,문화유산 달빛축제,04. 전통역사,우암사적공원 일원,02. 녹지형,06. 대전,동구,가양동,2026,10,17,2026,10,18,2,,01. 매년,2017,90,0,90,0,해당없음,"4,500","4,400",100,99. 무응답,기타,대전문화재단,02. 재단(관광/문화/예술),대전문화재단 설립 및 운영조례 ,대전광역시청,문화유산과,주무관,김지안,042-270-4511,
230,07. 울산,-,2026 울산공업축제,03. 주민화합,태화강국가정원 남구둔치 등 울산전역,03. 수변형,07. 울산,남구,-,2026,10,8,2026,10,11,4,,01. 매년,1967,"2,800",0,"2,800",0,해당없음,"726,000","726,000",모름,99. 무응답,기타,울산공업축제추진위원회,04. 지자체 위원회,울산공업축제 추진 및 운영 조례,울산광역시,경제정책관,주무관,표가희,052-229-2723,
231,07. 울산,-,2026 제18회 울산대공원 장미축제,02. 자연생태,울산대공원 장미원 및 남문광장 일원,02. 녹지형,07. 울산,남구,-,2026,5,20,2026,5,24,5,,01. 매년,2006,"1,320",0,820,500,해당없음,"157,913","157,281",632,02. 추정,주최측 추산,울산광역시,01. 정부/지자체,,울산광역시,녹지공원과,주무관,이미리,052-229-3344,
232,07. 울산,-,태화강 억새나들이,02. 자연생태,태화강 명촌 억새군락지,03. 수변형,07. 울산,북구,-,2026,10,,2026,10,,2,미정,01. 매년,2023,270,0,250,20,해당없음,"20,000","20,000",모름,99. 무응답,,㈜울산방송,06. 민간 사업체,방송법,울산광역시,생태정원과,주무관,조은정,052-229-8522,
233,07. 울산,-,정원생태문화축제,02. 자연생태,태화강 버드나무광장,02. 녹지형,07. 울산,중구,-,2026,11,,2026,11,,2,미정,01. 매년,2023,154,0,140,14,해당없음,"4,000","4,000",모름,99. 무응답,,㈜울산신문,06. 민간 사업체,신문 등의 진흥에 관한 법률,울산광역시,생태정원과,주무관,박영복,052-229-8532,
234,07. 울산,-,2026 태화강국가정원 봄꽃축제,02. 자연생태,태화강국가정원,02. 녹지형,07. 울산,중구,-,2026,5,15,2026,5,17,3,,01. 매년,2012,150,0,150,0,해당없음,"340,907",모름,모름,02. 추정,주최측 추산,울산광역시,01. 정부/지자체,,울산광역시,태화강국가정원과,주무관,윤병채,052-229-7563,
235,07. 울산,-,2026 태화강국가정원 가을축제,02. 자연생태,태화강국가정원,02. 녹지형,07. 울산,중구,-,2026,10,30,2026,11,1,3,,01. 매년,2018,150,0,150,0,해당없음,"180,886",모름,모름,02. 추정,주최측 추산,울산광역시,01. 정부/지자체,,울산광역시,태화강국가정원과,주무관,윤병채,052-229-7563,
236,07. 울산,-,2026 울산미래정원 페스티벌,01. 문화예술,태화강국가정원,02. 녹지형,07. 울산,중구,-,2026,10,,2026,10,,3,미정,04. 최초,2026,100,0,100,0,해당없음,최초 개최,최초 개최,최초 개최,04. 기타,최초 개최,울산광역시,01. 정부/지자체,,울산광역시,태화강국가정원과,주무관,윤병채,052-229-7563,
237,07. 울산,-,2026 울산청년주간,01. 문화예술,미정,06. 미정,07. 울산,-,-,2026,9,,2026,9,,2,미정,01. 매년,2021,120,0,120,0,해당없음,"3,000","3,000",모름,01. 계측,무인,울산광역시,01. 정부/지자체,,울산광역시,대학협력과,주무관,이상아,052-229-7984,
238,07. 울산,-,울산뮤직페스티벌(舊울산서머페스티벌),01. 문화예술,태화강 남구 둔치,03. 수변형,07. 울산,남구,신정동,2026,6,,2026,6,,5,미정,01. 매년,2003,"1,000",0,"1,000",0,해당없음,"22,700","22,700",모름,01. 계측,유인,울산MBC,06. 민간 사업체,국세기본법,울산광역시,문화예술과,주무관,김보미,052-229-3744,
239,07. 울산,-,울산태화강 대숲납량축제,01. 문화예술,태화강 국가정원,02. 녹지형,07. 울산,중구,태화동,2026,8,15,2026,8,17,3,,01. 매년,2007,250,0,250,0,해당없음,"180,000","180,000",모름,01. 계측,유인,(사)한국연극협회울산광역시지회,05. 민간 협/단체,,울산광역시,문화예술과,주무관,정은정,052-229-3732,
240,07. 울산,-,울산아시아퍼시픽뮤직미팅(울산 에이팜),01. 문화예술,미정,06. 미정,07. 울산,-,-,2026,10,,2026,10,,2,미정,01. 매년,2012,340,0,340,0,해당없음,"15,000","15,000",모름,01. 계측,유인,울산광역시,01. 정부/지자체,"비영리 민간단체 지원법, 국세기본법 등(미정)",울산광역시,문화예술과,주무관,김보미,052-229-3744,
241,07. 울산,-,2026 울산 미식대향연,05. 지역특산물,태화강국가정원 남구 4둔치,03. 수변형,07. 울산,남구,-,2026,10,23,2026,10,24,2,,01. 매년,2010,140,0,140,0,해당없음,"20,000","20,000",모름,99. 무응답,기타,(사)외식업중앙회울산광역시지회,05. 민간 협/단체,,울산광역시,식의약안전과,주무관,김백수,052-229-3652,
242,07. 울산,중구,태화강마두희축제,04. 전통역사,성남동 및 태화강변,03. 수변형,07. 울산,중구,-,2026,6,19,2026,6,21,3,,01. 매년,2014,830,0,830,0,해당없음,"293,000","293,000",모름,99. 무응답,,태화강마두희축제추진위원회,04. 지자체 위원회,「울산광역시 중구 지역축제 육성 및 지원 조례」제14조,울산중구청,문화관광과,주무관,박윤경,052-290-3662,
243,07. 울산,중구,태화강국제재즈음악제,01. 문화예술,태화강국가정원 야외공연장,03. 수변형,07. 울산,중구,-,2026,,,2026,,,2,미정,01. 매년,2013,200,0,190,10,해당없음,"25,000","25,000",모름,99. 무응답,,울산매일신문사,06. 민간 사업체,신문 등의 진흥에 관한 법률,울산중구청,문화관광과,주무관,배선영,052-290-3663,
244,07. 울산,중구,제20회 성남동 눈꽃축제,03. 주민화합,성남동 원도심 일원,05. 기타,07. 울산,중구,성남동,2026,12,24,2026,12,27,4,,01. 매년,2006,175,0,175,0,해당없음,"300,000","300,000",모름,01. 계측,무인,울산광역시,01. 정부/지자체,,울산중구청,전통시장과,주무관,이수종,052-290-8363,
245,07. 울산,중구,워터버블페스티벌,03. 주민화합,젊음의거리 일원,01. 마을형,07. 울산,중구,성남동,2026,8,14,2026,8,15,2,,01. 매년,2014,30,0,30,0,해당없음,"2,000","2,000",모름,01. 계측,무인,젊음의거리 상인회,05. 민간 협/단체,울산광역시 중구 전통시장 및 상점가 육성을 위한 조례,울산중구청,전통시장과,주무관,박현준,052-290-8364,
246,07. 울산,중구,2026 성남동 커피페스티벌,01. 문화예술,중구 성남동 문화의 거리 일원,01. 마을형,07. 울산,중구,성남동,2026,10,30,2026,11,1,3,,01. 매년,2023,70,0,70,0,해당없음,"40,000","37,000","3,000",99. 무응답,기타,성남동 커피사업추진협의체,05. 민간 협/단체,울산광역시 중구 도시재생활성화 및 지원에 관한 조례,울산중구청,도시과,주무관,김대성,052-290-3934,
247,07. 울산,남구,울산고래축제,01. 문화예술,장생포고래문화특구 일원,03. 수변형,07. 울산,남구,야음장생포동,2026,10,,2026,,,4,미정,01. 매년,1995,"1,700",0,"1,700",0,해당없음,"320,000","320,000",모름,02. 추정,주차면수,고래문화재단,02. 재단(관광/문화/예술),울산광역시남구고래문화재단설립및운영지원조례,울산남구청,관광과,주무관,이미영,052-226-3402,
248,07. 울산,남구,장생포 한여름 밤의 호러페스티벌,01. 문화예술,고래문화마을 일원,01. 마을형,07. 울산,남구,야음장생포동,2026,8,,2026,,,,미정,01. 매년,2021,220,0,220,0,해당없음,"12,000","12,000",모름,01. 계측,티켓판매,ubc울산방송,06. 민간 사업체,방송법,울산남구청,관광과,주무관,이미영,052-226-3402,
249,07. 울산,남구,제5회 장생포 수국 페스티벌,02. 자연생태,고래문화마을 일원,01. 마을형,07. 울산,남구,야음장생포동,2026,6,12,2026,6,28,17,,01. 매년,2022,220,0,200,20,해당없음,"400,000","400,000",모름,01. 계측,티켓판매,ubc울산방송,05. 민간 협/단체,방송법,울산남구청,관광과,주무관,서동수,052-226-3403,
250,07. 울산,남구,궁거랑 벚꽃 한마당,01. 문화예술,무거천 일원,03. 수변형,07. 울산,남구,무거동,2026,3,27,2026,3,28,2,,01. 매년,2009,220,0,220,0,해당없음,"50,000","50,000",모름,02. 추정,통신 데이터,울산제일일보(민간경상보조사업자),06. 민간 사업체,,울산남구청,문화예술과,주무관,문임미,052-226-5412,
251,07. 울산,남구,제2회 MOONLIGT FESTIVAL,01. 문화예술,태화강 남구 둔치,03. 수변형,07. 울산,남구,신정동,2026,6,,2026,6,,2,미정,01. 매년,2025,270,0,270,0,해당없음,"5,000","5,000",모름,99. 무응답,기타,울산 MBC(민간경상보조사업자,06. 민간 사업체,,울산남구청,문화예술과,주무관,김선빈,052-226-5413,
252,07. 울산,남구,제12회 강변영화제,01. 문화예술,태화강 남구 둔치,03. 수변형,07. 울산,남구,신정동,2026,9,,2026,9,,2,미정,01. 매년,2015,150,0,150,0,해당없음,"10,000","10,000",모름,99. 무응답,기타,울산 매일신문(민간경상보조사업자),06. 민간 사업체,,울산남구청,문화예술과,주무관,김선빈,052-226-5413,
253,07. 울산,동구,제18회 울산조선해양축제,03. 주민화합,일산해수욕장 일원,03. 수변형,07. 울산,동구,일산동,2026,7,17,2026,7,19,3,,01. 매년,2009,650,0,650,0,해당없음,"131,000","130,000","1,000",99. 무응답,기타,울산조선해양축제 추진위원회,04. 지자체 위원회,울산광역시 동구 축제 지원 조례,울산동구청,관광과,주무관,김상훈,052-209-3502,
254,07. 울산,북구,제22회 쇠부리축제,01. 문화예술,"달천철장, 북구청 광장",02. 녹지형,07. 울산,북구,연암동,2026,5,8,2026,5,10,3,,01. 매년,2005,550,0,550,0,해당없음,"164,632","162,972","1,660",99. 무응답,기타,쇠부리축제추진위원회,04. 지자체 위원회,울산광역시 북구 울산쇠부리축제 지원에 관한 조례,울산북구청,문화체육과,주무관,이경숙,052-241-7333,
255,07. 울산,울주군,언양 한우불고기 축제,05. 지역특산물,미정,06. 미정,07. 울산,울주군,언양읍,2026,10,2,2026,10,5,4,,02. 격년,1999,310,50,210,50, 무응답 ,"60,000","60,000",모름,99. 무응답,기타,언양 한우불고기축제 추진위원회,04. 지자체 위원회,울산광역시 울주군 언양봉계한우불고기특구 운영 조례,울주군청,축수산과,주무관,김종현,052-204-1622,
256,07. 울산,울주군,울산 배 축제,05. 지역특산물,울산원예농협 본점 일원,04. 독립형,07. 울산,울주군,범서읍,2026,10,,2026,10,,3,미정,01. 매년,1992,226,0,126,100,해당없음,"4,000","4,000",모름,99. 무응답,기타,울산원예농협,03. 기타 공공,,울주군청,농업정책과,주무관,김소영,052-204-1532,
257,07. 울산,울주군,울주해양레포츠 대축전,02. 자연생태,진하해수욕장,03. 수변형,07. 울산,울주군,서생면,2026,7,,2026,7,,2,미정,01. 매년,2022,495,0,460,35,해당없음,"65,000","65,000",모름,99. 무응답,기타,㈜울산방송,06. 민간 사업체,울산광역시 울주군 해양레저산업 육성 조례,울주군청,교육체육과,주무관,석유경,052-204-1133,
258,07. 울산,울주군,간절곶해맞이축제,01. 문화예술,서생면 간절곶 일원,03. 수변형,07. 울산,울주군,서생면,2026,12,31,2027,1,1,2,,01. 매년,2000,920,0,920,0,해당없음,"40,000","40,000",모름,02. 추정,주최측 추산,울주문화재단,02. 재단(관광/문화/예술),울주군 울주문화재단 설립 및 운영에 관한 조례(2020년),울주군청,문화도서관과,주무관,김태영,052-204-0313,
259,07. 울산,울주군,울산울주세계산악영화제,01. 문화예술,상북면 복합웰컴센터 일원,04. 독립형,07. 울산,울주군,상북면,2026,9,18,2026,9,22,5,,01. 매년,2016,"2,900",0,"2,900",0,해당없음,"71,835","71,835",모름,01. 계측,무인,울주세계산악영화제,05. 민간 협/단체,울산광역시 울주군 울산울주세계산악영화제 운영 조례,울주군청,문화도서관과,주무관,김나은,052-204-0312,
260,07. 울산,울주군,제26회 울산옹기축제,04. 전통역사,외고산 옹기마을 일원,01. 마을형,07. 울산,울주군,온양읍,2026,5,1,2026,5,3,3,,01. 매년,2001,"1,140",40,"1,100",0, 문화체육관광부 ,"160,000","160,000",모름,01. 계측,유인,울주문화재단,02. 재단(관광/문화/예술),울주군 울주문화재단 설립 및 운영에 관한 조례(2020년),울주군청,관광과,주무관,정보라,052-204-0355,
261,08. 세종,-,2026년 세종전의 조경수 묘목축제,05. 지역특산물,전의면 묘목플랫폼 일원,05. 기타,08. 세종,세종,전의면,2026,3,20,2026,3,22,3,,01. 매년,2006,50,0,50,0,해당없음,"5,000","5,000",모름,99. 무응답,,산림자원과,01. 정부/지자체,-,세종특별자치시청,산림자원과,주무관,서하영,044-300-4412,
262,08. 세종,-,2026년 조치원 봄꽃축제,03. 주민화합,조치원읍 일원,05. 기타,08. 세종,세종,조치원읍,2026,4,5,2026,4,6,2,,01. 매년,2019,120,0,120,0,해당없음,미집계,미집계,미집계,03. 미집계,,봄꽃축제 추진위원회,04. 지자체 위원회,-,세종특별자치시청,조치원읍,주무관,이재택,044-301-5054,
263,08. 세종,-,한글 책 사랑 축제(가칭),01. 문화예술,세종중앙공원,02. 녹지형,08. 세종,세종,세종동,2026,5,15,2026,5,16,2,,04. 최초,2026,110,55,55,0,문화체육관광부,최초 개최,최초 개최,최초 개최,04. 기타,최초 개최,세종시문화관광재단,02. 재단(관광/문화/예술),세종시문화관광재단 설립에 관한 조례,세종시문화관광재단,한글문화도시사업팀,과장,장원희,044-850-8971,
264,08. 세종,-,제24회 세종 조치원복숭아 축제,05. 지역특산물,세종시민운동장 일원(조치원읍),04. 독립형,08. 세종,세종,조치원읍,2026,7,31,2026,8,2,3,,01. 매년,2003,415,0,415,0,해당없음,"107,000","107,000",모름,02. 추정,통신 데이터,우리농산물유통과,01. 정부/지자체,-,세종특별자치시청,우리농산물유통과,주무관,윤희범,044-300-2512,
265,08. 세종,-,2026 세종한글축제,01. 문화예술,세좋호수공원 일원,02. 녹지형,08. 세종,세종,세종동,2026,10,9,2026,10,11,3,,01. 매년,2013,865,40,825,0,문화체육관광부,"315,299","315,299",모름,01. 계측,유인,세종시문화관광재단,02. 재단(관광/문화/예술),세종특별자치시 문화관광재단 설립 및 운영에 관한 조례,세종특별자치시청,문화예술과,주무관,민현정,044-300-3442,
266,08. 세종,-,2026 세종보헤미안뮤직페스티벌,01. 문화예술,세종중앙공원 도시축제마당,02. 녹지형,08. 세종,세종,나성동,2026,10,30,2026,11,1,3,,01. 매년,2022,350,0,0,350,해당없음,"25,091","25,091",모름,01. 계측,티켓판매,세종시문화관광재단,02. 재단(관광/문화/예술),세종특별자치시 문화관광재단 설립 및 운영에 관한 조례,세종시문화관광재단,대중예술팀,팀장,김남선,044-850-0570,
267,08. 세종,-,장군산 구절초 꽃 축제,02. 자연생태,영평사 일원,04. 독립형,08. 세종,세종,장군면,2026,10,,2026,10,,5,미정,01. 매년,1999,63,0,50,13,해당없음,"50,000","50,000",모름,02. 추정,주차면수,장군산 구절초꽃축제 추진위원회,04. 지자체 위원회,-,세종특별자치시청,문화유산과,주무관,차운철,044-300-4522,
268,09. 경기,수원시,2026 수원연극축제,01. 문화예술,경기상상캠퍼스,04. 독립형,09. 경기,수원시,서둔동,2026,5,16,2026,5,17,2,,01. 매년,1996,520,0,520,0,해당없음,"60,000","60,000",모름,01. 계측,유인,수원시 문화예술과,01. 정부/지자체,지자체 직영 추진,수원시청,문화예술과,주무관,박소영,031-5191-2391,
269,09. 경기,수원시,2026 수원 국가유산 야행,04. 전통역사,"화홍문, 방화수류정 일원",04. 독립형,09. 경기,수원시,연무동 등,2026,8,14,2026,8,16,3,,01. 매년,2017,420,168,252,0,국가유산청,"105,231","105,231",모름,01. 계측,유인,(재)수원문화재단,02. 재단(관광/문화/예술),수원시 재단법인 수원문화재단 설립 및 운영 조례,수원시청,문화예술과,주무관,이유나,031-5191-3085,
270,09. 경기,수원시,2026 수원재즈페스티벌,01. 문화예술,광교호수공원 일원,02. 녹지형,09. 경기,수원시,하동,2026,9,19,2026,9,20,2,,01. 매년,2014,230,0,230,0,해당없음,"20,000","20,000",모름,01. 계측,유인,수원시 문화예술과,01. 정부/지자체,지자체 직영 추진,수원시청,문화예술과,주무관,박소영,031-5191-2391,
271,09. 경기,수원시,제63회 수원화성문화제,04. 전통역사,수원화성 일원,04. 독립형,09. 경기,수원시,행궁동,2026,10,4,2026,10,11,8,,01. 매년,1964,"2,443",698,"1,729",16,문화체육관광부,"709,154","687,880","21,274",02. 추정,통신 데이터,수원시 관광과,01. 정부/지자체,지자체 직영 추진,수원시청,관광과,주무관,조현정,031-5191-3068,
272,09. 경기,수원시,2026 수원화성 미디어아트,01. 문화예술,수원화성 일원,04. 독립형,09. 경기,수원시,영화동,2026,10,3,2026,10,18,16,,01. 매년,2021,"1,200",0,"1,200",0,해당없음,"617,677","617,677",모름,02. 추정,통신 데이터,(재)수원문화재단,02. 재단(관광/문화/예술),수원시 재단법인 수원문화재단 설립 및 운영 조례,수원시청,관광과,주무관,김세은,031-5191-3084,
273,09. 경기,수원시,2026 만석거 새빛축제,01. 문화예술,만석거 일원,04. 독립형,09. 경기,수원시,장안구,2026,4,3,2026,4,12,10,,01. 매년,2024,150,0,150,0,해당없음,"30,000","30,000",모름,02. 추정,통신 데이터,수원시 관광과,01. 정부/지자체,지자체 직영 추진,수원시청,관광과,주무관,김세은,031-5191-3084,
274,09. 경기,용인시,제26회 용인사이버과학축제,03. 주민화합,용인미르스타디움,04. 독립형,09. 경기,용인시,삼가동,2026,,,2026,,,2,미정,01. 매년,2001,220,0,220,0,해당없음,"45,000","45,000",모름,01. 계측,유인,용인시 정보통신과,01. 정부/지자체,용인시 지능정보화 조례,용인시청,정보통신과,주무관,하창선,031-6193-2083,
275,09. 경기,용인시,제2회 김량장 페스티벌,03. 주민화합,용인중앙시장 일원,01. 마을형,09. 경기,용인시,중앙동,2026,9,12,2026,9,13,2,,01. 매년,2025,50,0,50,0,해당없음,"17,000","17,000",모름,01. 계측,유인,중앙동 도시재생현장지원센터,01. 정부/지자체,도시재생 활성화 및 지원에 관한 특별법,용인시청,도시정비과,주무관,김은화,031-6193-3229,
276,09. 경기,용인시,대한민국 조아용 캐릭터 축제,03. 주민화합,미르스타디움(예정),04. 독립형,09. 경기,용인시,-,2026,10,3,2026,10,4,2,,01. 매년,1996,260,0,260,0,해당없음,"45,000",모름,모름,01. 계측,유인,용인시,01. 정부/지자체,용인시 시민의날 조례,용인시청,문화예술과,주무관,이소담,031-6193-2064,
277,09. 경기,용인시,제22회 포은문화제,04. 전통역사,모현읍 포은 정몽주선생 묘역,04. 독립형,09. 경기,용인시,-,2026,10,10,2026,10,11,2,,01. 매년,2003,130,0,130,0,해당없음,"10,000","10,000",0,01. 계측,무인,용인문화원,02. 재단(관광/문화/예술),지방문화원진흥법,용인시청,문화예술과,주무관,심영준,031-6193-2097,
278,09. 경기,용인시,제11회 백암 백중문화제,03. 주민화합,백암면 행정복지센터 일원,04. 독립형,09. 경기,용인시,백암면,2026,8,29,2026,8,30,2,,01. 매년,2011,60,0,60,0,해당없음,"10,000","10,000",모름,99. 무응답,기타,백암 백중문화보존위원회,04. 지자체 위원회,국세기본법 제13조,처인구청,자치행정과,주무관,권지원,031-6193-5053,
279,09. 경기,용인시,도농어울림행사,03. 주민화합,용인농촌테마파크,02. 녹지형,09. 경기,용인시,처인구,2026,,,2026,,,4,미정,01. 매년,2014,170,0,170,0,해당없음,"10,126","10,126",0,01. 계측,티켓판매,용인시 농촌테마과,01. 정부/지자체,도시와 농어촌 간의 교류촉진에 관한 법률,용인시농업기술센터,농촌테마과,팀장,김성일,031-6193-1100,
280,09. 경기,고양시,2026 행주가 예술이야,01. 문화예술,행주산성,04. 독립형,09. 경기,고양시,행주동,2026,10,9,2026,10,18,10,,01. 매년,2021,270,99,171,0,문화체육관광부,"43,846","43,846",모름,01. 계측,무인,경기 고양시,01. 정부/지자체,,고양시청,관광과,주무관,김민경,031-8075-3404,
281,09. 경기,화성시,제16회 화성 뱃놀이 축제,01. 문화예술,전곡항 일원,03. 수변형,09. 경기,화성시,서신면,2026,5,22,2026,5,25,4,,01. 매년,2008,"1,680",40,"1,640",0,문화체육관광부,"271,520","271,520",모름,99. 무응답,기타,화성시문화관광재단,02. 재단(관광/문화/예술),화성시문화관광재단의 설립 및 운영에 관한 조례,화성시청,관광진흥과,주무관,문창근,031-5189-6136,
282,09. 경기,성남시,2026 성남페스티벌,01. 문화예술,성남일원,05. 기타,09. 경기,성남시,-,2026,10,,2026,10,,,미정,01. 매년,2023,"1,521",0,"1,521",0,해당없음,"216,121","216,121",모름,01. 계측,무인,성남문화재단,02. 재단(관광/문화/예술),성남시 문화재단 설립 및 운영에 관한 조례,성남시,문화관광과,주무관,이인희,031-729-2696,
283,09. 경기,성남시,제12회 복정 어울림 빛 축제,03. 주민화합,복정동 분수광장,02. 녹지형,09. 경기,성남시,복정동,2026,12,1,2027,1,15,46,,01. 매년,2012,120,0,60,60,해당없음,미집계,미집계,미집계,03. 미집계,,복정동 빛축제 추진위원회,04. 지자체 위원회,성남시 지역축제 지원 및 운영조례,성남시 수정구,복정동,주무관,김수련,031-729-5842,
284,09. 경기,부천시,제29회 부천국제만화축제,01. 문화예술,한국만화박물관 일원,04. 독립형,09. 경기,부천시,상동,2026,9,18,2026,9,20,3,,01. 매년,1998,300,0,300,0,해당없음,"100,109","100,109",모름,01. 계측,유인,한국만화영상진흥원,03. 기타 공공,한국만화영상진흥원 설치 및 운영 조례,부천시청,콘텐츠관광과,행정8급/주무관,김한나,032-625-9377,
285,09. 경기,부천시,제10회 경기국제코스프레페스티벌,01. 문화예술,한국만화박물관 일원,04. 독립형,09. 경기,부천시,상동,2026,9,18,2026,9,20,3,,01. 매년,2017,244,0,244,0,해당없음,"100,109","100,109",모름,01. 계측,유인,한국만화영상진흥원,03. 기타 공공,한국만화영상진흥원 설치 및 운영 조례,부천시청,콘텐츠관광과,행정8급/주무관,김한나,032-625-9377,
286,09. 경기,부천시,제30회 부천국제판타스틱영화제,01. 문화예술,부천아트센터 등 부천시 권역,03. 수변형,09. 경기,부천시,중동,2026,7,2,2026,7,12,11,,01. 매년,1997,"5,843",650,"3,048","2,145",영화진흥위원회,"128,479","128,479",모름,01. 계측,티켓판매,(사)부천국제판타스틱영화제 조직위원회,04. 지자체 위원회,부천시 영상 문화·산업 진흥 조례,부천시청,콘텐츠관광과,행정7급/주무관,김수경,032-625-9356,
287,09. 경기,부천시, 제28회 국제애니메이션페스티벌 ,01. 문화예술,한국만화박물관 등,04. 독립형,09. 경기, 부천시 , 상동 ,2026,10,23,2026,10,27,5,,01. 매년,1999,"1,395",74,"1,171",150, 영화진흥위원회 ,"10,926","10,926",모름,01. 계측,티켓판매, (사)부천국제애니메이션페스티벌 조직위원회 ,04. 지자체 위원회,부천시 영상 문화·산업 진흥 조례, 부천시청 , 콘텐츠관광과 , 행정8급/주무관 , 권지은 , 032-625-9357 ,
288,09. 경기,부천시,2026년 부천페스타(B-festa)-봄꽃여행,01. 문화예술,부천종합운동장,03. 수변형,09. 경기,부천시,춘의동,2026,3,28,2026,4,2,6,,01. 매년,2025,90,0,90,0,해당없음,"33,289","32,989",300,01. 계측,무인,2026년 부천 페스타-봄꽃여행 활성화 TF팀,01. 정부/지자체,부천시관광진흥에관한조례,부천시청,콘텐츠관광과,시간선택제임기제나급/주무관,한호성,032-625-9373,
289,09. 경기,부천시,제41회 부천복사골예술제,01. 문화예술,시청 잔디광장 등 6개소,02. 녹지형,09. 경기,부천시,중동,2026,5,2,2026,5,5,4,,01. 매년,1985,243,0,243,0,해당없음,"45,000","45,000",모름,99. 무응답,기타,한국예총부천지회,05. 민간 협/단체,자체정관,부천시,문화정책과,행정7급/주무관,기영석,032-320-3112,
290,09. 경기,부천시,(영화제 연계) 위조이 치맥 축제,03. 주민화합,시청 잔디광장,02. 녹지형,09. 경기,부천시,중동,2026,7,3,2026,7,4,2,,01. 매년,2024,50,0,50,0,해당없음,"16,430","16,430",모름,02. 추정,통신 데이터,부천시청,01. 정부/지자체,-,부천시청,식품위생과,보건6급/주무관,김민채,032-625-4326,
291,09. 경기,부천시,제5회 부천건축문화제,01. 문화예술,한국만화박물관(예정),04. 독립형,09. 경기,부천시,원미구,2026,10,22,2026,10,25,4,,01. 매년,2022,무응답,무응답,무응답,무응답,무응답,미집계,미집계,미집계,03. 미집계,,경기 부천시,01. 정부/지자체,-,부천시청,건축디자인과,시설7급/주무관,최정은,032-625-3523,
292,09. 경기,부천시,제26회 부천 원미산 진달래축제,02. 자연생태,원미산 진달래동산,02. 녹지형,09. 경기,부천시,원미구,2026,4,4,2026,4,5,2,,01. 매년,2001,65,30,35,0,무응답,"18,146","18,146",모름,01. 계측,무인,원미산진달래축제추진위원회,04. 지자체 위원회,부천시 문화예술 진흥 조례 제55조,부천시,원미구 춘의동,행정7급/주무관,한소담,032-625-5662,
293,09. 경기,부천시,제28회 도당산 벚꽃축제,02. 자연생태,도당산 일원,02. 녹지형,09. 경기,부천시,원미구,2026,,,2026,,,2,미정,01. 매년,1999,27,0,27,0,해당없음,"9,150","9,150",모름,99. 무응답,기타,벚꽃축제추진위원회,04. 지자체 위원회,부천시 문화예술 진흥 조례 제55조,부천시,원미구 도당동,행정8급/주무관,박경택,032-625-5683,
294,09. 경기,남양주시,제40회 다산정약용문화제,04. 전통역사,정약용유적지 및 다산생태공원,02. 녹지형,09. 경기,남양주시,조안면,2026,10,17,2026,10,18,2,,01. 매년,1986,310,0,310,0,해당없음,"18,000","18,000",모름,01. 계측,유인,남양주시,01. 정부/지자체,,남양주시청,문화예술과,주무관,배아름,031-590-2799,
295,09. 경기,남양주시,제21회 광릉숲축제,02. 자연생태,광릉숲,02. 녹지형,09. 경기,남양주시,진접읍,2026,10,24,2026,10,25,2,,01. 매년,2005,200,0,200,0,해당없음,"35,000","35,000",모름,01. 계측,유인,남양주시,01. 정부/지자체,,남양주시청,문화예술과,주무관,임희주,031-590-2454,
296,09. 경기,남양주시,빛의 속삭임과 함께하는 물맑음수목원 반딧불이 체험,02. 자연생태,물맑음수목원 일원,02. 녹지형,09. 경기,남양주시,수동면,2026,5,,2026,6,,14,미정,01. 매년,2025,30,0,30,0,해당없음,"6,800","6,800",모름,01. 계측,유인,남양주시,01. 정부/지자체,남양주시 물맑음수목원 운영 조례,남양주시청,휴양시설관리과,주무관,조효선,031-590-4075,
297,09. 경기,안산시,제22회 안산국제거리극축제,01. 문화예술,안산문화광장,02. 녹지형,09. 경기,안산시,고잔동,2026,5,1,2026,5,3,3,,01. 매년,2005,"1,000",0,"1,000",0,해당없음,"537,900","537,900",0,02. 추정,통신 데이터,안산문화재단,02. 재단(관광/문화/예술),안산시 안산문화재단 설립 및 운영 조례,안산시청,문화예술과,주무관,노자연,031-481-2068,
298,09. 경기,안산시,제29회 성호문화제,01. 문화예술,성호공원 및 이익선생묘 일원,02. 녹지형,09. 경기,안산시,상록구,2026,5,30,2026,5,31,2,,01. 매년,1996,60,0,60,0,해당없음,"7,000","7,000",모름,99. 무응답,,안산문화원,02. 재단(관광/문화/예술),지방문화원진흥법,안산시청,문화예술과,주무관,류옥수,031-481-2066,
299,09. 경기,안산시,제40회 별망성예술제,01. 문화예술,안산선부광장,02. 녹지형,09. 경기,안산시,선부동,2026,9,12,2026,9,13,2,,01. 매년,1987,143,0,130,13,해당없음,"20,000","20,000",0,99. 무응답,기타,안산예총,05. 민간 협/단체,민법  제32조(비영리법인 설립),안산시청,문화예술과,주무관,노자연,031-481-2068,
300,09. 경기,안산시,제7회 김홍도축제,04. 전통역사,화랑유원지,04. 독립형,09. 경기,안산시,초지동,2026,10,23,2026,10,25,3,,01. 매년,2018,290,0,290,0,해당없음,"135,870","135,870",0,02. 추정,통신 데이터,(재)안산문화재단,02. 재단(관광/문화/예술),안산시 안산문화재단 설립 및 운영 조례,안산시청,문화예술과,주무관,주미라,031-481-3511,
301,09. 경기,안산시,2026년 안산 대부포도축제,05. 지역특산물,대부바다향기테마파크,02. 녹지형,09. 경기,안산시,단원구,2026,9,19,2026,9,20,2,,01. 매년,1995,135,0,135,0,해당없음,"24,000","24,000",모름,99. 무응답,기타,(사)대부도포도축제위원회,04. 지자체 위원회,민법 및 농림축산식품부장관 및 그 소속 청장 소관 비영리 법인의 설립 및 감독에 관한 규칙,안산시청,농업정책과,주무관,김세영,031-481-2318,
302,09. 경기,안산시,제4회 음식문화제,01. 문화예술,화랑유원지 일원,02. 녹지형,09. 경기,안산시,초지동,2026,10,23,2026,10,24,2,,01. 매년,2019,40,0,40,0,해당없음,"7,000","7,000",모름,99. 무응답,기타,경기 안산시,01. 정부/지자체,,안산시청,위생정책과,주무관,김선영,031-481-2232,
303,09. 경기,안산시,2026 안산사이언스밸리(ASV)과학축제,01. 문화예술,한양대학교ERICA 민주광장 일대,04. 독립형,09. 경기,안산시,상록구,2026,,,2026,,,,미정,01. 매년,2012,240,0,240,0,해당없음,"60,000","60,000",모름,02. 추정,통신 데이터,"(재)안산시청소년재단
상록청소년수련관",02. 재단(관광/문화/예술),안산시 청소년재단 설림 및 운영 조례,안산시청,산업진흥과,주무관,채호승,031-481-3589,
304,09. 경기,안양시,2026 안양충훈벚꽃축제,02. 자연생태,충훈벚꽃길 일대(충훈2교 및 석수로),02. 녹지형,09. 경기,안양시,석수동,2026,4,11,2026,4,12,2,,01. 매년,2003,70,0,70,0,해당없음,"25,000","25,000",모름,01. 계측,유인,"안양문화예술재단
안양충훈벚꽃축제추진위원회",02. 재단(관광/문화/예술),안양문화예술재단 설립 및 운영 조례,"안양시청
안양문화예술재단","문화관광과
문화사업부","주무관
차장","황경애
김수현","031-8045-5469
031-687-0543",
305,09. 경기,안양시,제35회 안양예술제,01. 문화예술,평촌중앙공원,02. 녹지형,09. 경기,안양시,평촌동,2026,6,5,2026,6,6,2,,01. 매년,1992,92,0,92,0,해당없음,"1,000","1,000",모름,99. 무응답,,사)한국예총 안양지회,05. 민간 협/단체,문화예술진흥법,안양시청,문화관광과,주무관,조아라,031-8045-5593,
306,09. 경기,안양시,2026 안양건축문화제,01. 문화예술,김중업건축박물관,04. 독립형,09. 경기,안양시,석수동,2026,9,,2026,9,,,미정,02. 격년,2018,166,0,146,20,해당없음,"5,456","5,456",0,01. 계측,유인,안양지역 건축사회,05. 민간 협/단체,건축사법,안양시청,건축과,주무관,이유나,031-8045-2142,
307,09. 경기,안양시,제23회 안양스마T움축제,03. 주민화합,안양체육관 일원,04. 독립형,09. 경기,안양시,비산동,2026,9,12,2026,9,13,2,,01. 매년,2002,260,0,260,0,해당없음,"41,000","41,000",모름,01. 계측,무인,안양시,01. 정부/지자체,-,안양시청,정보통신과,주무관,권누리,031-8045-5131,
308,09. 경기,안양시,안양 음식문화축제,01. 문화예술,평촌중앙공원 다목적 운동장,02. 녹지형,09. 경기,안양시,평촌동,2026,9,18,2026,9,20,3,,01. 매년,2013,64,0,64,0,해당없음,"32,183","32,183",모름,02. 추정,통신 데이터,안양시,01. 정부/지자체,안양시 음식관광산업 육성 및 지원 조례 ,안양시청,위생정책과,주무관,유선희,031-8045-5616,
309,09. 경기,안양시,2026 안양춤축제,01. 문화예술,"평촌중앙공원, 삼덕공원",02. 녹지형,09. 경기,안양시,"평촌동, 안양동",2026,9,18,2026,9,20,3,,01. 매년,2000,600,0,600,0,해당없음,"142,088","141,966",122,02. 추정,통신 데이터,"안양문화예술재단
안양춤축제추진위원회",02. 재단(관광/문화/예술),안양문화예술재단 설립 및 운영 조례,"안양시청
안양문화예술재단","문화관광과
문화사업부","주무관
과장","황경애
강진구","031-8045-5469
031-687-0545",
310,09. 경기,안양시,안양1번가 넘버원 페스티벌,03. 주민화합,안양1번가 일원,01. 마을형,09. 경기,안양시,안양동,2026,10,16,2026,10,17,2,,01. 매년,2023,100,0,100,0,해당없음,"8,310","8,310",모름,01. 계측,유인,안양시,01. 정부/지자체,해당없음,안양시청,문화관광과,주무관,김현정,031-8045-5496,
311,09. 경기,시흥시,제33회 물왕예술제,01. 문화예술,"목감 산현공원, 배곧 생명공원",02. 녹지형,09. 경기,시흥시,-,2026,6,5,2026,6,7,3,,01. 매년,1992,140,0,140,0,해당없음,"9,000","9,000",모름,02. 추정,객석점유정도,시흥예총,05. 민간 협/단체,문화예술진흥법 제7조,시흥시청,문화예술과,주무관,신주영,031-310-6705,
312,09. 경기,시흥시,거북섬 써머비트 페스티벌,01. 문화예술,거북섬 일원,03. 수변형,09. 경기,시흥시,거북섬동,2026,9,,2026,9,,2,미정,01. 매년,2025,160,0,160,0,해당없음,"16,000","16,000",모름,02. 추정,관람존 점유율,관광과 관광축제팀,01. 정부/지자체,,시흥시청,관광과,주무관,임지영,031-310-2930,
313,09. 경기,시흥시,제21회 시흥갯골축제,02. 자연생태,시흥갯골생태공원,02. 녹지형,09. 경기,시흥시,장곡동,2026,9,18,2026,9,20,3,,01. 매년,2005,580,0,580,0,해당없음,"30,778","30,778",모름,02. 추정,셔틀이용 비율,관광과 관광축제팀,01. 정부/지자체,,시흥시청,관광과,주무관,유한준,031-310-2920,
314,09. 경기,시흥시,연성문화제,04. 전통역사,연꽃테마파크,02. 녹지형,09. 경기,시흥시,연성동,2026,10,,2026,10,,2,미정,01. 매년,1989,70,0,70,0,해당없음,"3,000","3,000",모름,01. 계측,유인,시흥문화원,02. 재단(관광/문화/예술),지방문화원진흥법,시흥시청,문화예술과,주무관,손해령,031-310-6702,
315,09. 경기,시흥시,제18회 평생학습축제,03. 주민화합,ABC행복학습타운,01. 마을형,09. 경기,시흥시,대야동,2026,10,23,2026,10,24,2,,01. 매년,2006,60,0,60,0,해당없음,"5,000","5,000",모름,99. 무응답,기타,평생학습과,01. 정부/지자체,,시흥시청,평생학습과,주무관,윤재희,031-310-2502,
316,09. 경기,파주시,파주출판도시 어린이 책잔치,01. 문화예술,파주출판도시 일원,01. 마을형,09. 경기,파주시,교하동,2026,5,2,2026,5,5,4,,01. 매년,2003,67,0,61,7,해당없음,"37,000","37,000",모름,01. 계측,티켓판매,출판도시문화재단,02. 재단(관광/문화/예술),,파주시청,문화예술과,주무관,이채영,031-940-4721,
317,09. 경기,파주시,2026 파주포크페스티벌,01. 문화예술,임진각 평화누리공원 일원,02. 녹지형,09. 경기,파주시,문산읍,2026,9,4,2026,9,5,2,,01. 매년,2011,290,0,290,0,해당없음,"17,000","17,000",모름,01. 계측,유인,파주문화재단,02. 재단(관광/문화/예술),파주문화재단 설립 및 운영에 관한 조례 제4조(사업),파주문화재단,공연전시팀,대리,김예솜,031-950-8431,
318,09. 경기,파주시,DMA국제다큐멘터리영화제,01. 문화예술,임진각 평화누리 공연장,02. 녹지형,09. 경기,파주시,문산읍,2026,9,10,2026,9,16,7,,01. 매년,2009,"3,624",443,"3,181",0,문화체육관광부,"25,000","25,000",0,99. 무응답,기타,사단법인DMZ국제다큐멘터리영화제,05. 민간 협/단체,문화산업진흥 기본법,파주시청,문화예술과,주무관,최원규,031-940-4723,
319,09. 경기,파주시,제8회 운정호수공원 불꽃축제,01. 문화예술,운정호수공원 일대,02. 녹지형,09. 경기,파주시,운정1동,2026,10,1,2026,12,31,92,,01. 매년,2017,505,0,505,0,해당없음,"97,849","97,661",188,02. 추정,통신 데이터,파주문화재단,02. 재단(관광/문화/예술),파주문화재단 설립 및 운영에 관한 조례 제4조(사업),파주문화재단,공연전시팀,대리,오하영,031-950-8433,
320,09. 경기,파주시,2026 헤이리 판 페스티벌,01. 문화예술,헤이리 예술마을 ,01. 마을형,09. 경기,파주시,탄현면,2026,10,2,2026,10,5,4,,01. 매년,2006,128,0,113,15,해당없음,"36,000","36,000",모름,99. 무응답,기타,사단법인 헤이리,05. 민간 협/단체,,파주시청,문화예술과,주무관,안경희,031-940-4722,
321,09. 경기,파주시,파주 페어 북앤컬처,01. 문화예술,파주출판도시 일원,01. 마을형,09. 경기,파주시,교하동,2026,10,9,2026,10,11,3,,01. 매년,2024,"1,086",0,"1,026",60,해당없음,"50,000","50,000",모름,01. 계측,티켓판매,출판도시문화재단,02. 재단(관광/문화/예술),,파주시청,문화예술과,주무관,이채영,031-940-4721,
322,09. 경기,파주시,제36회 율곡문화제,04. 전통역사,자운서원,04. 독립형,09. 경기,파주시,법원읍,2026,10,10,2026,10,11,2,,01. 매년,1987,250,0,250,0,해당없음,"2,000","2,000",모름,01. 계측,유인,파주문화재단,02. 재단(관광/문화/예술),파주문화재단 설립 및 운영에 관한 조례 제4조(사업),파주문화재단,문화사업팀,주임,최다희,031-950-8424,
323,09. 경기,파주시,제18회 문산거리축제,03. 주민화합,문산천 노을길,03. 수변형,09. 경기,파주시,문산읍,2026,9,19,2026,9,20,2,,01. 매년,2005,36,0,32,4,해당없음,"10,000","10,000",0,99. 무응답,,문산읍주민자치회,05. 민간 협/단체,파주시 주민자치회 및 주민자치센터 설치·운영에 관한 조례,파주시청,문산읍,주무관,김소연,031-940-5317,
324,09. 경기,파주시,금촌거리문화 축제,01. 문화예술,금촌통일시장,01. 마을형,09. 경기,파주시,금촌동,2026,9,19,2026,9,20,2,,01. 매년,2004,41,0,32,8,해당없음,"30,000","30,000",0,99. 무응답,기타,금촌거리문화축제 추진위원회,04. 지자체 위원회,파주시 전통시장 및 상점가 육성을 위한 조례,파주시청,민생경제과,주무관,황어진,031-940-4550,
325,09. 경기,파주시,제21회 파주개성인삼축제,05. 지역특산물,임진각광장,02. 녹지형,09. 경기,파주시,문산읍,2026,10,17,2026,10,18,2,,01. 매년,2005,600,0,600,0,해당없음,"86,557","77,983","8,574",99. 무응답,기타,파주개성인삼축제추진위원회,04. 지자체 위원회,파주시 지역축제의 지원에 관한 조례,파주시농업기술센터,도시농업과,주무관,조장훈,031-940-5282,
326,09. 경기,파주시,제30회 파주장단콩축제,05. 지역특산물,임진각광장,02. 녹지형,09. 경기,파주시,문산읍,2026,11,27,2026,11,29,3,,01. 매년,1997,734,0,734,0,해당없음,"244,982","216,443","28,539",99. 무응답,기타,파주장단콩축제추진위원회,04. 지자체 위원회,파주시 지역축제의 지원에 관한 조례,파주시농업기술센터,도시농업과,주무관,유인호,031-940-5281,
327,09. 경기,파주시,법원읍 달달한 희망 빛 축제,03. 주민화합,법원읍 대능리 225,05. 기타,09. 경기,파주시,법원읍,2026,9,18,2026,9,19,2,,01. 매년,미상,14,0,13,1,해당없음,"1,000","1,000",모름,99. 무응답,기타,법원읍 주민자치회,05. 민간 협/단체,파주시 주민자치회 및 주민자치센터 설치·운영에 관한 조례,파주시청,법원읍,주무관,송나겸,031-940-8485,
328,09. 경기,김포시,김포 벚꽃축제,01. 문화예술,김포 계양천(김포본동-사우동 구간) 일원,03. 수변형,09. 경기,김포시,김포본동,2026,4,11,2026,4,12,2,,01. 매년,2025,30,0,30,0,해당없음,"70,000","70,000",모름,99. 무응답,기타,김포문화재단,02. 재단(관광/문화/예술),김포문화재단 설립 및 운영에 관한 조례,김포시청,관광진흥과,주무관,조왕희,031-980-5113,
329,09. 경기,김포시,김포 아라마린페스티벌,01. 문화예술,김포 아라마리나 일원,03. 수변형,09. 경기,김포시,고촌읍,2026,6,19,2026,6,21,3,,01. 매년,2016,382,0,252,130,해당없음,"132,569","132,569",모름,99. 무응답,기타,케이워터운영관리㈜,06. 민간 사업체,한국수자원공사법 및 한국수자원공사정관,김포시청,관광진흥과,주무관,박희경,031-980-5112,
330,09. 경기,의정부시,제25회 의정부음악극축제,01. 문화예술,시청앞 광장,02. 녹지형,09. 경기,의정부시,의정부동,2026,5,9,2026,5,17,9,,01. 매년,2002,400,105,245,50,무응답,"21,500","16,285","5,215",01. 계측,유인,의정부문화재단,02. 재단(관광/문화/예술),(재)의정부문화재단 설립에 관한 조례,의정부시,문화예술과,주무관,조경훈,031-828-4342,
331,09. 경기,의정부시,제8회 BMF,01. 문화예술,시청앞 광장,02. 녹지형,09. 경기,의정부시,의정부동,2026,9,4,2026,9,5,2,,01. 매년,2018,450,50,400,0,무응답,"15,000","14,700",300,01. 계측,유인,의정부문화재단,02. 재단(관광/문화/예술),(재)의정부문화재단 설립에 관한 조례,의정부시,문화예술과,주무관,조경훈,031-828-4342,
332,09. 경기,의정부시,제41회 회룡문화제,01. 문화예술,의정부시 일원(미정),05. 기타,09. 경기,의정부시,-,2026,9,,2026,9,,2,미정,01. 매년,1987,100,0,100,0,해당없음,"5,000","5,000",모름,99. 무응답,기타,"의정부문화원
의정부문화재단",02. 재단(관광/문화/예술),"의정부문화원 지원 및 육성에 관한 조례
(재)의정부문화재단 설립에 관한 조례",의정부시,문화예술과,주무관,박민재,031-828-4333,
333,09. 경기,의정부시,제4회 문화도시 정책페스타,01. 문화예술,의정무예술의전당(예정),04. 독립형,09. 경기,의정부시,의정부동,2026,8,,2026,8,,2,미정,01. 매년,2023,340,170,170,0,무응답,"25,000","25,000",모름,99. 무응답,기타,의정부문화재단,02. 재단(관광/문화/예술),(재)의정부문화재단 설립에 관한 조례,의정부시,문화예술과,주무관,박민재,031-828-4333,
334,09. 경기,의정부시,제4회 가능야식해,03. 주민화합,가능역 일원,05. 기타,09. 경기,의정부시,가능동,2026,9,10,2026,9,11,2,,01. 매년,2023,33,0,30,3,해당없음,"2,000","2,000",모름,99. 무응답,기타,의정부도시공사,03. 기타 공공,의정부도시공사 설립 및 운영 조례,의정부도시공사,상권진흥센터,책임,박수현,031-928-6593,
335,09. 경기,의정부시,제5회 민락맥주축제,03. 주민화합,민락2지구 로데오광장 일원,02. 녹지형,09. 경기,의정부시,민락동,2026,9,18,2026,9,19,2,,01. 매년,2022,50,0,45,5,해당없음,"11,000","11,000",모름,99. 무응답,기타,의정부도시공사,03. 기타 공공,의정부도시공사 설립 및 운영 조례,의정부도시공사,상권진흥센터,책임,구자경,031-928-4931,
336,09. 경기,의정부시,제19회 의정부부대찌개축제,05. 지역특산물,의정부 부대찌개거리 일원,01. 마을형,09. 경기,의정부시,의정부동,2026,10,31,2026,11,1,2,,01. 매년,2008,39,0,35,4,해당없음,"4,500","4,500",모름,99. 무응답,기타,의정부도시공사,03. 기타 공공,의정부도시공사 설립 및 운영 조례,의정부도시공사,상권진흥센터,책임,안종훈,031-928-6528,
337,09. 경기,광주시,제31회 광주시 남한산성문화제,04. 전통역사,남한산성도립공원 일원,02. 녹지형,09. 경기,광주시,-,2026,9,,2026,9,,3,미정,01. 매년,1996,600,0,600,0,해당없음,"83,834","83,834",모름,02. 추정,주차면수,광주시문화재단,02. 재단(관광/문화/예술),광주시문화재단 설립 및 운영에 관한 조례,광주시문화재단,풀뿌리문화팀,주임,이도연,031-789-5743,
338,09. 경기,광주시,제29회 광주왕실도자페스티벌,04. 전통역사,곤지암도자공원 일원,02. 녹지형,09. 경기,광주시,-,2026,5,,2026,5,,10,미정,01. 매년,1997,725,0,725,0,해당없음,"228,291","228,291",모름,01. 계측,무인,광주시문화재단,02. 재단(관광/문화/예술),광주시문화재단 설립 및 운영에 관한 조례,광주시문화재단,풀뿌리문화팀,대리,김광래,031-789-5741,
339,09. 경기,광주시,제24회 퇴촌토마토거리축제,05. 지역특산물,퇴촌면 광동로 일원,05. 기타,09. 경기,광주시,-,2026,6,19,2026,6,21,3,,01. 매년,2003,350,0,350,0,해당없음,"300,000","300,000",모름,02. 추정,주차면수,광주시문화재단,02. 재단(관광/문화/예술),광주시문화재단 설립 및 운영에 관한 조례,광주시문화재단,풀뿌리문화팀,주임,이도연,031-789-5743,
340,09. 경기,하남시,2026 하남이성산성문화제,04. 전통역사,하남이성산성 일원,04. 독립형,09. 경기,하남시,-,2026,9,19,2026,9,20,2,미정,01. 매년,1989,200,0,200,0,해당없음,"16,500","16,500",모름,99. 무응답,기타,하남문화재단,02. 재단(관광/문화/예술),하남문화재단 법인설립 및 운영 지원 조례,하남시청,문화정책과,주무관,현은지,031-5182-1359,
341,09. 경기,양주시,제9회 양주 회암사지 왕실축제,04. 전통역사, 회암사지,04. 독립형,09. 경기,양주시,옥정1동,2026,4,17,2026,4,19,3,,01. 매년,2017,501,0,501,0,해당없음,"96,064","96,064",모름,01. 계측,무인,양주시(문화관광과),01. 정부/지자체,해당없음,양주시청,문화관광과,주무관,문보미,031-8082-5652,
342,09. 경기,양주시,양주국가유산 야행,04. 전통역사,양주 관아지 일원,04. 독립형,09. 경기,양주시,양주1동,2026,9,11,2026,9,20,10,,01. 매년,2020,493,157,336,0, 국가유산청,"100,000","100,000",모름,02. 추정,주차면수,양주시(문화관광과),01. 정부/지자체,해당없음,양주시청,문화관광과,주무관,조광희,031-8082-5673,
343,09. 경기,양주시,제8회 양주 천만송이 천일홍 축제,02. 자연생태,양주나리농원 및 고읍시가지 일원,04. 독립형,09. 경기,양주시,양주2동,2026,10,,2026,10,,,미정,01. 매년,2017,630,0,630,0,해당없음,"150,000","150,000",모름,01. 계측,유인,양주시(문화관광과),01. 정부/지자체,해당없음,양주시청,문화관광과,주무관,문성우,031-8082-5655,
344,09. 경기,양주시,2026 경기ㆍ양주ㆍ지작사 드론봇 페스티벌,03. 주민화합,광적면 가납리ㆍ석우리 일원(가납리비행장 내),01. 마을형,09. 경기,양주시,광적면,2026,10,31,2026,11,2,3,,01. 매년,2022,384,0,384,0,해당없음,"42,530","42,530",모름,01. 계측,유인,양주 드론봇인재교육센터,01. 정부/지자체,양주시 드론산업 육성 및 지원에 관한 조례,양주시청,기업지원과,주무관,배규환,031-8082-6161,
345,09. 경기,광명시,페스티벌 광명,01. 문화예술,철산 상업지구 일대,01. 마을형,09. 경기,광명시,철산동,2026,10,3,2026,10,4,2,,01. 매년,2022,500,0,500,0,해당없음,"51,260","51,260",모름,99. 무응답,기타,광명시 문화관광과,01. 정부/지자체,-,광명시청,문화관광과,전문관,조현주,02-2680-2787,
346,09. 경기,광명시,2026년 제4회 광명동굴 빛 축제,01. 문화예술,광명동굴 일대,04. 독립형,09. 경기,광명시,가학동,2026,10,2,2026,10,3,2,,01. 매년,2023,290,0,290,0,해당없음,"53,936","53,936",모름,01. 계측,유인,광명도시공사,03. 기타 공공,광명도시공사 운영 조례,광명시청,문화관광과,주무관,박조민,02-2680-6059,
347,09. 경기,광명시,광명 봄꽃축제,02. 자연생태,한내천 및 소하 상업지구 일대,03. 수변형,09. 경기,광명시,소하동,2026,4,10,2026,4,11,2,,01. 매년,2025,35,0,35,0,해당없음,"13,909","13,909",모름,99. 무응답,기타,광명문화재단,02. 재단(관광/문화/예술),광몀문화재단 설립 및 운영에 관한 조례,광명시청,문화관광과,주무관,김지현,02-2680-6213,
348,09. 경기,광명시,광명마당극축제,01. 문화예술,광명시민운동장 일대,04. 독립형,09. 경기,광명시,철산동,2026,9,11,2026,9,13,3,,01. 매년,2024,170,0,170,0,해당없음,"10,388","10,388",모름,02. 추정,통신 데이터,광명문화재단,02. 재단(관광/문화/예술),광몀문화재단 설립 및 운영에 관한 조례,광명시청,문화관광과,주무관,김지현,02-2680-6213,
349,09. 경기,광명시,제23회 광명시평생학습축제,03. 주민화합,평생학습원 일대,02. 녹지형,09. 경기,광명시,하안동,2026,10,17,2026,10,18,2,,01. 매년,2002,127,0,127,0,해당없음,"32,000","32,000",모름,99. 무응답,기타,광명시 평생학습원,01. 정부/지자체,-,광명시청,평생학습원,주무관,정해경,02-2680-6200,
350,09. 경기,오산시,2026 오(oh)! 해피 장미빛축제,01. 문화예술,고인돌공원,02. 녹지형,09. 경기,오산시,금암동,2026,5,30,2026,6,13,15,,01. 매년,2025,100,0,100,0,해당없음,"40,277","40,277",모름,02. 추정,통신 데이터,오산문화재단,02. 재단(관광/문화/예술),오산문화재단 설립 및 운영 조례,오산시청,문화예술과,주무관,이시원,031-8036-7608,
351,09. 경기,오산시,2026 오(oh)! 해피 산타 마켓,01. 문화예술,오산역 광장,02. 녹지형,09. 경기,오산시,오산동,2026,12,5,2026,12,31,27,,01. 매년,2023,300,0,300,0,해당없음,"190,000","190,000",모름,02. 추정,통신 데이터,오산문화재단,02. 재단(관광/문화/예술),오산문화재단 설립 및 운영 조례,오산시청,문화예술과,주무관,홍은기,031-8036-7612,
352,09. 경기,오산시,제13회 야맥축제,03. 주민화합,오산오색시장 일원,01. 마을형,09. 경기,오산시,오산동,2026,6,5,2026,6,7,3,,01. 매년,2016,105,0,95,10,해당없음,"98,106","98,106",모름,02. 추정,통신 데이터,오산오색시장상인회,05. 민간 협/단체,전통시장 및 상점가 육성을 위한 특별법 제65조(상인회),오산시청,민생경제과,주무관,임영미,031-8036-7553,
353,09. 경기,군포시,군포철쭉축제,02. 자연생태,"철쭉동산, 철쭉공원 등 ",02. 녹지형,09. 경기,군포시,산본동,2026,4,18,2026,4,26,9,,01. 매년,2011,600,0,600,0,해당없음,"545,802","545,802",모름,01. 계측,유인,군포문화재단,02. 재단(관광/문화/예술),군포문화재단 설립 및 운영에 관한 조례,군포시청,문화예술과,주무관,박미진,031-390-0063,
354,09. 경기,이천시,제40회 이천도자기축제,01. 문화예술,이천도자예술마을 일원,01. 마을형,09. 경기,이천시,신둔면,2026,4,24,2026,5,5,12,,01. 매년,1987,"1,413",0,"1,413",0,해당없음,"1,141,000","1,141,000",모름,02. 추정,주차면수,이천시도자기축제추진위원회,04. 지자체 위원회,이천시 도자기축제 추진위원회 조례,이천시청,관광과,주무관,김진경,031-645-3682,
355,09. 경기,이천시,2026 이천펫축제,03. 주민화합,이천도자예술마을,01. 마을형,09. 경기,이천시,신둔면,2026,9,,2026,9,,2,미정,01. 매년,2023,153,0,153,0,해당없음,"14,000","14,000",모름,02. 추정,주차면수,이천시 관광과,01. 정부/지자체,,이천시청,관광과,주무관,김진경,031-645-3682,
356,09. 경기,이천시,제12회 이천인삼축제,05. 지역특산물,이천인삼판매센터,03. 수변형,09. 경기,이천시,신둔면,2026,11,,2026,11,,3,미정,01. 매년,2015,300,0,150,150,해당없음,"97,960","97,960",모름,02. 추정,주차면수,이천인삼축제추진위원회,04. 지자체 위원회,이천시 인삼축제추진위원회 운영 조례 ,이천시청,농업정책과,주무관,성우석,031-6190-7332,
357,09. 경기,이천시,제30회 장호원 햇사레복숭아축제,05. 지역특산물,"장호원농산물유통센터
(장호원읍 서동대로 8759번길117)",04. 독립형,09. 경기,이천시,장호원읍,2026,9,,2026,9,,3,미정,01. 매년,1997,418,0,308,110,해당없음,"97,000","97,000",모름,02. 추정,주차면수,복숭아축제추진위원회,04. 지자체 위원회,이천시 장호원 복숭아축제추진위원회 운영 조례,이천시청,농업정책과,주무관,조지훈,031-6190-7333,
358,09. 경기,이천시,제15회 이천시 주민자치평생학습축제,03. 주민화합,이천시청광장,02. 녹지형,09. 경기,이천시,중리동,2026,4,11,2026,4,12,2,,02. 격년,2005,243,0,243,0,해당없음,"10,000","10,000",모름,99. 무응답,기타,이천시 시민교육지원과,01. 정부/지자체,이천시 평생학습조례,이천시청,시민교육지원과,주무관,류이타,031-644-4333,
359,09. 경기,이천시,제25회 이천쌀문화축제,05. 지역특산물,이천농업테마공원,02. 녹지형,09. 경기,이천시,모가면,2026,10,,2026,10,,5,미정,01. 매년,1996,"1,672",0,"1,672",0,해당없음,"232,000","232,000",모름,99. 무응답,기타,이천쌀문화축제추진위원회,04. 지자체 위원회,이천시 쌀문화축제추진위원회 운영 조례,이천시농업기술센터,농업진흥과,주무관,강신혜,031-6190-7416,
360,09. 경기,이천시,제27회 이천 백사 산수유꽃축제,02. 자연생태,백사면 도립1리 일원,01. 마을형,09. 경기,이천시,백사면,2026,3,,2026,3,,3,미정,01. 매년,2000,200,0,200,0,해당없음,"84,000","84,000",모름,99. 무응답,,이천백사 산수유 꽃 축제 추진위원회,04. 지자체 위원회,이천백사 산수유 꽃 축제 추진위원회 운영 조례,백사면,총무팀,주무관,박연주,031-644-8512,
361,09. 경기,이천시,2026 서희외교문화제,01. 문화예술,"서희테마파크
(무촌로18번길 130)",04. 독립형,09. 경기,이천시,부발읍,2026,10,,2026,10,,2,미정,01. 매년,2017,137,0,137,0,해당없음,"6,500","6,500",모름,99. 무응답,기타,이천문화재단,02. 재단(관광/문화/예술),이천시 장위공 서희 선생 선양 사업에 관한 조례,이천문화재단,지역문화팀,대리,노상호,031-633-9743,
362,09. 경기,이천시,제40회 설봉문화제,01. 문화예술,경기도자미술관 앞 잔디마당,04. 독립형,09. 경기,이천시,관고동,2026,9,5,2026,9,6,2,,01. 매년,1987,60,0,60,0,해당없음,"3,000","3,000",모름,99. 무응답,기타,이천문화원,02. 재단(관광/문화/예술),이천시 문화원 지원 및 육성에 관한 조례,이천시청,문화예술과,주무관,장소정,031-645-3672,
363,09. 경기,이천시,2026 이천 첨단방산드론 대전,01. 문화예술,이천시종합운동장,03. 수변형,09. 경기,이천시,부발읍,2026,10,,2026,10,,3,미정,01. 매년,2025,300,0,300,0,해당없음,"46,000","46,000",모름,01. 계측,유인,이천시 미래도시과,01. 정부/지자체,,이천시청,미래도시과,주무관,장연수,031-644-2063,
364,09. 경기,안성시,안성맞춤 남사당 바우덕이축제,04. 전통역사,안성맞춤랜드 및 안성천,03. 수변형,09. 경기,안성시,-,2026,10,2,2026,10,5,4,,01. 매년,2001,"21,826",40,"21,786",0,문화체육관광부,"603,622","603,622",모름,01. 계측,유인,안성맞춤 남사당 바우덕이축제사무국,01. 정부/지자체,안성맞춤 남사당바우덕이 축제 조례 ,안성시청,문화예술사업소,주무관,김아현,031-678-5414,
365,09. 경기,안성시,안성맞춤포도축제,05. 지역특산물,서운면 일원,05. 기타,09. 경기,안성시,서운면,2026,,,2026,,,3,미정,01. 매년,2007,55,0,50,5,해당없음,미집계,미집계,미집계,03. 미집계,,안성맞춤포도축제위원회,04. 지자체 위원회,해당없음,안성시청,문화예술사업소,주무관,곽미라,031-678-5993,
366,09. 경기,안성시,죽주대고려문화축제,04. 전통역사,동안성시민복지센터 일원,04. 독립형,09. 경기,안성시,죽산면,2026,,,2026,,,2,미정,01. 매년,2004,55,0,50,5,해당없음,미집계,미집계,미집계,03. 미집계,,죽주대고려문화축제위원회,04. 지자체 위원회,해당없음,안성시청,문화예술사업소,주무관,괵미라,031-678-5993,
367,09. 경기,구리시,2026 구리 유채꽃 축제,01. 문화예술,구리한강시민공원,02. 녹지형,09. 경기,구리시,-,2026,5,8,2026,5,10,3,,01. 매년,2001,362,0,362,0,해당없음,"300,000","300,000",모름,02. 추정,경찰추산,구리문화원,02. 재단(관광/문화/예술),구리시문화원육성진흥에관한조례,구리시청,문화예술과,주무관,김신철,031-550-2065,
368,09. 경기,구리시,2026 구리 코스모스 축제,01. 문화예술,구리한강시민공원,02. 녹지형,09. 경기,구리시,-,2026,10,,2026,10,,3,미정,01. 매년,2001,410,0,410,0,해당없음,"300,000","300,000",모름,02. 추정,경찬추산,구리문화원,02. 재단(관광/문화/예술),구리시문화원육성진흥에관한조례,구리시청,문화예술과,주무관,김신철,031-550-2065,
369,09. 경기,구리시,동구릉 힐링예술제,01. 문화예술,동구릉,02. 녹지형,09. 경기,구리시,-,2026,10,17,2026,10,18,2,,01. 매년,2023,53,0,49,4,해당없음,"6,865","6,865",모름,02. 추정,통신 데이터,구리문화원,02. 재단(관광/문화/예술),구리시문화원육성진흥에관한조례,구리시청,문화예술과,주무관,김새결,031-550-8362,
370,09. 경기,구리시,2026 구리 빛 축제,01. 문화예술,미정,06. 미정,09. 경기,구리시,-,2026,10,18,2026,12,25,69,,01. 매년,2023,290,0,290,0,해당없음,"10,000","10,000",모름,02. 추정,지하철 이용률 분석,경기 구리시,01. 정부/지자체,,구리시청,문화예술과,주무관,김지현,031-550-2485,
371,09. 경기,구리시,2026 마신는 구리 축제,05. 지역특산물,구리광장(미정),02. 녹지형,09. 경기,구리시,인창동,2026,10,,2026,10,,2,미정,01. 매년,2023,280,0,280,0,해당없음,"10,134","10,134",모름,01. 계측,유인,구리시상권활성화재단,02. 재단(관광/문화/예술),구리시 상권활성화재단 설립 및 운영 조례,구리시청,일자리경제과,주무관,정지혜,031-550-2164,
372,09. 경기,구리시,구리전통시장 거리축제,01. 문화예술,구리전통시장,01. 마을형,09. 경기,구리시,수택동,2026,10,,2026,10,,3,미정,01. 매년,2006,36,0,30,6,해당없음,"1,000","1,000",모름,01. 계측,유인,구리전통시장상인회,05. 민간 협/단체,전통시장 및 상점가 육성을 위한 특별법,구리시청,일자리경제과,주무관,김수민,031-550-8797,
373,09. 경기,구리시,제20회 구리시 평생학습축제,01. 문화예술,미정,06. 미정,09. 경기,구리시,-,2026,,,2026,,,,미정,01. 매년,2006,미확정,0,미확정,미확정,해당없음,"6,250","6,250",모름,99. 무응답,기타,구리시 평생학습과,01. 정부/지자체,,구리시,평생학습과,주무관,이현경,031-550-8773,
374,09. 경기,포천시,제29회 포천 산정호수 명성산 억새꽃축제,01. 문화예술,산정호수 호수광장,02. 녹지형,09. 경기,포천시,영북면,2026,10,16,2026,10,18,3,,01. 매년,1997,450,0,450,0,해당없음,"50,000","50,000",모름,01. 계측,무인,포천문화관광재단,02. 재단(관광/문화/예술),포천시 포천문화관광재단 설립 및 운영에 관한 조례,포천시,관광과,주무관,김종하,031-538-4009,
375,09. 경기,포천시,제2회 포천 한탄강 봄 가든페스타,02. 자연생태,한탄강 생태경관단지,03. 수변형,09. 경기,포천시,관인면,2026,5,2,2026,6,7,37,,01. 매년,2024,290,0,290,0,해당없음,"159,902","159,902",모름,01. 계측,티켓판매,포천시 관광과,01. 정부/지자체,해당없음,포천시,관광과,주무관,박종상,031-538-3143,
376,09. 경기,포천시,제3회 포천 한탄강 가을 가든페스타,02. 자연생태,한탄강 생태경관단지,03. 수변형,09. 경기,포천시,관인면,2026,9,12,2026,11,1,51,,01. 매년,2024,400,0,400,0,해당없음,"290,788","290,788",모름,01. 계측,티켓판매,포천시 관광과,01. 정부/지자체,해당없음,포천시,관광과,주무관,박종상,031-538-3143,
377,09. 경기,포천시,제2회 반려동물  봄 관광축제(펫스타),01. 문화예술,한탄강 생태경관단지,03. 수변형,09. 경기,포천시,관인면,2026,5,2,2026,5,3,2,,01. 매년,2025,100,50,50,0,문화체육관광부,"5,000","5,000",모름,99. 무응답,기타,포천시 관광과,01. 정부/지자체,해당없음,포천시,관광과,주무관,최은옥,031-538-3370,
378,09. 경기,포천시,제3회 반려동물  가을 관광축제(펫스타),01. 문화예술,한탄강 생태경관단지,03. 수변형,09. 경기,포천시,관인면,2026,10,24,2026,10,25,2,,01. 매년,2025,100,50,50,0,문화체육관광부,"5,000","5,000",모름,99. 무응답,기타,포천시 관광과,01. 정부/지자체,해당없음,포천시,관광과,주무관,최은옥,031-538-3370,
379,09. 경기,포천시,제22회 포천 백운계곡 동장군 축제,03. 주민화합,백운계곡 일원,03. 수변형,09. 경기,포천시,이동면,2026,12,19,2027,2,14,58,,01. 매년,2004,150,0,0,150,해당없음,"60,000","59,000","1,000",01. 계측,티켓판매,백운계곡상인협동조합,05. 민간 협/단체,해당없음,포천시,관광과,주무관,김종하,031-538-4009,
380,09. 경기,포천시,제14회 포천 한우 축제,05. 지역특산물,한탄강 생태경관단지,03. 수변형,09. 경기,포천시,관인면,2026,9,12,2026,9,13,2,,01. 매년,2012,200,0,200,0,해당없음,"18,389","18,389",0,01. 계측,티켓판매,포천시 축산과,01. 정부/지자체,해당없음,포천시,축산과,주무관,이승인,031-538-3861,
381,09. 경기,양평군,제16회 양평용문산 산나물축제,05. 지역특산물,용문산관광지,02. 녹지형,09. 경기,양평군,-,2026,4,24,2026,4,26,3,,01. 매년,2008,767,0,767,0,해당없음,"148,038","148,038",모름,02. 추정,통신 데이터,양평군 축제추진위원회,04. 지자체 위원회,양평군 축제 운영 및 지원에 관한 조례,양평군청,관광과,행정7급/임기제다급,김정훈/이미지,031-770-1072/770-1079,
382,09. 경기,양평군,제4회 우리밀 축제,05. 지역특산물,청운면 일원,05. 기타,09. 경기,양평군,-,2026,6,,2026,6,,2,미정,01. 매년,2023,200,0,200,0,해당없음,"42,060","42,060",모름,99. 무응답,기타,양평군 축제추진위원회,04. 지자체 위원회,양평군 축제 운영 및 지원에 관한 조례,양평군청,관광과,행정7급/임기제다급,김정훈/이미지,031-770-1072/770-1079,
383,09. 경기,양평군,제4회 겨울엔 양평,03. 주민화합,양평군 일원,05. 기타,09. 경기,양평군,-,2026,12,1,2027,1,30,61,,01. 매년,2023,200,0,200,0,해당없음,미집계,미집계,미집계,03. 미집계,,양평군 축제추진위원회,04. 지자체 위원회,양평군 축제 운영 및 지원에 관한 조례,양평군청,관광과,행정7급/주무관,김정훈,031-770-1072,
384,09. 경기,양평군,2026 지역문화박람회,01. 문화예술,양강섬 일원,03. 수변형,09. 경기,양평군,양평읍,2026,10,9,2026,10,11,3,,03. 일회성,2023,500,300,200,0,문화체육관광부,"60,000","60,000",0,99. 무응답,기타,양평문화원,02. 재단(관광/문화/예술),지방문화원진흥법 제2조,양평문화원/양평군청,양평문화원/문화체육과,사무국장/주무관,최근철/한태진,031-774-3866/770-2897,
385,09. 경기,양평군,2026년 청소년 영화제,01. 문화예술,양평군 일원,05. 기타,09. 경기,양평군,-,2026,9,1,2026,,,3,미정,01. 매년,2023,20,0,20,0,해당없음,800,800,모름,99. 무응답,,양평군 축제추진위원회,04. 지자체 위원회,"청소년활동진흥법제 63조, 양평군청소년기본조례 제5조",양평군청,가족복지과,사회복지8급/주무관,김민진,031-770-3783,
386,09. 경기,양평군,제9회 갈산누리봄축제,03. 주민화합,양평생활체육공원 일원,02. 녹지형,09. 경기,양평군,양평읍,2026,4,10,2026,4,12,3,,01. 매년,2017,45,0,0,45,해당없음,"50,000","50,000",0,99. 무응답,,갈산누리봄축제 추진위원회,04. 지자체 위원회,-,양평읍,총무팀,행정9급/주무관,진종휘,031-770-3006,
387,09. 경기,양평군,용천3리 벚꽃길 걷기 및 작은음악회,03. 주민화합,옥천면 용천3리 일원,03. 수변형,09. 경기,양평군,옥천면,2026,4,,2026,4,,2,미정,01. 매년,2010,10,0,10,0,해당없음,미집계,미집계,미집계,03. 미집계,,용천3리 새마을회,05. 민간 협/단체,지역문화진흥법 제4조1항,양평군청,옥천면,보건8급/주무관,이민지,031-770-3132,
388,09. 경기,양평군,제27회 양평단월고로쇠축제,05. 지역특산물,단월레포츠공원 일원,02. 녹지형,09. 경기,양평군,단월면,2026,3,21,2026,3,22,2,,01. 매년,1999,150,0,150,0,해당없음,"80,000","80,000",모름,99. 무응답,기타,양평단월고로쇠축제추진위원회,04. 지자체 위원회,양평군 축제 운영 및 지원에 관한 조례,양평군청,단월면,행정8급/주무관,김다현,031-770-3192,
389,09. 경기,양평군,2026 양평수박축제,05. 지역특산물,청운용두시장 일원,01. 마을형,09. 경기,양평군,청운면,2026,7,4,2026,7,5,2,,01. 매년,2025,110,0,110,0,해당없음,"25,000","25,000",모름,99. 무응답,기타,청운면 수박축제추진위원회,04. 지자체 위원회,양평군 축제 운영 및 지원에 관한 조례,양평군청,청운면,행정7급/주무관,서동휘,031-770-3232,
390,09. 경기,양평군,제7회 양평부추축제,05. 지역특산물,양동역 일원,05. 기타,09. 경기,양평군,양동면,2026,10,9,2026,10,10,2,,01. 매년,2016,150,0,150,0,해당없음,"50,000","50,000",모름,99. 무응답,기타,양평부추축제추진위원회,04. 지자체 위원회,양평군 축제 운영 및 지원에 관한 조례,양평군청 ,총무팀,행정8급/주무관,이명구,031-770-3253,
391,09. 경기,양평군,제3회 지평전통발효축제,05. 지역특산물,지평면사무소 앞 광장 및  시장 일원,01. 마을형,09. 경기,양평군,지평면,2026,10,,2026,10,,2,미정,01. 매년,2023,120,0,120,0,해당없음,"40,000","40,000",모름,99. 무응답,,지평축제추진위원해,04. 지자체 위원회,양평군 축제 운영 및 지원에 관한 조례,지평면,총무팀,전산8급/주무관,신호찬,031-770-3284,
392,09. 경기,양평군,제23회 양평산수유한우축제,05. 지역특산물,개군면 시가지 일원,05. 기타,09. 경기,양평군 ,개군면,2026,4,4,2026,4,5,2,,01. 매년,2004,150,0,150,0,해당없음,"80,000","80,000",0,01. 계측,유인,양평산수유한우축제위원회,04. 지자체 위원회,양평군 축제 운영 및 지원에 관한 조례,양평군,개군면,행정8급/주무관,이지예,031-770-3342,
393,09. 경기,여주시,제5회 여주선비장터축제,05. 지역특산물,가남읍 태평리 110-19 일원,05. 기타,09. 경기,여주시,가남읍,2026,10,24,2026,10,25,2,,01. 매년,2018,120,0,120,0,해당없음,"15,000","15,000",모름,99. 무응답,기타,가남읍축제추진위원회,04. 지자체 위원회,여주시 축제 발전과 지원에 관한 조례,여주시청,가남읍,주무관,장은영,031-887-3835,
394,09. 경기,여주시,제4회 싸리산 축제,03. 주민화합,여주시민공원(현암동637-112번지),02. 녹지형,09. 경기,여주시,오학동,2026,4,17,2026,4,19,3,,01. 매년,2023,50,0,50,0,해당없음,"4,000","4,000",모름,99. 무응답,기타,싸리산축제추진위원회,04. 지자체 위원회,여주시 축제 발전과 지원에 관한 조례 ,여주시청,오학동,주무관,이승준,031-887-3973,
395,09. 경기,여주시,제4회 여주 대심섬 축제,02. 자연생태,대신섬 일원,03. 수변형,09. 경기,여주시,대신면,2026,10,,2026,10,,2,미정,01. 매년,2023,50,0,50,0,해당없음,"10,000","10,000",모름,01. 계측,무인,여주 댄심섬 축제추진위원회,04. 지자체 위원회,여주시 축제 발전과 지원에 관한 조례,여주시청,대신면,주무관,조한울,031-887-3932,
396,09. 경기,여주시,제4회 강천섬 힐링 문화축제,01. 문화예술,강천섬 일원,03. 수변형,09. 경기,여주시,강천면,2026,10,,2026,11,,10,미정,01. 매년,2023,미확정,0,미확정,0,해당없음,"70,000","70,000",모름,02. 추정,주차면수,강천섬 축제추진위원회,04. 지자체 위원회,여주시 축제 발전과 지원에 관한 조례,여주시청,강천면,주무관,박상신,031-887-3982,
397,09. 경기,여주시,제10회여주흥천남한강벚꽃축제,02. 자연생태,흥천면 귀백리 168-3번지 일원,03. 수변형,09. 경기,여주시,흥천면,2026,4,3,2026,4,5,3,,01. 매년,2017,160,0,160,0,해당없음,"250,000","250,000",모름,99. 무응답,기타,여주흥천남한강벚꽃축제위원회,04. 지자체 위원회,여주시 축제 발전과 지원에 관한 조례,여주시청,흥천면,주무관,이새하,031-887-3875,
398,09. 경기,여주시,제21회 산북품실축제,03. 주민화합,산북면체육공원,02. 녹지형,09. 경기,여주시,산북면,2026,10,,2026,10,,2,미정,01. 매년,2004,120,0,80,40,해당없음,"3,000","3,000",모름,99. 무응답,기타,산북품실축제위원회,04. 지자체 위원회,여주시 축제 발전과 지원에 관한 조례,여주시청,산북면,주무관,이동선,031-887-3913,
399,09. 경기,여주시,제38회 여주도자기축제,05. 지역특산물,신륵시관광지 일원,04. 독립형,09. 경기,여주시,-,2026,5,1,2026,5,10,10,,01. 매년,1990,"1,150",0,"1,150",0,해당없음,"1,168,050","1,168,050",모름,01. 계측,무인,여주세종문화관광재단,02. 재단(관광/문화/예술),여주세종문화관광재단 설립 및 운영에 관한 조례,여주세종문화관광재단,축제운영팀,차장,이용수,031-881-9692,
400,09. 경기,여주시,2026 여주오곡나루축제,04. 전통역사,신륵시관광지 일원,04. 독립형,09. 경기,여주시,-,2026,10,23,2026,10,25,3,,01. 매년,1998,"1,050",0,"1,050",0,해당없음,"408,405","407,053","1,352",01. 계측,무인,여주세종문화관광재단,02. 재단(관광/문화/예술),여주세종문화관광재단 설립 및 운영에 관한 조례,여주세종문화관광재단,축제운영팀,차장,구찬숙,031-881-9693,
401,09. 경기,여주시,제2회 북내 삼색별미축제,03. 주민화합,북내면 당우리 일원,05. 기타,09. 경기,여주시,북내면,2026,10,3,2026,10,4,2,,01. 매년,2025,43,0,43,0,해당없음,800,800,모름,99. 무응답,,북내면행정복지센터,01. 정부/지자체,여주시 축제 발전과 지원에 관한 조례,여주시청,북내면,주무관,이조은,031-887-3483,
402,09. 경기,여주시,제20회 금사참외축제,05. 지역특산물,금사근린공원 일원,02. 녹지형,09. 경기,여주시,금사면,2026,5,22,2026,5,24,3,,01. 매년,2007,160,0,130,30,해당없음,"100,000","100,000",모름,01. 계측,유인,금사참외축제 추진위원회,04. 지자체 위원회,여주시 축제 발전과 지원에 관한 조례,여주시청,금사면,주무관,윤효녕,031-887-3893,
403,09. 경기,여주시,제2회 중앙동 청심문화축제,01. 문화예술,하동 제일시장 공영주차장,01. 마을형,09. 경기,여주시,중앙동,2026,10,,2026,10,,,미정,01. 매년,2025,20,0,20,0,해당없음,500,500,모름,99. 무응답,기타,여주시 중앙동,01. 정부/지자체,여주시 축제 발전과 지원에 관한 조례,여주시,중앙동,주무관,유지현,031-887-3418,
404,09. 경기,의왕시,의왕백운호수축제,01. 문화예술,의왕백운호수공원,02. 녹지형,09. 경기,의왕시,학의동,2026,9,,2026,10,,2,미정,01. 매년,2001,595,0,595,0,해당없음,"60,000","60,000",모름,99. 무응답,기타,경기도 의왕시,01. 정부/지자체,의왕시 축제 발전및운영에 관한 조례,의왕시청,문화관광과,주무관,이다겸,031-345-2548,
405,09. 경기,동두천시,제26회 동두천 락 페스티벌,01. 문화예술,신천교 하부 특설무대,03. 수변형,09. 경기,동두천시,상패동,2026,9,,2026,9,,3,미정,01. 매년,1999,350,0,350,0,해당없음,"16,000","15,900",100,01. 계측,티켓판매,동두천락페스티벌조직위원회,04. 지자체 위원회,문화예술진흥법,동두천시청,문화예술과,주무관,유재복,031-860-2105,
406,09. 경기,동두천시,"제7회 도심재생 야간축제
(2026년 헬로 DDC 페스티벌)",01. 문화예술,보산동 관광특구,04. 독립형,09. 경기,동두천시,보산동,2026,10,,2026,10,,2,미정,01. 매년,2017,200,0,200,0,해당없음,"6,000","5,500",500,01. 계측,유인,동두천시,01. 정부/지자체,동두천시 원도심 활성화사업 지원 조례 ,동두천시청,문화예술과,주무관,김명지,031-860-2275,
407,09. 경기,과천시,2026 과천공연예술축제,01. 문화예술,과천시민광장(시민회관 옆 잔디마당 및 운동장),02. 녹지형,09. 경기,과천시,중앙동,2026,9,18,2026,9,20,3,,01. 매년,1997,"1,470",0,"1,470",0,해당없음,"120,412","120,412",모름,99. 무응답,기타,과천문화재단,02. 재단(관광/문화/예술),과천문화재단 설립 및 운영에 관한 조례,과천시청,문화체육과,주무관,정푸른숲,02-3677-2065,
408,09. 경기,가평군,2026 Colorful Garden 자라섬 꽃 페스타(봄),01. 문화예술,자라섬,03. 수변형,09. 경기,가평군,-,2026,5,23,2026,6,14,23,,01. 매년,2020,210,0,210,0,해당없음,"139,623","139,623",0,01. 계측,무인,가평군 관광과,01. 정부/지자체,,가평군,관광과,주무관,노환철,031-580-2098,
409,09. 경기,가평군,2026 Colorful Garden 자라섬 꽃 페스타(가을),01. 문화예술,자라섬,03. 수변형,09. 경기,가평군,-,2026,9,12,2026,10,5,24,,01. 매년,2020,190,0,190,0,해당없음,"125,297","125,297",0,01. 계측,무인,가평군 관광과,01. 정부/지자체,,가평군,관광과,주무관,노환철,031-580-2098,
410,09. 경기,가평군,제3회 재즈페스티벌 in 가평,01. 문화예술,"잣고을 광장, 가평읍 시내, 자라섬 서도 등",02. 녹지형,09. 경기,가평군,-,2026,10,9,2026,10,11,3,,01. 매년,2024,400,0,400,0,해당없음,"5,240","5,240",0,01. 계측,유인,가평군 문화체육과,01. 정부/지자체,,가평군,관광과,공연기획팀장,박성희,031-580-4323,
411,09. 경기,가평군,제23회 자라섬재즈페스티벌,01. 문화예술,자라섬,03. 수변형,09. 경기,가평군,-,2026,10,9,2026,10,11,3,,01. 매년,2004,"1,000",0,0,"1,000",해당없음,"15,000","15,000",0,01. 계측,유인,(사)문화현상,05. 민간 협/단체,,가평군,관광과,공연기획팀장,박성희,031-580-4323,
412,09. 경기,연천군,제33회 연천 구석기 축제,04. 전통역사,연천 전곡리 유적,03. 수변형,09. 경기,연천군,전곡읍,2026,5,2,2026,5,5,4,,01. 매년,1993,"2,599",0,"2,599",0,해당없음,"66,562","66,562",모름,99. 무응답,기타,"경기 연천군, 연천구석기축제추진위원회",01. 정부/지자체,연천 구석기 축제 운영 조례,연천군청,관광과,주무관,정세미,031-839-2379,
413,09. 경기,연천군,2026년 임진강 댑싸리정원 개장,02. 자연생태,임진강 댑싸리정원,02. 녹지형,09. 경기,연천군,중면,2026,9,1,2026,10,31,61,,01. 매년,2021,381,0,381,0,해당없음,"212,340","212,340",모름,99. 무응답,기타,연천군 산림녹지과,01. 정부/지자체,연천군 축제 운영 및 지원에 관한 조례,연천군청,산림녹지과,주무관,송승환,031-839-2357,
414,09. 경기,연천군,제5회 연천 당포성 별빛축제,02. 자연생태,동이리 당포성 일원,04. 독립형,09. 경기,연천군,미산면,2026,10,,2026,10,,2,미정,01. 매년,2022,50,0,50,0,해당없음,900,900,모름,02. 추정,주차면수,미산면 주민자치위원회,04. 지자체 위원회,연천군 주민자치센터 설치 및 운영에 관한 조례,연천군청,미산면,주무관,권우인,031-839-2736,
415,09. 경기,연천군,제11회 연천장남 통일바라기 축제,02. 자연생태,장남면 호로고루 일원,05. 기타,09. 경기,연천군,장남면,2026,9,,2026,9,,10,미정,01. 매년,2014,68,0,68,0,해당없음,"13,418","13,418",모름,99. 무응답,기타,장남면 주민자치위원회,04. 지자체 위원회,연천군 축제 운영 및 지원에 관한 조례,연천군청,장남면,주무관,김희화,031-839-2740,
416,09. 경기,연천군,제8회 연천국화축제,02. 자연생태,연천 전곡리 유적,03. 수변형,09. 경기,연천군,전곡읍,2026,10,16,2026,10,25,10,,01. 매년,2019,571,0,571,0,해당없음,"170,000","170,000",모름,99. 무응답,기타,연천군농업기술센터,01. 정부/지자체,연천군 축제 운영 및 지원에 관한 조례,연천군청,농업기술센터 농업개발과,주무관,노명우,031-839-4259,
417,09. 경기,연천군,제5회 연천율무축제(농특산물 큰장터),05. 지역특산물,연천 전곡리 유적,03. 수변형,09. 경기,연천군,전곡읍,2026,10,23,2026,10,25,3,,01. 매년,2016,290,0,290,0,해당없음,"140,000","140,000",모름,02. 추정,통신 데이터,"경기 연천군, 연천율무축제추진위원회",01. 정부/지자체,연천군 농산물 큰장터 축제 운영 조례,연천군청,농업정책과,주무관,김국화,031-839-2314,
418,10. 강원,춘천시,춘천막국수닭갈비축제,05. 지역특산물,공지천 수변 산책로 일원,03. 수변형,10. 강원,춘천시,-,2026,10,1,2026,10,5,5,,01. 매년,2008,800,0,800,0,해당없음,"300,000","300,000",모름,02. 추정,통신 데이터,춘천막국수닭갈비축제조직위원회,04. 지자체 위원회,민법,춘천시청,관광정책과,주무관,신민아,033-250-3068,
419,10. 강원,춘천시,춘천호수정원페스타,01. 문화예술,춘천시 관내,03. 수변형,10. 강원,춘천시,옥천동,2026,,,2026,,,2,미정,01. 매년,2025,80,0,80,0,해당없음,500,500,0,99. 무응답,기타,강원 춘천시,01. 정부/지자체,,춘천시,녹지정원과,주무관,강병찬,033-250-4548,
420,10. 강원,춘천시,온가족 웃음찾기 개그쇼 ,01. 문화예술,"인형극장, 남부 노인복지회관 등 ",04. 독립형,10. 강원,춘천시,-,2026,2,,2026,12,,,미정,01. 매년,2023,163,0,163,0,해당없음,"2,100","2,100",모름,99. 무응답,기타,㈜하하랜드,06. 민간 사업체,,춘천시청,문화예술과,주무관,오예준,033-250-3067,
421,10. 강원,춘천시,춘천연극페스티벌(신규),01. 문화예술,"축제극장 몸짓, 춘천인형극장 등",04. 독립형,10. 강원,춘천시,-,2026,3,,2026,8,,,미정,04. 최초,2026,100,0,100,0,해당없음,최초 개최,최초 개최,최초 개최,04. 기타,최초 개최,(재)춘천인형극제,02. 재단(관광/문화/예술),,춘천시청,문화예술과,주무관,함혜신,033-250-3488,
422,10. 강원,춘천시,제 33회 봄내예술제,01. 문화예술,호반광장 외 춘천일대,02. 녹지형,10. 강원,춘천시,옥천동,2026,5,14,2026,5,30,17,,01. 매년,1995,120,0,120,0,해당없음,"3,640","3,640",모름,99. 무응답,기타,(사) 한국예술문화단체총연합회 춘천지회,05. 민간 협/단체,,춘천문화재단,축제도시팀,차장,권현아,033-259-5431,
423,10. 강원,춘천시,제38회 춘천마임축제,01. 문화예술,"축제극장몸짓, 레고랜드코리아 주차장 등",04. 독립형,10. 강원,춘천시,-,2026,5,24,2026,5,31,8,,01. 매년,1989,715,0,700,15,해당없음,"101,780","101,680",100,01. 계측,티켓판매,(사)춘천마임축제,05. 민간 협/단체,"민법 제 32조, 문화체육관광부 및 국가유산청 소관 
비영리법인의 설립 및 감독에 관한 규칙 
제1조 및 제4조",춘천시청,문화예술과,주무관,김희영,033-250-3485,
424,10. 강원,춘천시,2026 의병축제,04. 전통역사,공지천 의암공원 일대 ,02. 녹지형,10. 강원,춘천시,삼천동,2026,5,30,2026,6,7,9,,01. 매년,2019,30,0,30,0,해당없음,"1,350","1,350",모름,99. 무응답,기타,춘천의병마을,05. 민간 협/단체,,춘천문화재단,축제도시팀,과장,조미진,033-259-5432,
425,10. 강원,춘천시,춘천연극제,01. 문화예술,"봄내극장, 대원당, 농협 엔타 등 춘천 관내 일원",03. 수변형,10. 강원,춘천시,-,2026,6,11,2026,12,19,,기간 중 프로그램 지속,01. 매년,1993,300,0,300,0,해당없음,"110,270","110,270",모름,99. 무응답,기타,(사) 춘천연극제,05. 민간 협/단체,,춘천시청,문화예술과,주무관,장성흠,033-250-3447,
426,10. 강원,춘천시,춘천아트페어 아르로드 R.OAD,01. 문화예술,옥천동 일대,03. 수변형,10. 강원,춘천시,옥천동,2026,6,12,2026,6,17,6,,01. 매년,2024,20,0,20,0,해당없음,"3,000","3,000",모름,99. 무응답,기타,(사) 한국미술협회춘천지부,05. 민간 협/단체,,춘천문화재단,축제도시팀,차장,권현아,033-259-5431,
427,10. 강원,춘천시,춘천영화제,01. 문화예술,"메가박스 남춘천점, 춘천예술촌 ",03. 수변형,10. 강원,춘천시,-,2026,6,25,2026,6,28,4,,01. 매년,2022,250,0,250,0,해당없음,"3,285","3,285",모름,99. 무응답,기타,(사)춘천영화제,05. 민간 협/단체,,춘천시청,문화예술과,주무관,변병애,033-250-3167,
428,10. 강원,춘천시,2026 공연예술제,01. 문화예술,춘천시 일대,03. 수변형,10. 강원,춘천시,효자동,2026,8,11,2026,8,15,5,,01. 매년,2001,80,0,80,0,해당없음,625,625,모름,01. 계측,티켓판매,(사)텐스푼,05. 민간 협/단체,,춘천문화재단,축제도시팀,차장,권현아,033-259-5431,
429,10. 강원,춘천시,춘천 오페라 페스티벌,01. 문화예술,춘천KT&G상상마당 야외공연장,04. 독립형,10. 강원,춘천시,-,2026,8,28,2026,8,29,2,,01. 매년,2022,296,0,296,0,해당없음,"2,300","2,300",모름,99. 무응답,기타,(사)춘천오페라페스티벌 조직위원회,04. 지자체 위원회,,춘천시청,문화예술과,주무관,장성흠,033-250-3447,
430,10. 강원,춘천시,춘천인형극제,01. 문화예술,춘천인형극장(영서로 3017) 및 관내 일원,03. 수변형,10. 강원,춘천시,-,2026,9,11,2026,9,16,6,,01. 매년,1989,630,0,630,0,해당없음,"224,120","224,120",모름,99. 무응답,기타,(재)춘천인형극제,02. 재단(관광/문화/예술),,춘천시청,문화예술과,주무관,함혜신,033-250-3488,
431,10. 강원,춘천시,2026 온세대합창페스티벌,01. 문화예술,KT&G 상상마당 춘천 및 공지천 아외공연장,03. 수변형,10. 강원,춘천시,-,2026,9,12,2026,9,19,8,,01. 매년,2017,400,0,400,0,해당없음,"6,908","6,908",모름,99. 무응답,기타,춘천문화재단,02. 재단(관광/문화/예술),춘천문화재단 설립 및 운영 조례,춘천문화재단,축제도시팀,과장,조미진,033-259-5432,
432,10. 강원,춘천시,이디오피아길 세계축제 및 메스칼 페스티벌,01. 문화예술,미정,06. 미정,10. 강원,춘천시,-,2026,9,26,2026,9,28,3,,04. 최초,2026,30,0,30,0,해당없음,최초 개최,최초 개최,최초 개최,04. 기타,최초 개최,(사)이디오피아벳집,05. 민간 협/단체,,춘천시청,문화예술과,주무관,김예원,033-250-3227,
433,10. 강원,춘천시,2026 제29회 춘천국제고음악제,01. 문화예술,춘천시 일대,03. 수변형,10. 강원,춘천시,효자동,2026,10,,2026,10,,7,미정,01. 매년,1997,120,0,120,0,해당없음,"1,500","1,500",모름,01. 계측,티켓판매,(사)춘천국제고음악제,05. 민간 협/단체,,춘천문화재단,축제도시팀,차장,권현아,033-259-5431,
434,10. 강원,춘천시,춘천커피축제,01. 문화예술,공지천 산책로 일대(온의동 586일대),03. 수변형,10. 강원,춘천시,-,2026,10,9,2026,10,11,3,,01. 매년,2025,150,0,150,0,해당없음,"40,000","40,000",모름,99. 무응답,기타,강원 춘천시,01. 정부/지자체,,춘천시청,문화예술과,주무관,신유일,033-250-3822,
435,10. 강원,춘천시,지역명품페스타,01. 문화예술,봄내극장 등 춘천시 일대,03. 수변형,10. 강원,춘천시,옥천동,2026,,,2026,,,,미정,01. 매년,2013,65,0,65,0,해당없음,95,95,모름,99. 무응답,기타,문화게릴라 향,06. 민간 사업체,,춘천문화재단,축제도시팀,차장,권현아,033-259-5431,
436,10. 강원,춘천시,2026 춘천 반려동물 페스티벌,01. 문화예술,서면 애니메이션박물관 일원,04. 독립형,10. 강원,춘천시,서면,2026,10,2,2026,10,4,3,,01. 매년,2021,270,0,270,0,해당없음,"10,000","10,000",모름,99. 무응답,기타,춘천시 축산과,01. 정부/지자체,,춘천시청,축산과,주무관,신유아,033-245-5787,
437,10. 강원,춘천시,2026년 제5회 강원한우데이,05. 지역특산물,시청광장 일대,02. 녹지형,10. 강원,춘천시,옥천동,2026,5,8,2026,5,10,3,,01. 매년,2022,100,0,50,50,해당없음,"1,100","1,100",모름,99. 무응답,기타,강원한우조합공동사업법인,06. 민간 사업체,,춘천시청,축산과,주무관,허재,033-250-3017,
438,10. 강원,춘천시,2026 대한민국 독서대전,01. 문화예술,공지천 유원지 등 춘천시 일원,03. 수변형,10. 강원,춘천시,석사동,2026,9,18,2026,9,20,3,,04. 최초,2026,900,300,600,0,문화체육관광부,최초 개최,최초 개최,최초 개최,04. 기타,최초 개최,춘천시립도서관,01. 정부/지자체,독서문화진흥법 제13조,춘천시 평생교육원,시립도서관,팀장,송은혜,033-245-5168,
439,10. 강원,춘천시,제6회 춘천 술 페스타,01. 문화예술,KT&G 상상마당 일원,04. 독립형,10. 강원,춘천시,삼천동,2026,9,11,2026,9,12,2,,01. 매년,2021,150,0,150,0,해당없음,"25,232","25,232",모름,01. 계측,유인,춘천시,01. 정부/지자체,-,춘천시청,푸드테크산업과,주무관,임재영,033-250-4429,
440,10. 강원,춘천시,춘천 애니토이페스티벌,01. 문화예술,"서면 애니타운 일원(애니메이션박물관, 토이로봇관)",04. 독립형,10. 강원,춘천시,서면,2026,10,2,2026,10,4,3,,01. 매년,1997,280,0,280,0,해당없음,"28,745","28,745",모름,01. 계측,무인,강원정보문화산업진흥원,03. 기타 공공,춘천시 재단법인 강원정보문화산업진흥원 설립 및 지원 조례,춘천시청,첨단산업과,주무관,임수진,033-250-3542,
441,10. 강원,춘천시,2026 춘천 썸머워터 페스티벌,01. 문화예술,삼천동 일원,03. 수변형,10. 강원,춘천시,삼천동,2026,7,4,2026,8,17,15,,01. 매년,2025,150,0,150,0,해당없음,"12,669","12,669",모름,01. 계측,티켓판매,강원 춘천시,01. 정부/지자체,,춘천시청,관광정책과,주무관,고주경,033-250-3072,
442,10. 강원,춘천시,춘천 감자페스타,05. 지역특산물,신북 샘밭장터 일원,01. 마을형,10. 강원,춘천시,신북읍,2026,6,27,2026,6,28,2,,01. 매년,2024,100,0,100,0,해당없음,"24,000","24,000",모름,02. 추정,통신 데이터,춘천시,01. 정부/지자체,,춘천시청,관광정책과,주무관,유규환,033-250-4084,
443,10. 강원,춘천시,춘천호수 드론라이트쇼,01. 문화예술,춘천 의암호 일원,03. 수변형,10. 강원,춘천시,근화동,2026,3,1,2026,10,1,3,기간 중 특정 일자,01. 매년,2023,200,0,200,0,해당없음,"100,000","100,000",모름,99. 무응답,기타,춘천시,01. 정부/지자체,,춘천시청,관광정책과,주무관,유규환,033-250-4084,
444,10. 강원,춘천시,서면 호수별빛 페스타,01. 문화예술,서면 호수별빛 페스타,03. 수변형,10. 강원,춘천시,서면,2026,9,19,2026,9,20,2,,04. 최초,2026,100,0,100,0,해당없음,최초 개최,최초 개최,최초 개최,04. 기타,최초 개최,춘천시,01. 정부/지자체,,춘천시청,관광정책과,주무관,조윤주,033-250-3070,
445,10. 강원,원주시, 2026 댄싱카니발,01. 문화예술,원주댄싱공연장 일원,04. 독립형,10. 강원,원주시,명륜동,2026,9,18,2026,9,20,3,,01. 매년,2011,"1,212",0,"1,212",0,해당없음,"198,864","198,864",모름,02. 추정,통신 데이터,원주문화재단,02. 재단(관광/문화/예술),원주문화재단 설립 및 운영에 관한 조례,원주시청,관광과,주무관,김일구,033-737-5122,
446,10. 강원,원주시,원주 한지문화제,01. 문화예술,원주한지테마파크 일원,02. 녹지형,10. 강원,원주시,무실동,2026,5,1,2026,5,5,5,,01. 매년,1999,233,0,213,20,해당없음,"34,500","34,500",모름,99. 무응답,기타,한지문화재단,02. 재단(관광/문화/예술),원주시 옻ㆍ한지산업 육성 및 지원 조례,원주시청,관광과,주무관,김일구,033-737-5122,
447,10. 강원,원주시,용수골꽃양귀비축제,02. 자연생태,용수골꽃농장,01. 마을형,10. 강원,원주시,판부면,2026,5,,2026,6,,,미정,01. 매년,2008,25,0,20,5,해당없음,"56,791","56,791",모름,01. 계측,티켓판매,용수골양귀비꽃축제추진위원회,04. 지자체 위원회,원주시관광진흥조례제4조,원주시청,관광과,주무관,박선욱,033-737-5123,
448,10. 강원,원주시,장미축제,02. 자연생태,장미공원,02. 녹지형,10. 강원,원주시,단계동,2026,6,,2026,6,,5,미정,01. 매년,1999,25,0,10,15,해당없음,"48,102","48,102",모름,99. 무응답,기타,장미축제위원회,04. 지자체 위원회,원주시관광진흥조례제4조,원주시청,관광과,주무관,박선욱,033-737-5123,
449,10. 강원,원주시,섬강축제,03. 주민화합,간현유원지 제2주차장 일원,02. 녹지형,10. 강원,원주시,지정면,2026,9,,2026,9,,3,미정,01. 매년,1997,20,0,15,5,해당없음,"10,000","10,000",모름,99. 무응답,기타,섬강축제위원회,04. 지자체 위원회,원주시관광진흥조례제4조,원주시청,관광과,주무관,박선욱,033-737-5123,
450,10. 강원,원주시,신월랑달빛축제,03. 주민화합,행구동 수변공원 일원,02. 녹지형,10. 강원,원주시,행구동,2026,6,,2026,6,,,미정,01. 매년,2024,30,0,29,2,해당없음,700,700,모름,99. 무응답,기타,신월랑달빛축제추진위원회,04. 지자체 위원회,원주시관광진흥조례제4조,원주시청,관광과,주무관,박선욱,033-737-5123,
451,10. 강원,원주시,혁신도시 상생마켓,03. 주민화합,혁신미리내광장 일원,02. 녹지형,10. 강원,원주시,반곡관설동,2026,6,11,2026,6,13,3,,01. 매년,2024,44,0,40,4,해당없음,"12,000","12,000",모름,99. 무응답,기타,원주혁신도시상인회,05. 민간 협/단체,전통시장 및 상점가 육성을 위한 특별법,원주시청,지역개발과,주무관,안소연,033-737-3928,
452,10. 강원,원주시,혁신페스타,03. 주민화합,혁신미리내광장 일원,02. 녹지형,10. 강원,원주시,반곡관설동,2026,9,10,2026,9,12,3,,01. 매년,2024,66,0,60,6,해당없음,"12,000","12,000",모름,99. 무응답,기타,원주혁신도시상인회,05. 민간 협/단체,전통시장 및 상점가 육성을 위한 특별법,원주시청,지역개발과,주무관,안소연,033-737-3928,
453,10. 강원,원주시,혁신도시 미리내야행,03. 주민화합,혁신미리내광장 일원,02. 녹지형,10. 강원,원주시,반곡관설동,2026,12,23,2026,12,25,3,,01. 매년,2025,60,0,60,0,해당없음,"8,000","8,000",모름,99. 무응답,기타,원주시,01. 정부/지자체,해당없음,원주시청,지역개발과,주무관,안소연,033-737-3928,
454,10. 강원,원주시,2026 원주라면축제,03. 주민화합,댄싱공연장 주차장 상설공연장,04. 독립형,10. 강원,원주시,명륜동,2026,9,11,2026,9,13,3,,01. 매년,2025,270,0,270,0,해당없음,"20,000","19,000","1,000",01. 계측,유인,원주시 경제진흥과,01. 정부/지자체,해당없음,원주시청,경제진흥과,주무관,천재범,033-737-2928,
455,10. 강원,원주시,2026 원주만두축제,05. 지역특산물,중앙동 전통시장 일원,01. 마을형,10. 강원,원주시,중앙동,2026,10,23,2026,10,25,3,,01. 매년,2023,800,0,800,0,해당없음,"410,000","390,000","20,000",02. 추정,통신 데이터,원주시 경제진흥과,01. 정부/지자체,해당없음,원주시청,경제진흥과,주무관,천재범,033-737-2928,
456,10. 강원,원주시,원주문화의거리 치맥축제,03. 주민화합,중앙동 문화의 거리 일원,01. 마을형,10. 강원,원주시,중앙동,2026,9,,2026,9,,4,미정,01. 매년,2015,55,0,50,5,해당없음,"55,000","55,000",모름,99. 무응답,기타,원주문화의거리상인회,05. 민간 협/단체,원주시 전통시장 및 상점가 육성 조례,원주시청,경제진흥과,주무관,이미란,033-737-2923,
457,10. 강원,원주시,제12회 치악산한우 축제,05. 지역특산물,댄싱공연장 일원,04. 독립형,10. 강원,원주시,명륜동,2026,6,12,2026,6,14,3,,01. 매년,2015,280,0,172,108,해당없음,"5,000","5,000",모름,01. 계측,유인,민간 협력단체(법인),05. 민간 협/단체,원주치악산한우육성및지원에관한조례,원주시청,축산과,팀장,전철우,033-737-4195,
458,10. 강원,원주시,제32회 국제걷기대회,01. 문화예술,원주시 일원(주행사장: 원주댄싱공연장),04. 독립형,10. 강원,원주시,명륜동,2026,10,24,2026,10,25,2,,01. 매년,1996,150,0,150,0,해당없음,"10,622","9,502","1,120",01. 계측,"티켓판매(선수), 주차면수(관계자 및 관람객)",(재)대한걷기연맹,05. 민간 협/단체,재단법인 대한걷기연맹 지원조례,원주시청,체육과,주무관,최지혜,033-737-5136,
459,10. 강원,원주시,제25회치악산 복숭아 축제,05. 지역특산물,원주댄싱공연장,04. 독립형,10. 강원,원주시,명륜동,2026,8,23,2026,8,24,2,,01. 매년,2001,39,0,30,9,해당없음,500,500,0,99. 무응답,,치악산복숭아협의회,05. 민간 협/단체,,원주시,로컬푸드과,팀장,남도윤,033-737-4131,
460,10. 강원,원주시,제5회 치악산 고구마축제,05. 지역특산물,간현관광지 일원,03. 수변형,10. 강원,원주시,지정면,2026,10,17,2026,10,18,2,,01. 매년,2022,38,0,18,20,해당없음,500,500,0,99. 무응답,,원주농협,03. 기타 공공,,원주시,로컬푸드과,팀장,남도윤,033-737-4131,
461,10. 강원,원주시,제14회 치악산 찰옥수수 축제,05. 지역특산물,농민문화 회관 일원,04. 독립형,10. 강원,원주시,문막읍,2026,7,11,2026,7,12,2,,01. 매년,2013,100,0,30,70,해당없음,500,500,0,99. 무응답,,문막농협,03. 기타 공공,,원주시,로컬푸드과,팀장,남도윤,033-737-4131,
462,10. 강원,원주시,제63회 농업인의 날 삼토 페스티벌 ,04. 전통역사,원주종합운동장 일원,04. 독립형,10. 강원,원주시,명륜동,2026,9,11,2026,9,13,3,,01. 매년,2005,500,0,500,0,해당없음,"50,000","50,000",모름,99. 무응답,기타,농촌지도자원주시연합회,05. 민간 협/단체,원주시 농업인의 날 개최 및 지원에 관한 조례,원주시청,농촌자원과,팀장,김소현,033-737-4155,
463,10. 강원,강릉시,경포 벚꽃 축제,02. 자연생태,경포호 및 경포대 일원,03. 수변형,10. 강원,강릉시,-,2026,3,27,2026,4,1,6,,01. 매년,1993,291,0,291,0,해당없음,"275,000","275,000",모름,02. 추정,주차면수,강릉시,01. 정부/지자체,,강릉시청,관광정책과,주무관,최유리,033-640-5130,
464,10. 강원,강릉시,솔올블라썸,02. 자연생태,교1동 일원,05. 기타,10. 강원,강릉시,교1동,2026,4,3,2026,4,5,3,,01. 매년,2023,200,0,200,0,해당없음,"50,000","50,000",모름,99. 무응답,기타,교1동주민자치회,05. 민간 협/단체,강릉시 주민자치회 시범실시 및 설치ㆍ운영에 관한 조례,강릉시청,관광정책과,주무관,최유리,033-640-5130,
465,10. 강원,강릉시,남산 벚꽃 축제,02. 자연생태,남산공원 일원,02. 녹지형,10. 강원,강릉시,강남동,2026,4,3,2026,4,5,3,,01. 매년,2009,100,0,100,0,해당없음,"15,711","15,711",모름,99. 무응답,기타,강남동발전협의회,05. 민간 협/단체,,강릉시청,관광정책과,주무관,최유리,033-640-5130,
466,10. 강원,강릉시,강릉 차문화 축제,01. 문화예술,강릉오죽한옥마을,01. 마을형,10. 강원,강릉시,-,2026,5,22,2026,5,24,3,,01. 매년,2023,120,0,120,0,해당없음,"32,317","32,317",모름,99. 무응답,기타,재단법인 율곡국학진흥원,02. 재단(관광/문화/예술),민법,강릉시청,문화유산과,주무관,문희정,033-640-5585,
467,10. 강원,강릉시,강릉단오제,04. 전통역사,강릉 남대천 일원,03. 수변형,10. 강원,강릉시,-,2026,6,15,2026,6,22,8,,01. 매년,미상,"2,708",0,"2,708",0,해당없음,"956,000","956,000",모름,01. 계측,무인,(사)강릉단오제위원회,04. 지자체 위원회,강릉시 문화예술진흥 조례,강릉시청,문화유산과,주무관,신범승,033-640-5580,
468,10. 강원,강릉시,강릉 비치비어 페스티벌,01. 문화예술,경포해변 일원,03. 수변형,10. 강원,강릉시,-,2026,7,3,2026,7,5,3,,01. 매년,2019,354,27,327,0,문화체육관광부,"63,000","62,200",800,01. 계측,티켓판매,강릉비치비어페스티벌추진위원회,04. 지자체 위원회,,강릉시청,관광정책과,주무관,최유리,033-640-5130,
469,10. 강원,강릉시,강릉 버스킹 전국대회,01. 문화예술,경포해변 일원,03. 수변형,10. 강원,강릉시,-,2026,7,3,2026,8,16,45,,01. 매년,2024,400,0,400,0,해당없음,"11,980","11,980",모름,01. 계측,유인,강릉시,01. 정부/지자체,,강릉시청,관광정책과,주무관,이진휘,033-640-5618,
470,10. 강원,강릉시,경포 썸머 페스티벌,01. 문화예술,경포해변 일원,03. 수변형,10. 강원,강릉시,-,2026,7,28,2026,8,3,7,,01. 매년,1997,400,0,400,0,해당없음,"81,266","81,266",모름,01. 계측,무인,강릉시,01. 정부/지자체,,강릉시청,관광정책과,주무관,최유리,033-640-5130,
471,10. 강원,강릉시,주문진 해변축제,02. 자연생태,주문진해수욕장,03. 수변형,10. 강원,강릉시,주문진읍,2026,7,5,2026,8,18,45,,01. 매년,2004,90,0,90,0,해당없음,"8,580","8,580",모름,02. 추정,주차면수,주문진해수욕장운영위원회,04. 지자체 위원회,,강릉시청,관광정책과,주무관,최유리,033-640-5130,
472,10. 강원,강릉시,강릉 국가유산야행,04. 전통역사,강릉대도호부관아 일원,03. 수변형,10. 강원,강릉시,-,2026,8,13,2026,8,15,3,,01. 매년,2016,975,390,585,0,문화체육관광부,"159,620","159,620",모름,01. 계측,유인,강릉문화원,02. 재단(관광/문화/예술),지방문화원진흥법,강릉시청,문화유산과,주무관,윤슬기,033-640-5373,
473,10. 강원,강릉시,강릉 누들 축제,05. 지역특산물,월화거리 일원,01. 마을형,10. 강원,강릉시,-,2026,10,15,2026,10,18,4,,01. 매년,2022,207,0,207,0,해당없음,"190,155","190,155",모름,01. 계측,무인,강릉시,01. 정부/지자체,,강릉시청,관광정책과,주무관,최유리,033-640-5130,
474,10. 강원,강릉시,제18회 강릉커피축제,03. 주민화합,강릉커피거리 일원,01. 마을형,10. 강원,강릉시,-,2026,10,21,2026,10,25,5,,01. 매년,2009,800,0,800,0,해당없음,"520,000","520,000",모름,01. 계측,무인,강릉문화재단,02. 재단(관광/문화/예술),강릉문화재단 설립 및 운영·지원 조례,강릉시청,문화예술과,주무관,김철규,033-640-5049,
475,10. 강원,강릉시,2026 강릉크리스마스 겨울축제,03. 주민화합,강릉월화거리 일원,01. 마을형,10. 강원,강릉시,-,2026,12,18,2026,12,26,9,,01. 매년,2021,290,0,290,0,해당없음,"212,000","212,000",모름,01. 계측,무인,강릉크리스마스축제조직위원회,04. 지자체 위원회,강릉시 축제 발전 및 운영에 관한 조례,강릉시청,문화예술과,주무관,김철규,033-640-5049,
476,10. 강원,강릉시,해맞이 행사,03. 주민화합,"경포해변, 정동진 모래시계공원",02. 녹지형,10. 강원,강릉시,-,2026,12,31,2027,1,1,2,,01. 매년,1998,182,0,182,0,해당없음,"346,392","346,392",모름,02. 추정,통신 데이터,강릉시,01. 정부/지자체,,강릉시청,관광정책과,주무관,최유리,033-640-5130,
477,10. 강원,동해시,제8회 묵호등대 논골담길 축제,01. 문화예술,묵호항 수변공원,02. 녹지형,10. 강원,동해시,묵호동,2026,9,18,2026,9,20,3,,01. 매년,2015,15,0,15,0,해당없음,500,500,모름,99. 무응답,기타,묵호동주민자치위원회,04. 지자체 위원회,동해시 주민자치회 시범실시 및 설치ㆍ운영에 관한 조례,동해시,묵호동,팀장,백희옥,033-539-8421,
478,10. 강원,동해시,제13회 전천축제,01. 문화예술,전천공원 일원,02. 녹지형,10. 강원,동해시,북평동,2026,4,4,2026,4,5,2,,01. 매년,2010,15,0,15,0,해당없음,"30,000","30,000",모름,99. 무응답,기타,북평동축제추진위원회,04. 지자체 위원회,동해시 지역축제 육성 및 지원에 관한 조례,동해시,북평동,주무관,노승균,033-539-8442,
479,10. 강원,동해시,제4회 발한 호로롱 페스티벌,03. 주민화합,동쪽바다중앙시장 일원,01. 마을형,10. 강원,동해시,발한동,2026,10,,2026,10,,2,미정,01. 매년,2023,25,0,15,10,해당없음,"3,000","3,000",모름,99. 무응답,기타,발한동주민자치위원회,04. 지자체 위원회,동해시 주민자치센터 설치 및 운영 조례,동해시,발한동,행정팀장,박연실,033-539-8401,
480,10. 강원,동해시,2026년 무릉별유천지 라벤더축제,02. 자연생태,무릉별유천지,03. 수변형,10. 강원,동해시,삼화동,2026,6,13,2026,6,21,9,,01. 매년,2023,290,0,290,0,해당없음,"85,792","85,792",모름,01. 계측,티켓판매,동해문화관광재단,02. 재단(관광/문화/예술),동해시 문화관광재단 설립 및 운영에 관한 조례,동해시,무릉전략과,주무관,문기범,033-539-8271,
481,10. 강원,동해시,제2회 아스타축제,02. 자연생태,무릉별유천지,03. 수변형,10. 강원,동해시,삼화동,2026,10,,2026,10,,,미정,01. 매년,2025,100,0,100,0,해당없음,"2,698","2,698",모름,99. 무응답,,무릉전략과,01. 정부/지자체,동해시 지역축제 육성 및 지원에 관한 조례,동해시,무릉전략과,주무관,문기범,033-539-8271,
482,10. 강원,동해시,제5회 송정막걸리축제,03. 주민화합,송정동 일원,05. 기타,10. 강원,동해시,송정동,2026,9,4,2026,9,5,2,,01. 매년,2019,15,0,15,0,해당없음,"1,000","1,000",모름,99. 무응답,기타,송정막걸리축제추진위원회,04. 지자체 위원회,동해시 지역축제 육성 및 지원에 관한 조례,동해시,송정동,팀장,우용섭,033-539-8331,
483,10. 강원,동해시,동해무릉제,03. 주민화합,동해웰빙레포츠타운 일원,04. 독립형,10. 강원,동해시,천곡동,2026,9,,2026,9,,,미정,01. 매년,1984,840,0,840,0,해당없음,"70,000","70,000",모름,99. 무응답,기타,동해문화관광재단,02. 재단(관광/문화/예술),동해시 문화관광재단 설립 및 운영에 관한 조례,동해시,문화예술과,주무관,최혜지,033-530-2412,
484,10. 강원,동해시,도째비페스타,03. 주민화합,묵호항 여객선터미널 광장 일원,02. 녹지형,10. 강원,동해시,묵호동,2026,,,2026,,,,미정,01. 매년,2022,300,0,300,0,해당없음,"65,000","65,000",모름,99. 무응답,기타,동해문화관광재단,02. 재단(관광/문화/예술),동해시 문화관광재단 설립 및 운영에 관한 조례,동해시,문화예술과,주무관,최혜지,033-530-2412,
485,10. 강원,태백시,제33회 태백산 눈축제,02. 자연생태,태백산 국립공원 당골광장,02. 녹지형,10. 강원,태백시,문곡소도동,2026,1,31,2026,2,8,9,,01. 매년,1994,"1,427",0,"1,377",50,해당없음,"526,304","526,304",모름,01. 계측,유인,재단법인 태백시문화재단,02. 재단(관광/문화/예술),태백시문화재단 설립 및 운영에 관한 조례,태백시청,문화관광과,주무관,함시진,033-550-2349,
486,10. 강원,태백시,"제11회 한강,낙동강발원지 축제",02. 자연생태,"황지연못, 검룡소 일원",04. 독립형,10. 강원,태백시,"황지동, 삼수동",2026,7,25,2026,8,2,9,,01. 매년,2016,932,0,932,0,해당없음,"194,212","194,212",모름,01. 계측,유인,재단법인 태백시문화재단,02. 재단(관광/문화/예술),태백시문화재단 설립 및 운영에 관한 조례,태백시청,문화관광과,주무관,함시진,033-550-2349,
487,10. 강원,태백시,태백 천상의 산나물 축제,05. 지역특산물,장성 탄탄마당,04. 독립형,10. 강원,태백시,장성동,2026,4,24,2026,4,26,3,,01. 매년,2018,255,0,250,5,해당없음,"29,500","29,500",모름,02. 추정,통신 데이터,태백시,01. 정부/지자체,,태백시청,농업과,팀장,김태형,033-550-2383,
488,10. 강원,태백시,제3회 탄광문화고기축제,05. 지역특산물,철암 쇠바우골 탄광문화 장터,02. 녹지형,10. 강원,태백시,철암동,2026,8,7,2026,8,8,2,,01. 매년,2024,75,0,75,0,해당없음,"6,000","6,000",모름,01. 계측,유인,전국한우협회 강원특별자치도지회 태백시지부,05. 민간 협/단체,태백시 농업인 및 농업단체 육성지원 조례 제4조 제1항,태백시청,축산과,주무관,심성희,033-550-7150,
489,10. 강원,속초시,2026 영랑호 벚꽃축제,02. 자연생태,영랑호 잔디광 및 수변 일원,02. 녹지형,10. 강원,속초시,영랑동,2026,4,11,2026,4,12,2,,01. 매년,2024,120,0,120,0,해당없음,"30,000","30,000",모름,02. 추정,통신 데이터,속초시,01. 정부/지자체,-,속초시청,관광과,지방행정주사보/주무관,심예은,033-639-2545,
490,10. 강원,속초시,2026년 설악무산문화축전,04. 전통역사,엑스포 잔디광장 일원,02. 녹지형,10. 강원,속초시,조양동,2026,5,15,2026,5,17,3,,01. 매년,2024,"1,090",200,390,500,문화체육관광부,"70,000","70,000",모름,01. 계측,유인,(재)설악·만해사상실천선양회 ,02. 재단(관광/문화/예술),-,속초시청,문화체육과,지방학예연구사/주무관,이가영,033-639-2958,
491,10. 강원,속초시,2026 실향민 문화축제,01. 문화예술,엑스포 잔디광장 일원,02. 녹지형,10. 강원,속초시,조양동,2026,6,,2026,6,,3,미정,01. 매년,2016,580,117,463,0,행정안전부,"129,664","129,664",모름,01. 계측,유인,(재)속초문화관광재단,02. 재단(관광/문화/예술),속초문화관광재단 설립 및 운영에 관한 조례,속초시청,문화체육과,지방행정주사보/주무관,고경민,033-639-2255,
492,10. 강원,속초시,2026 속초썸머페스티벌,01. 문화예술,속초해수욕장 일원,03. 수변형,10. 강원,속초시,조양동,2026,7,,2026,8,,3,미정,01. 매년,2017,110,0,110,0,해당없음,"101,225","101,225",모름,02. 추정,주차면수,속초시,01. 정부/지자체,-,속초시청,관광과,지방행정주사보/주무관,심예은,033-639-2545,
493,10. 강원,속초시,제61회 설악문화제,01. 문화예술,엑스포 잔디광장 일원,02. 녹지형,10. 강원,속초시,조양동,2026,10,,2026,10,,3,미정,01. 매년,1966,850,0,850,0,해당없음,"78,060","78,060",모름,01. 계측,유인,(재)속초문화관광재단,02. 재단(관광/문화/예술),속초문화관광재단 설립 및 운영에 관한 조례,속초시청,문화체육과,지방행정주사보/주무관,고경민,033-639-2255,
494,10. 강원,삼척시,2026 삼척정월대보름제,04. 전통역사,"엑스포광장 및 시내 척주로, 삼척해수욕장 일원",05. 기타,10. 강원,삼척시,성내동,2026,2,27,2026,3,1,3,,01. 매년,1973,780,0,780,0,해당없음,"118,109","118,109",모름,01. 계측,유인,삼척정월대보름제위원회,04. 지자체 위원회,삼척정월대보름제 운영 조례,삼척시청,문화예술과,주무관,이혁,033-570-3225,
495,10. 강원,삼척시,제22회맹방유채꽃축제,02. 자연생태,근덕면 상맹방리 215-1번지 일원,05. 기타,10. 강원,근덕면,상맹방리,2026,4,3,2026,4,19,17,,01. 매년,2002,400,0,400,0,해당없음,"243,000","243,000",0,02. 추정,통신 데이터,삼척맹방유채꽃축제추진위원회,04. 지자체 위원회,,삼척시청,농정과,원예특작팀장,김현철,033-570-3375,
496,10. 강원,삼척시,제13회 삼척 하장 두타산 산나물축제,05. 지역특산물,하장면 번천리 백두대간 청정임산물 복합체험센터,03. 수변형,10. 강원,삼척시,하장면,2026,5,6,2026,5,10,5,,01. 매년,2010,99,0,90,9,해당없음,"3,000","3,000",0,02. 추정,통신 데이터,삼척하장 두타산 산나물축제위원회,04. 지자체 위원회,,삼척시청,산림과,주무관,백성필,033-570-3929,
497,10. 강원,삼척시,2026년 제8회 삼척 장미축제,02. 자연생태,삼척 장미공원,02. 녹지형,10. 강원,삼척시,정상동,2026,5,19,2026,5,25,7,,01. 매년,2018,800,0,800,0,해당없음,"142,123","142,088",35,02. 추정,통신 데이터,삼척관광문화재단,02. 재단(관광/문화/예술),삼척관광문화재단 설립 및 운영에 관한 조례,삼척관광문화재단,브랜드마케팅팀,과장,이기욱,033-576-0792,
498,10. 강원,삼척시,2026년 제7회 삼척 비치 썸 페스티벌,01. 문화예술,삼척해수욕장,03. 수변형,10. 강원,삼척시,갈천동,2026,7,17,2026,7,19,3,,01. 매년,2016,270,0,270,0,해당없음,"25,752","25,752",모름,01. 계측,유인,삼척관광문화재단,02. 재단(관광/문화/예술),삼척관광문화재단 설립 및 운영에 관한 조례,삼척관광문화재단,브랜드마케팅팀,대리,김현기,033-576-0793,
499,10. 강원,삼척시,제3회 삼척해(海)랑영화제,01. 문화예술,"삼척해변, 이사부독도기념관 등 삼척 일원",05. 기타,10. 강원,삼척시,-,2026,8,,2026,8,,2,미정,01. 매년,2024,230,0,160,70,해당없음,"5,600","5,500",100,01. 계측,무인,삼척관광문화재단,02. 재단(관광/문화/예술),삼척관광문화재단 설립 및 운영에 관한 조례,삼척관광문화재단,콘텐츠운영팀,과장,강유진,033-575-8205,
500,10. 강원,삼척시,2026 삼척동해왕이사부축제,04. 전통역사,삼척장미공원 일원,02. 녹지형,10. 강원,삼척시,정라동,2026,9,4,2026,9,6,3,,01. 매년,2008,400,0,400,0,해당없음,"51,594","51,259",335,02. 추정,통신 데이터,삼척시,01. 정부/지자체,,삼척시청,관광정책과,주무관,민소영,033-570-3073,
501,10. 강원,삼척시,2026 강원예술인 한마당,01. 문화예술,삼척문화예술회관 및 엑스포 광장 등,04. 독립형,10. 강원,삼척시,성내동,2026,10,16,2026,10,18,3,,01. 매년,2023,400,0,400,0,해당없음,미집계,미집계,미집계,03. 미집계,,삼척시,01. 정부/지자체,,삼척시청,문화예술과,주무관,김상호,033-570-3224,
502,10. 강원,삼척시,2026 국가유산 죽서루 야행,04. 전통역사,삼척 죽서루 일원,05. 기타,10. 강원,삼척시,성내동,2026,10,16,2026,10,18,3,,01. 매년,2024,300,0,300,0,해당없음,"15,716","15,716",모름,01. 계측,유인,삼척시,01. 정부/지자체,,삼척시청,문화예술과,주무관,이지안,033-570-3575,
503,10. 강원,삼척시,제17회 삼척평생학습박람회 및 제7최 책축제,01. 문화예술,삼척시문화예술회관 및 삼척시청소년수련관 일원,04. 독립형,10. 강원,삼척시,성내동,2026,10,24,2026,10,25,2,,01. 매년,2007,317,0,317,0,해당없음,"15,000","15,000",모름,01. 계측,유인,평생학습센터,01. 정부/지자체,삼척시 평생교육진흥 조례,삼척시청,평생학습센터,"학습기획팀장
주무관
주무관","신계숙
박성숙
권혜영","033-570-4432
033-570-4433
033-570-4448",
504,10. 강원,삼척시,2026년 제3회 너와포차거리,05. 지역특산물,미정,06. 미정,10. 강원,삼척시,-,2026,10,30,2026,10,31,2,,01. 매년,2024,98,0,98,0,해당없음,"4,000","4,000",모름,01. 계측,유인,삼척관광문화재단,02. 재단(관광/문화/예술),삼척관광문화재단 설립 및 운영에 관한 조례,삼척관광문화재단,브랜드마케팅팀,대리,김현기,033-576-0793,
505,10. 강원,홍천군,제14회 홍천강 꽁꽁축제,04. 전통역사,홍천강변 일원,03. 수변형,10. 강원,홍천군,홍천읍,2026,1,9,2026,1,25,17,,01. 매년,2013,"2,000",0,"2,000",0,해당없음,"230,050","230,050",모름,01. 계측,무인,홍천문화재단,02. 재단(관광/문화/예술),홍천문화재단 설립에 관한 조례,홍천군청,관광문화과,주무관,박현,033-430-2472,
506,10. 강원,홍천군,제8회 홍천산나물출제,05. 지역특산물,토리숲 일원,02. 녹지형,10. 강원,홍천군,홍천읍,2026,4,,2026,4,,,미정,01. 매년,2019,290,0,290,0,해당없음,"24,654","24,654",모름,01. 계측,무인,홍천문화재단,02. 재단(관광/문화/예술),홍천문화재단 설립에 관한 조례,홍천군청,산림과,팀장,김정화,033-430-2760,
507,10. 강원,홍천군,제30회 홍천찰옥수수축제,05. 지역특산물,홍천종합운동장 일원,03. 수변형,10. 강원,홍천군,홍천읍,2026,7,,2026,7,,,미정,01. 매년,1996,295,0,295,0,해당없음,"26,850","26,850",모름,01. 계측,무인,홍천문화재단,02. 재단(관광/문화/예술),홍천문화재단 설립에 관한 조례,홍천군청,농정과,주무관,박두영,033-430-2691,
508,10. 강원,홍천군,제10회 홍천강 별빛음악 맥주축제,05. 지역특산물,토리숲 일원,02. 녹지형,10. 강원,홍천군,홍천읍,2026,8,,2026,8,,,미정,01. 매년,2017,"1,100",0,"1,100",0,해당없음,"154,147","154,147",모름,01. 계측,무인,홍천문화재단,02. 재단(관광/문화/예술),홍천문화재단 설립에 관한 조례,홍천군청,관광문화과,주무관,박현,033-430-2472,
509,10. 강원,홍천군,제24회 홍천 인삼한우 명품축제,05. 지역특산물,토리숲 일원,02. 녹지형,10. 강원,홍천군,홍천읍,2026,10,,2026,10,,,미정,01. 매년,2003,500,0,500,0,해당없음,"105,717","105,717",모름,01. 계측,무인,홍천문화재단,02. 재단(관광/문화/예술),홍천문화재단 설립에 관한 조례,홍천군청,축산과,팀장,정희선,033-430-2720,
510,10. 강원,홍천군,제11회 홍천사과축제,05. 지역특산물,토리숲 일원,02. 녹지형,10. 강원,홍천군,홍천읍,2026,11,,2026,11,,,미정,01. 매년,2016,290,0,290,0,해당없음,"105,717","105,717",모름,01. 계측,무인,홍천문화재단,02. 재단(관광/문화/예술),홍천문화재단 설립에 관한 조례,홍천군청,농업기술센터,팀장,최성은,033-430-4210,
511,10. 강원,횡성군,제22회 횡성한우축제,05. 지역특산물,횡성읍 일원,05. 기타,10. 강원,횡성군,횡성읍,2026,10,,2026,10,,5,미정,01. 매년,2004,"2,040",0,"2,040",0,해당없음,"300,000","300,000",모름,01. 계측,유인,횡성문화관광재단,02. 재단(관광/문화/예술),횡성문화관광재단 설립 및 운영에 관한 조례,횡성군청,문환관광과,주무관,김백석,033-340-5953,
512,10. 강원,횡성군,제15회 둔내고랭지토마토축제,05. 지역특산물,둔내면 일원,05. 기타,10. 강원,횡성군,둔내면,2026,8,,2026,8,,3,미정,01. 매년,2012,205,0,205,0,해당없음,"51,373","51,373",모름,01. 계측,유인,둔내고랭지토마토축제위원회,04. 지자체 위원회,횡성군 지역축제 지원에 관한 조례,횡성군청,문화관광과,주무관 ,김백석,033-340-5953,
513,10. 강원,횡성군,제13회 횡성더덕축제,05. 지역특산물,청일면 일원,05. 기타,10. 강원,횡성군,청일면,2026,9,,2026,9,,3,미정,01. 매년,2012,180,0,180,0,해당없음,"25,030","25,030",모름,01. 계측,유인,횡성더덕축제위원회,04. 지자체 위원회,횡성군 지역축제 지원에 관한 조례,횡성군청,문화관광과,주무관 ,김백석,033-340-5953,
514,10. 강원,횡성군,제18회 안흥찐빵축제,05. 지역특산물,안흥찐빵모락모락마을 일원,01. 마을형,10. 강원,횡성군,안흥면,2026,10,,2026,10,,3,미정,01. 매년,1999,180,0,180,0,해당없음,"53,499","53,499",모름,01. 계측,유인,안흥찐빵축제위원회,04. 지자체 위원회,횡성군 지역축제 지원에 관한 조례,횡성군청,문화관광과,주무관 ,김백석,033-340-5953,
515,10. 강원,횡성군,제7회 횡성호수길축제,03. 주민화합,횡성호수길 일원,02. 녹지형,10. 강원,횡성군,갑천면,2026,5,,2026,5,,3,미정,01. 매년,2019,100,0,100,0,해당없음,"12,820","12,820",모름,01. 계측,유인,횡성호수길축제위원회,04. 지자체 위원회,횡성군 지역축제 지원에 관한 조례,횡성군청,문화관광과,주무관 ,김백석,033-340-5953,
516,10. 강원,횡성군,제4회 소(牛)맥 프리미엄 페스티벌,03. 주민화합,공근면 일원,05. 기타,10. 강원,횡성군,공근면,2026,8,,2026,8,,3,미정,01. 매년,2023,100,0,100,0,해당없음,"3,589","3,589",모름,01. 계측,유인,소맥프리미엄페스티벌추지위원회,04. 지자체 위원회,횡성군 지역축제 지원에 관한 조례,횡성군청,문화관광과,주무관 ,김백석,033-340-5953,
517,10. 강원,횡성군,제5회 태종노구문화제,04. 전통역사,강림면 일원,05. 기타,10. 강원,횡성군,강림면,2026,9,,2026,9,,2,미정,01. 매년,2018,100,0,100,0,해당없음,"4,500","4,500",모름,01. 계측,유인,태종노구문화제추진위원회,04. 지자체 위원회,횡성군 지역축제 지원에 관한 조례,횡성군청,문화관광과,주무관 ,김미정,033-340-5954,
518,10. 강원,횡성군,제38회 횡성회다지소리 민속문화제,04. 전통역사,우천면 정금민속관 일원,03. 수변형,10. 강원,횡성군,우천면,2026,4,,2026,4,,2,미정,01. 매년,1987,100,0,100,0,해당없음,"3,000","3,000",모름,99. 무응답,기타,횡성회다지소리민속문화제 위원회,04. 지자체 위원회,횡성군 지역축제 지원에 관한 조례,횡성군청,문화관광과,주무관 ,이정훈,033-340-5956,
519,10. 강원,영월군,제59회 단종문화제,04. 전통역사,영월군 관내 일원,05. 기타,10. 강원,영월군,영월읍,2026,4,24,2026,4,26,3,,01. 매년,1967,"1,700",0,"1,700",0,해당없음,"48,492","48,492",모름,02. 추정,통신 데이터,영월문화관광재단,02. 재단(관광/문화/예술),영월문화관광재단 설립·운영 조례,영월군청,문화관광과,주무관,유가온,033-370-2853,
520,10. 강원,영월군,동강국제사진제,01. 문화예술,"동강사진박물관, 예술창작스튜디오",03. 수변형,10. 강원,영월군,영월읍,2026,7,1,2026,10,31,120,,01. 매년,2002,700,0,700,0,해당없음,"35,313","35,163",150,01. 계측,티켓판매,영월문화관광재단,02. 재단(관광/문화/예술),영월문화관광재단 설립·운영 조례,영월군청,문화관광과,주무관,정순우,033-370-2904,
521,10. 강원,영월군,제28회 동강뗏목축제,01. 문화예술,동강둔치 등,03. 수변형,10. 강원,영월군,영월읍,2026,7,31,2026,8,2,3,,01. 매년,1997,900,0,900,0,해당없음,"24,608","24,608",모름,02. 추정,통신 데이터,영월문화관광재단,02. 재단(관광/문화/예술),영월문화관광재단 설립·운영 조례,영월군청,문화관광과,주무관,이상운,033-370-2863,
522,10. 강원,영월군,김삿갓문화제,04. 전통역사,김삿갓 묘역 등,02. 녹지형,10. 강원,영월군,김삿갓면,2026,10,16,2026,10,18,3,,01. 매년,1998,550,0,550,0,해당없음,"16,688","16,615",73,02. 추정,통신 데이터,영월문화관광재단,02. 재단(관광/문화/예술),영월문화관광재단 설립·운영 조례,영월군청,문화관광과,주무관,유가온,033-370-2853,
523,10. 강원,평창군,계촌클래식축제,01. 문화예술,평창군 방림면 계촌리 일원,01. 마을형,10. 강원,평창군,방림면,2026,5,,2026,5,,3,미정,01. 매년,2015,250,0,250,0,해당없음,"18,000","18,000",모름,01. 계측,유인,계촌클래식축제위원회,04. 지자체 위원회,지역주민 자발적 설립(축제위원회),평창군청,관광정책과,주무관,서은석,033-330-2712,
524,10. 강원,평창군,평창더위사냥축제,02. 자연생태,평창군 대화면 해뜰마을길 일원,01. 마을형,10. 강원,평창군,대화면,2026,7,,2026,8,,16,미정,01. 매년,2013,599,0,599,0,해당없음,"35,246","35,246",모름,01. 계측,티켓판매,평창더위사냥축제위원회,04. 지자체 위원회,지역주민 자발적 설립(축제위원회),평창군청,관광정책과,주무관,박보람,033-330-2466,
525,10. 강원,평창군,평창효석문화제,01. 문화예술,평창군 봉평면 효석문화마을 일원,01. 마을형,10. 강원,평창군,봉평면,2026,9,,2026,9,,10,미정,01. 매년,1999,645,0,645,0,해당없음,"195,000","195,000",모름,01. 계측,유인,(사)이효석문학선양회,05. 민간 협/단체,지역주민 자발적 설립(축제위원회),평창군청,관광정책과,주무관,박보람,033-330-2466,
526,10. 강원,평창군,평창농악축제,04. 전통역사,평창군 용평면 장평리 일원,01. 마을형,10. 강원,평창군,용평면,2026,9,,2026,9,,3,미정,01. 매년,2019,267,0,267,0,해당없음,"11,500","11,500",모름,01. 계측,유인,평창농악축제위원회,04. 지자체 위원회,지역주민 자발적 설립(축제위원회),평창군청,관광정책과,주무관,서은석,033-330-2712,
527,10. 강원,평창군,평창백일홍축제,02. 자연생태,평창군 평창읍 제방길 일원,03. 수변형,10. 강원,평창군,평창읍,2026,9,,2026,10,,10,미정,01. 매년,2015,363,0,363,0,해당없음,"96,261","96,261",모름,01. 계측,유인,평창백일홍축제위원회,04. 지자체 위원회,지역주민 자발적 설립(축제위원회),평창군청,관광정책과,주무관,박보람,033-330-2466,
528,10. 강원,평창군,평창송어축제,05. 지역특산물,평창군 진부면 오대천 일원,03. 수변형,10. 강원,평창군,진부면,2026,1,9,2026,2,9,32,,01. 매년,2007,898,18,880,0,문화체육관광부,"227,725","227,725",모름,01. 계측,티켓판매,평창송어축제위원회,04. 지자체 위원회,지역주민 자발적 설립(축제위원회),평창군청,관광정책과,주무관,박보람,033-330-2466,
529,10. 강원,평창군,대관령눈꽃축제,02. 자연생태,평창군 대관령면 송천 일원,03. 수변형,10. 강원,평창군,대관령면,2026,2,13,2026,2,22,10,,01. 매년,1993,975,0,975,0,해당없음,"110,391","110,391",모름,01. 계측,티켓판매,대관령면축제위원회,04. 지자체 위원회,지역주민 자발적 설립(축제위원회),평창군청,관광정책과,주무관,서은석,033-330-2712,
530,10. 강원,정선군,제1회 정선메밀전병축제,05. 지역특산물,정선읍 정선5일장 일원,01. 마을형,10. 강원,정선군,정선읍,2026,2,28,2026,3,2,3,,04. 최초,2026,80,0,80,0,해당없음,최초 개최,최초 개최,최초 개최,04. 기타,최초 개최,"정선읍주민자치회, 정선아리랑시장상인회",05. 민간 협/단체,정선군 지역축제 지원에 관한 조례 제4조,정선군청,정선읍,주무관,전충의,033-560-2605,
531,10. 강원,정선군,제20회 정선동강할미꽃 축제,02. 자연생태,정선읍 동강로 2908,03. 수변형,10. 강원,정선군,정선읍,2026,3,27,2026,3,29,3,,01. 매년,2007,10,0,10,0,해당없음,"20,000","20,000",모름,99. 무응답,,정선읍문화체육축제위원회,04. 지자체 위원회,정선군 지역축제 지원에 관한 조례 제4조,정선군청,정선읍,주무관,전충의,033-560-2605,
532,10. 강원,정선군,제34회 화암약수제,04. 전통역사,화암약수 및 그림바위 퍼즐 주차장 일원,02. 녹지형,10. 강원,정선군,화암면,2026,4,24,2026,4,25,2,,01. 매년,1993,20,0,20,0,해당없음,"5,000","5,000",모름,99. 무응답,,화암문화체육축제위원회,04. 지자체 위원회,정선군 지역축제 지원에 관한 조례 제4조,정선군청,화암면,주무관,전찬영,033-560-2795,
533,10. 강원,정선군,제15회 로컬푸드축제,05. 지역특산물,북평면 나전역광장 일원,02. 녹지형,10. 강원,정선군,북평면,2026,5,,2026,5,,3,미정,01. 매년,2013,20,0,20,0,해당없음,"15,000","15,000",모름,99. 무응답,,북평면체육축제위원회,04. 지자체 위원회,정선군 지역축제 지원에 관한 조례 제4조,정선군청,북평면,주무관,심응국,033-560-2675,
534,10. 강원,정선군,제33회 두위봉 철쭉제 산맥 페스티벌,02. 자연생태,"단곡계곡, 두위봉 일원",03. 수변형,10. 강원,정선군,신동읍,2026,5,,2026,5,,2,미정,01. 매년,1991,10,0,10,0,해당없음,"1,000","1,000",모름,99. 무응답,,신동읍행사추진위원회,04. 지자체 위원회,정선군 지역축제 지원에 관한 조례 제4조,정선군청,신동읍,주무관,심지연,033-560-2635,
535,10. 강원,정선군,제30회 사북읍석탄문화제,03. 주민화합,사북읍 650거리 및 탄광문화촌 광장 일원,02. 녹지형,10. 강원,정선군,사북읍,2026,6,26,2026,6,28,3,,01. 매년,1995,10,0,10,0,해당없음,"20,000","20,000",모름,99. 무응답,,사북읍석탄문화제추진위원회,04. 지자체 위원회,정선군 지역축제 지원에 관한 조례 제4조,정선군청,사북읍,주무관,정영훈,033-560-2625,
536,10. 강원,정선군,제3회 나전역 야시장 야밤바 행사,05. 지역특산물,북평면 옛시장골목 일원,01. 마을형,10. 강원,정선군,북평면,2026,8,,2026,8,,3,미정,01. 매년,2024,5,0,5,0,해당없음,500,500,모름,99. 무응답,,북평면주민자치회,05. 민간 협/단체,정선군 지역축제 지원에 관한 조례 제4조,정선군청,북평면,주무관,심응국,033-560-2675,
537,10. 강원,정선군,제21회 정선 함백산 야생화축제,02. 자연생태,"만항재 산상의화원, 하늘숲 정원, 야생화공원, 마을호텔18번가, 고한시장 일원",02. 녹지형,10. 강원,정선군,고한읍,2026,7,,2026,8,,,미정,01. 매년,2007,10,0,10,0,해당없음,"150,000","150,000",모름,99. 무응답,,야생화축제위원회,04. 지자체 위원회,정선군 지역축제 지원에 관한 조례 제4조,정선군청,고한읍,주무관,신석균,033-560-2615,
538,10. 강원,정선군,제10회 강변가요제,03. 주민화합,조양강 둔치,03. 수변형,10. 강원,정선군,정선읍,2026,8,,2026,8,,2,미정,01. 매년,2014,30,0,30,0,해당없음,"6,000","6,000",모름,99. 무응답,,정선강변가요제위원회,04. 지자체 위원회,정선군 지역축제 지원에 관한 조례 제4조,정선군청,관광과,주무관,이진아,033-560-2368,
539,10. 강원,정선군,제34회 아우라지 뗏목축제,04. 전통역사,여량면 아우라지 광장,02. 녹지형,10. 강원,정선군,여량면,2026,8,,2026,8,,2,미정,01. 매년,1992,10,0,10,0,해당없음,"32,000","32,000",모름,99. 무응답,,여량면문화체육추진위원회,04. 지자체 위원회,정선군 지역축제 지원에 관한 조례 제4조,정선군청,여량면,주무관,이광은,033-560-2666,
540,10. 강원,정선군,제51회 정선아리랑제,04. 전통역사,정선읍 공설운동장,04. 독립형,10. 강원,정선군,정선읍,2026,10,1,2026,10,4,4,,01. 매년,1976,"2,690",40,"2,600",50,문화체육관광부,"145,364","144,744",620,01. 계측,무인,정선아리랑문화재단,02. 재단(관광/문화/예술),정선아리랑문화재단 설립 및 운영 관한 조례,정선군청,문화체육과,주무관,손동영,033-560-2548,
541,10. 강원,정선군,제31회 민둥산은빛억새축제,02. 자연생태,민둥산 및 민둥산운동장 일원,02. 녹지형,10. 강원,정선군,남면,2026,10,,2026,11,,,미정,01. 매년,1995,10,0,10,0,해당없음,"300,000","300,000",모름,99. 무응답,,민둥산은빛억새축제위원회,04. 지자체 위원회,정선군 지역축제 지원에 관한 조례 제4조,정선군청,남면,주무관,신수경,033-560-2796,
542,10. 강원,정선군,정선 사과축제,05. 지역특산물,임계면 사통팔달시장 일원,01. 마을형,10. 강원,정선군,임계면,2026,11,7,2026,11,8,2,,01. 매년,2017,150,0,70,80,해당없음,"15,000","15,000",모름,99. 무응답,,정선임계사과협의회,05. 민간 협/단체,정선군 지역축제 지원에 관한 조례 제4조,정선군청,임계면,주무관,이영재,033-560-2686,
543,10. 강원,철원군,2026년 용화천 겨울 놀이터,02. 자연생태,용화천 명성어린이공원 일원,02. 녹지형,10. 강원,철원군,갈말읍,2026,1,16,2026,2,8,24,,01. 매년,2018,100,0,100,0,해당없음,"1,000","1,000",모름,99. 무응답,,철원군청 경제진흥과,01. 정부/지자체,,철원군청,경제진흥과,주무관,심상민,033-450-4829,
544,10. 강원,철원군,2026년 용화천 물놀이장,02. 자연생태,용화천 명성어린이공원 일원,02. 녹지형,10. 강원,철원군,갈말읍,2026,7,18,2026,8,9,23,,01. 매년,2018,60,0,60,0,해당없음,"1,000","1,000",모름,99. 무응답,,철원군청 경제진흥과,01. 정부/지자체,,철원군청,경제진흥과,주무관,심상민,033-450-4829,
545,10. 강원,철원군,DMZ 피스트레인 뮤직페스티벌 2026,01. 문화예술,철원군 고석정 일원,02. 녹지형,10. 강원,철원군,동송읍,2026,6,12,2026,6,14,3,,01. 매년,2018,982,0,550,432,해당없음,"13,747","13,682",65,01. 계측,티켓판매,사단법인 피스트레인,05. 민간 협/단체,"민법 제32조, 문화체육관광부 및 문화재청 소관 비영리법인의 설립 및 감독에 관한 규칙 제4조",철원군청,문화체육과,주무관,이소라,033-450-4771,
546,10. 강원,철원군,철원 화강 다슬기축제,02. 자연생태,철원 화강 쉬리공원 일원,02. 녹지형,10. 강원,철원군,김화읍,2026,7,30,2026,8,2,4,,01. 매년,2007,"1,190",0,"1,190",0,해당없음,"300,000","300,000",모름,01. 계측,유인,철원문화재단,02. 재단(관광/문화/예술),철원문화재단 설립 및 운영에 관한 조례,철원군청,관광정책실,주무관,장성완,033-450-4275,
547,10. 강원,철원군,태봉제,04. 전통역사,철원종합운동장일원,04. 독립형,10. 강원,철원군,갈말읍,2026,10,1,2026,10,3,3,,01. 매년,1983,991,0,991,0,해당없음,"60,000","60,000",모름,01. 계측,유인,철원문화재단,02. 재단(관광/문화/예술),철원문화재단 설립 및 운영에 관한 조례,철원군청,관광정책실,주무관,장성완,033-450-4275,
548,10. 강원,철원군,철원한탄강얼음트레킹 축제,02. 자연생태,철원 한탄강,03. 수변형,10. 강원,철원군,동송읍,2026,1,17,2026,1,25,9,,01. 매년,2013,"1,199",0,"1,199",0,해당없음,"150,000","150,000",모름,01. 계측,유인,철원문화재단,02. 재단(관광/문화/예술),철원문화재단 설립 및 운영에 관한 조례,철원군청,관광정책실,주무관,장성완,033-450-4275,
549,10. 강원,화천군,제22회 화천토마토축제,05. 지역특산물,사내면 문화마을 일원,01. 마을형,10. 강원,화천군,사내면,2026,8,6,2026,8,9,4,,01. 매년,2003,660,0,660,0,해당없음,"130,092","128,823","1,269",01. 계측,유인,화천토마토축제추진위원회,04. 지자체 위원회,"정관, 회칙",화천군청,농업정책과,주무관,김경섭,033-440-2912,
550,10. 강원,화천군,2026얼음나라 화천 산천어축제,02. 자연생태,화천읍 화천천 일원,03. 수변형,10. 강원,화천군,화천읍,2026,1,10,2026,2,1,23,,01. 매년,2003,"4,760",800,"3,960",0,문화체육관광부,"1,869,785","1,747,421","122,364",02. 추정,주차면수,재단법인 나라,02. 재단(관광/문화/예술),재단법인 나라 육성조례,화천군청,관광정책과,주무관,강용구,033-440-2542,
551,10. 강원,양구군,2026 청춘양구 곰취축제,05. 지역특산물,양구 서천레포츠 공원 일원,02. 녹지형,10. 강원,양구군,양구읍,2026,5,2,2026,5,5,4,,01. 매년,2004,800,0,800,0,해당없음,"102,115","102,115",모름,02. 추정,통신 데이터,양구문화재단,02. 재단(관광/문화/예술),양구문화재단 설립에 관한 조례,양구문화재단,축제공연팀,팀장,류진성,033-482-9173,
552,10. 강원,양구군,2026  국토정중앙 청춘양구 배꼽축제,01. 문화예술,양구 서천레포츠 공원 일원,02. 녹지형,10. 강원,양구군,양구읍,2026,8,28,2026,8,30,3,,01. 매년,2008,800,0,800,0,해당없음,"71,393","71,393",모름,02. 추정,통신 데이터,양구문화재단,02. 재단(관광/문화/예술),양구문화재단 설립에 관한 조례,양구문화재단,축제공연팀,팀장,류진성,033-482-9173,
553,10. 강원,양구군,제41회 양록제,03. 주민화합,양구 종합운동장 일원,04. 독립형,10. 강원,양구군,양구읍,2026,10,16,2026,10,17,2,,01. 매년,1983,295,0,295,0,해당없음,미집계,미집계,미집계,03. 미집계,,양구문화재단,02. 재단(관광/문화/예술),양구문화재단 설립에 관한 조례,양구문화재단,문화사업팀,팀장,백영기,033-481-9171,
554,10. 강원,양구군,2026 청춘양구 펀치볼 시래기사과축제,05. 지역특산물,해안명 펀치볼 힐링하우스 앞 성황지 일원,02. 녹지형,10. 강원,양구군,해안면,2026,11,6,2026,11,8,3,,01. 매년,2022,450,0,450,0,해당없음,"47,813","47,813",모름,01. 계측,무인,양구문화재단,02. 재단(관광/문화/예술),양구문화재단 설립에 관한 조례,양구문화재단,축제공연팀,팀장,류진성,033-482-9173,
555,10. 강원,인제군,2026 인제 여름 축제,02. 자연생태,남면 부평리 빙어호 일원,02. 녹지형,10. 강원,인제군,남면,2026,7,,2026,8,,,미정,01. 매년,2024,"2,300",0,"2,300",0,해당없음,"82,573",모름,모름,02. 추정,통신 데이터,재단법인 인제군문화재단,02. 재단(관광/문화/예술),인제군문화재단설립 및 운영에 관한 조례,인제군문화재단,축제팀,,박민수,033-460-8956,
556,10. 강원,인제군,2026 인제 가을꽃축제,02. 자연생태,북면 용대관광지 일원,04. 독립형,10. 강원,인제군,북면,2026,9,,2026,10,,,미정,01. 매년,2019,"2,300",0,"2,300",0,해당없음,"302,794",모름,모름,02. 추정,통신 데이터,재단법인 인제군문화재단,02. 재단(관광/문화/예술),인제군문화재단설립 및 운영에 관한 조례,인제군문화재단,축제팀,,이무열,033-460-8954,
557,10. 강원,인제군,용대황태축제,02. 자연생태,용대삼거리 황태촌 일월,01. 마을형,10. 강원,인제군,북면,2026,4,30,2026,5,,,미정,01. 매년,1999,132,0,120,12,해당없음,"15,000",모름,모름,99. 무응답,기타,용대리황태축제위원회,04. 지자체 위원회,,관광과,주무관,박채은,033-460-2057,,
558,10. 강원,인제군,하추리도리깨축제,02. 자연생태,인제읍 하추로 187,01. 마을형,10. 강원,인제군,인제읍,2026,10,24,2026,10,25,2,,01. 매년,2012,31,0,28,3,해당없음,920,모름,모름,99. 무응답,기타,가족올래하추리마을회,05. 민간 협/단체,,관광과,주무관,박채은,033-460-2057,,
559,10. 강원,인제군,인제천리길 개통 10주년 기념행사 및 제9회 인제천리길 걷기 축제,02. 자연생태,인제천리길코스,03. 수변형,10. 강원,인제군,인제읍,2026,4,,2026,10,,,미정,01. 매년,2018,11,0,10,1,해당없음,200,모름,모름,99. 무응답,기타,사단법인 인제천리길,05. 민간 협/단체,,관광과,주무관,박채은,033-460-2057,,
560,10. 강원,인제군,제12회 곰배령별밤음악축제,01. 문화예술,진동2리 진동분교,04. 독립형,10. 강원,인제군,기린면,2026,8,14,2026,8,15,2,,01. 매년,2013,11,0,10,1,해당없음,800,모름,모름,99. 무응답,기타,진동2리주민협의회,05. 민간 협/단체,,관광과,주무관,박채은,033-460-2057,,
561,10. 강원,인제군,햇살마을 구상나무트리 축제,03. 주민화합,햇살마을 산림치유센터 일원,04. 독립형,10. 강원,인제군,남면,2026,12,10,2026,12,11,2,,01. 매년,2024,11,0,10,1,해당없음,미집계,미집계,미집계,03. 미집계,,햇살마을구상나무트리축제추진위원회,04. 지자체 위원회,,관광과,주무관,박채은,033-460-2057,,
562,10. 강원,인제군,제1회 설악산 백담 눈꽃축제,02. 자연생태,백담마을 회관 일원(만해로 410-17),01. 마을형,10. 강원,인제군,북면,2026,1,24,2026,2,1,9,,01. 매년,2022,16,0,15,1,해당없음,"6,000",모름,모름,99. 무응답,기타,용대2리 백담마을,05. 민간 협/단체,,관광과,주무관,박채은,033-460-2057,,
563,10. 강원,인제군,제2회 기린농협 산나물 직거래 판매행사,05. 지역특산물,기린체육공원 인근,02. 녹지형,10. 강원,인제군,기린면,2026,4,,2026,4,,2,미정,01. 매년,2025,11,0,10,1,해당없음,"1,000",모름,모름,99. 무응답,기타,기린농업협동조함,05. 민간 협/단체,,관광과,주무관,박채은,033-460-2057,,
564,10. 강원,고성군,제26회 고성통일명태축제,04. 전통역사,거진읍 거진11리 행변,03. 수변형,10. 강원,고성군,거진읍,2026,10,,2026,10,,3,미정,01. 매년,1997,451,0,451,0,해당없음,"84,000","84,000",0,99. 무응답,기타,고성문화재단,02. 재단(관광/문화/예술),"고성문화재단 설립 및 운영 조례 제4조, 제13조",고성군청,관광과,주무관(기계운영7급),박경모,033-680-3362,
565,10. 강원,양양군,2026 양양 낙산해변 달빛모닥불 축제,03. 주민화합,낙산해변B지구,03. 수변형,10. 강원,양양군,강현면,2026,2,28,2026,3,1,2,,01. 매년,2025,60,0,60,0,해당없음,"10,000","10,000",모름,99. 무응답,기타,양양문화재단,02. 재단(관광/문화/예술),양양문화재단 설립에 관한 조레,양양문화재단,축제기획팀,팀장,임현순,033-671-3803,
566,10. 강원,양양군,2026 양양 남대천 벚꽃축제,02. 자연생태,송이조각공원 일원,02. 녹지형,10. 강원,양양군,양양읍,2026,4,,2026,4,,2,미정,01. 매년,2023,80,0,80,0,해당없음,"20,000","20,000",모름,99. 무응답,기타,양양문화재단,02. 재단(관광/문화/예술),양양문화재단 설립에 관한 조레,양양문화재단,축제기획팀,주임,이창희,033-671-7888,
567,10. 강원,양양군,2026 마을단위축제(3개 내외),03. 주민화합,양양군(공모 심의 선정),05. 기타,10. 강원,양양군,-,2026,4,,2026,11,,,미정,01. 매년,2022,35,0,35,0,해당없음,"3,000","3,000",모름,99. 무응답,기타,양양문화재단,02. 재단(관광/문화/예술),양양문화재단 설립에 관한 조레,양양문화재단,축제기획팀,주임,이창희,033-671-7888,
568,10. 강원,양양군,양양 서핑페스티벌,01. 문화예술,양양군 관내 해수욕장,03. 수변형,10. 강원,양양군,-,2026,8,1,2026,11,30,5,기간 중 프로그램 지속,01. 매년,2016,150,75,75,0,문화체육과,"58,251","58,251",모름,02. 추정,통신 데이터,양양군서핑협회,05. 민간 협/단체,비영리 민간단체,양양군청,관광문화과,주무관,김찬식,033-670-2726,
569,10. 강원,양양군,2026 양양송이연어축제,05. 지역특산물,양양 남대천 일원,03. 수변형,10. 강원,양양군,양양읍,2026,10,,2026,10,,3,미정,01. 매년,1996,"1,000",0,"1,000",0,해당없음,"127,027","127,027",모름,02. 추정,통신 데이터,양양문화재단,02. 재단(관광/문화/예술),양양문화재단 설립에 관한 조레,양양문화재단,축제기획팀,팀장,임현순,033-671-3803,
570,10. 강원,양양군,크리스마스 마켓&축제,01. 문화예술,낙산해변 알바트로스 광장 일원,02. 녹지형,10. 강원,양양군,강현면,2026,12,23,2026,12,27,5,,04. 최초,2026,50,0,50,0,해당없음,최초 개최,최초 개최,최초 개최,04. 기타,최초 개최,양양문화재단,02. 재단(관광/문화/예술),양양문화재단 설립에 관한 조례,양양문화재단,창의예술팀,주임,장세미,033-671-7810,
571,11. 충북,-,충북 한우랑 브랜드랑 축제,05. 지역특산물,미정,06. 미정,11. 충북,-,-,2026,10,,2026,10,,3,미정,01. 매년,2008,72,0,36,36,해당없음,"3,000","3,000",모름,99. 무응답,,(사)전국한우협회 충북도지회,05. 민간 협/단체,"축산법 제3조, 충청북도 농어업 농촌 및 식품산업 지원에 관한 기본조례 ",충북도청,축수산과,주무관,이효원,043-220-3735,
572,11. 충북,-,제17회 영춘제,01. 문화예술,청남대 일원,04. 독립형,11. 충북,청주시,문의면,2026,4,,2026,5,,,미정,01. 매년,2010,100,0,100,0,해당없음,"81,245","81,245",모름,01. 계측,티켓판매,충청북도 청남대관리사업소 운영과,01. 정부/지자체,충청북도청남대 운영 조례,충청북도 청남대관리사업소,운영과,운영팀장,최동혁,043-220-6411,
573,11. 충북,-,제21회 가을축제,01. 문화예술,청남대 일원,04. 독립형,11. 충북,청주시,문의면,2026,10,,2026,11,,,미정,01. 매년,2006,100,0,100,0,해당없음,"142,124","142,124",모름,01. 계측,티켓판매,충청북도 청남대관리사업소 운영과,01. 정부/지자체,충청북도청남대 운영 조례,충청북도 청남대관리사업소,운영과,운영팀장,최동혁,043-220-6411,
574,11. 충북,청주시,2026 3·3데이 청주삼겹살 축제,05. 지역특산물,청주 서문시장 삼겹살거리 일원,01. 마을형,11. 충북,청주시,서문동,2026,3,2,2026,3,3,2,,01. 매년,2012,15,0,15,0,해당없음,"12,000","12,000",모름,01. 계측,유인,음식관광팀,01. 정부/지자체,해당없음,청주시청,관광과,주무관,이지영,043-201-2057,
575,11. 충북,청주시,2026 벚꽃과 함께하는 제5회 청주 푸드트럭 축제,03. 주민화합,청주 상당구 무심동로(청주대교~제1운천교) 일원,02. 녹지형,11. 충북,청주시,영동,2026,4,3,2026,4,5,3,,01. 매년,2023,100,0,100,0,해당없음,"430,000","430,000",모름,99. 무응답,,음식관광팀,01. 정부/지자체,해당없음,청주시청,관광과,주무관,박서은,043-201-2056,
576,11. 충북,청주시,2026 청주 미식·주(酒) 페스타,05. 지역특산물,청주 문화제조창 잔디광장 일원,02. 녹지형,11. 충북,청주시,내덕동,2026,10,24,2026,10,25,2,,01. 매년,2025,185,0,185,0,해당없음,"30,000","30,000",모름,01. 계측,유인,음식관광팀,01. 정부/지자체,해당없음,청주시청,관광과,주무관,박서은,043-201-2056,
577,11. 충북,청주시,2026 청주 디저트·베이커리 페스타,05. 지역특산물,청주 문화제조창 잔디광장 일원,02. 녹지형,11. 충북,청주시,내덕동,2026,10,31,2026,11,1,2,,01. 매년,2023,114,0,114,0,해당없음,"67,000","67,000",모름,01. 계측,유인,음식관광팀,01. 정부/지자체,해당없음,청주시청,관광과,주무관,이지영,043-201-2057,
578,11. 충북,청주시,2026 세종대왕과 초정약수축제,03. 주민화합,초정행궁일원,04. 독립형,11. 충북,청주시,내수읍,2026,9,18,2026,9,20,3,,01. 매년,2006,"1,029",0,"1,029",0,해당없음,"160,000","160,000",모름,99. 무응답,기타,(사)청주예총,05. 민간 협/단체,한국예총 청주지부 조직 및 운영규정,청주시청,관광과,주무관,김솔,043-201-1792,
579,11. 충북,청주시,한여름밤 오싹 호러 페스티벌,03. 주민화합,성안길(중앙역사공원~철당간) 일원,01. 마을형,11. 충북,청주시,-,2026,8,21,2026,8,23,3,,01. 매년,2025,"1,000",0,"1,000",0,해당없음,"32,000","32,000",모름,01. 계측,유인,청주시청,01. 정부/지자체,해당없음,청주시청,관광과,주무관,박지영,043-201-1793,
580,11. 충북,청주시,2026 청주시 도시농업 페스티벌,01. 문화예술,청주시농업기술센터 유기농복합단지 일원,04. 독립형,11. 충북,청주시,-,2026,5,14,2026,5,17,4,,01. 매년,2023,500,0,500,0,해당없음,"60,252","60,252",모름,02. 추정,주차면수,청주시농업기술센터,01. 정부/지자체,청주시 도시농업의 육성 및 지원에 관한 조례 제10조,청주시청,도시농업관,주문관,육민규,043-201-3943,
581,11. 충북,청주시,대한민국 정원박람회 2026 청주 가드닝페스티벌,02. 자연생태,생명누리공원,02. 녹지형,11. 충북,청주시,청원구,2026,5,7,2026,5,10,4,,01. 매년,2018,"1,000",500,500,0,무응답,"25,000","25,000",모름,99. 무응답,기타,청주시 공원조성과,01. 정부/지자체,해당없음,청주시청,공원조성과,주무관,김동원,043-201-2805,
582,11. 충북,청주시,2026 청원생명축제,05. 지역특산물,오창읍 미래지농촌테마공원,02. 녹지형,11. 충북,청주시,오창읍,2026,10,2,2026,10,11,10,,01. 매년,2008,"3,074",0,"3,074",0,해당없음,"653,185","653,185",모름,01. 계측,유인,청원생명축제추진위원회,04. 지자체 위원회,청주시청원생명축제추진위원회 설치 및 운영조례,청주시청,농업정책과,주무관,이선동,043-201-2132,
583,11. 충북,청주시,2026 직지문화축제,04. 전통역사,"직지문화특구 일원(고인쇄박물관, 청주예술의전당 등)",01. 마을형,11. 충북,청주시,-,2026,9,4,2026,9,6,3,,02. 격년,2003,"2,000",0,"2,000",0,해당없음,"143,354","143,354",모름,01. 계측,유인,청주시직지가치증진위원회,04. 지자체 위원회,청주시 직지 가치 증진 조례,청주시청,학예연구실,주무관,최동진,043-201-3662,
584,11. 충북,청주시,2026 청주 국가유산 야행,04. 전통역사,청주시 원도심 일원,05. 기타,11. 충북,청주시,성안동,2026,4,24,2026,4,26,3,,01. 매년,2016,408,163,245,0,국가유산청,"100,000","97,900","2,100",99. 무응답,기타,청주시문화산업진흥재단,02. 재단(관광/문화/예술),청주시 문화산업진흥재단 설립 및 운영ㆍ지원 조례,청주시청,문화유산과,주무관,함수현,043-201-2436,
585,11. 충북,청주시,2026 국가유산 미디어아트 청주,01. 문화예술,청주시 원도심 일원,05. 기타,11. 충북,청주시,성안동,2026,8,28,2026,9,17,21,,04. 최초,2026,"1,400",700,700,0,국가유산청,최초 개최,최초 개최,최초 개최,04. 기타,최초 개최,청주시문화산업진흥재단,02. 재단(관광/문화/예술),청주시 문화산업진흥재단 설립 및 운영ㆍ지원 조례,청주시청,문화유산과,주무관,함수현,043-201-2436,
586,11. 충북,청주시,원도심골목길축제<봄:중앙극장>,01. 문화예술,상당구 중앙동 일원,05. 기타,11. 충북,청주시,중앙동,2026,4,25,2026,4,26,2,,01. 매년,2023,120,0,120,0,해당없음,"25,000","25,000",모름,01. 계측,유인,청주시문화산업진흥재단,02. 재단(관광/문화/예술),청주시 문화산업진흥재단 설립 및 운영지원 조례,청주시청,문화예술과,주무관,박은정,043-201-2018,
587,11. 충북,청주시,청남대 재즈토닉페스티벌,01. 문화예술,청남대 일원,04. 독립형,11. 충북,청주시,문의면,2026,5,22,2026,5,24,3,,01. 매년,2017,520,0,400,120,해당없음,"23,000","23,000",모름,01. 계측,티켓판매,㈜청주방송,06. 민간 사업체,해당없음,청주시청,문화예술과,주무관,전재영,043-201-2014,
588,11. 충북,청주시,원도심골목길축제<여름:성안이즈백>,01. 문화예술,상당구 성안동 일원,05. 기타,11. 충북,청주시,성안동,2026,8,29,2026,8,30,2,,01. 매년,2023,90,0,90,0,해당없음,"82,000","82,000",모름,01. 계측,유인,청주시문화산업진흥재단,02. 재단(관광/문화/예술),청주시 문화산업진흥재단 설립 및 운영지원 조례,청주시청,문화예술과,주무관,박은정,043-201-2018,
589,11. 충북,청주시,청주읍성큰잔치,01. 문화예술,청주 중앙공원 일원,02. 녹지형,11. 충북,청주시,성안동,2026,9,5,2026,9,6,2,,01. 매년,2009,280,0,280,0,해당없음,"35,000","35,000",모름,99. 무응답,기타,청주문화원,02. 재단(관광/문화/예술),청주시 문화원 육성 및 진흥에 관한 조례,청주시청,문화예술과,주무관,김이슬,043-201-2013,
590,11. 충북,청주시,동부창고페스타,01. 문화예술,동부창고 일원,04. 독립형,11. 충북,청주시,내덕동,2026,9,12,2026,9,13,2,,01. 매년,2023,90,0,90,0,해당없음,"15,000","15,000",모름,99. 무응답,기타,청주시문화산업진흥재단,02. 재단(관광/문화/예술),청주시 문화산업진흥재단 설립 및 운영·지원 조례,청주시청,문화예술과,주무관,이가빈,043-201-2033,
591,11. 충북,청주시,원도심골목길축제<가을:집대성>,01. 문화예술,상당구 대성동 일원,05. 기타,11. 충북,청주시,대성동,2026,11,7,2026,11,8,2,,01. 매년,2023,70,0,70,0,해당없음,"5,100","5,100",모름,01. 계측,유인,청주시문화산업진흥재단,02. 재단(관광/문화/예술),청주시 문화산업진흥재단 설립 및 운영지원 조례,청주시청,문화예술과,주무관,박은정,043-201-2018,
592,11. 충북,청주시,힙한 청주 페스티벌 in 제조창,01. 문화예술,청주 문화제조창 잔디광장,02. 녹지형,11. 충북,청주시,내덕동,2026,8,15,2026,8,16,2,,01. 매년,2025,250,0,250,0,해당없음,"9,300","9,300",모름,01. 계측,유인,충청북도 청주시,01. 정부/지자체,해당없음,청주시청,문화예술과,주무관,김성희,043-201-2016,
593,11. 충북,충주시,제54회 우륵문화제,01. 문화예술,탄금공원,02. 녹지형,11. 충북,충주시,칠금동,2026,10,7,2026,10,11,5,,01. 매년,1971,600,0,600,0,해당없음,"60,000","60,000",0,02. 추정,통신 데이터,(사)한국예술문화단체총연합회 충주지회,05. 민간 협/단체,"민법 제32조, 문화체육관광부 및 문화재청 소관 비영리법인의 설립 및 감독에 관한 규칙 제4조",충주시청,문화예술과,주무관,라광흠,043-850-5962,
594,11. 충북,충주시,목계별신제,04. 전통역사,엄정면 목계나루 일원,03. 수변형,11. 충북,충주시,엄정면,2026,4,25,2026,4,26,2,,01. 매년,1960,90,0,90,0,해당없음,"3,000","3,000",0,02. 추정,주차면수,중원목계문화보존회,05. 민간 협/단체,,충주시청,문화예술과,주무관,김우정,043-850-5964,
595,11. 충북,충주시,2026 충주 국가유산 야행,04. 전통역사,관아공원,02. 녹지형,11. 충북,충주시,성내동,2026,9,4,2026,9,6,3,,03. 일회성,2021,250,100,150,0,국가유산청,"18,200","18,200",0,01. 계측,유인,충주문화관광재단,02. 재단(관광/문화/예술),충주시 중원문화관광재단 설립 및 운영에 관한 조례,충주시청,문화예술과,주무관,최경훈,043-850-5986,
596,11. 충북,충주시,2026년 충주씨 농산물직거래 한마당,05. 지역특산물,탄금공원 일원,02. 녹지형,11. 충북,충주시,금릉동,2026,10,17,2026,10,18,2,,01. 매년,2017,200,0,200,0,해당없음,"410,000","410,000",모름,02. 추정,통신 데이터,ㅇ충주시  ㅇ충주농협조합공동사업법인,03. 기타 공공,충주시 통합마케팅 전문조직 육성 및 활성화 지원에 관한 조례,충주시청,농식품유통과,주무관,이금주,043-850-5781,
597,11. 충북,충주시,충주호 벚꽃축제,01. 문화예술,충주다목적댐 물문화관 일원,03. 수변형,11. 충북,충주시,동량면,2026,4,,2026,4,,3,미정,01. 매년,2011,35,0,35,0,해당없음,"6,412","6,412",모름,02. 추정,통신 데이터,(사)충주시사회단체연합회,05. 민간 협/단체,,충주시청,관광과,주무관,노혜란,043-850-6723,
598,11. 충북,충주시,제41회 수안보온천제,01. 문화예술,수안보 물탕공원 일원,02. 녹지형,11. 충북,충주시,수안보면,2026,4,,2026,4,,3,미정,01. 매년,1985,130,0,130,0,해당없음,"52,000","52,000",모름,02. 추정,통신 데이터,(사)수안보온천관광협의회,05. 민간 협/단체,관광진흥법 제48조의9,충주시청,관광과,주무관,서종원,043-850-6721,
599,11. 충북,충주시,충주다이브페스티벌,01. 문화예술,충주종합운동장 일원,04. 독립형,11. 충북,충주시,호암직동,2026,6,11,2026,6,14,4,,01. 매년,2023,"1,980",280,"1,700",0,문화체육관광부,"222,654","221,821",833,02. 추정,통신 데이터,(재)충주문화관광재단,02. 재단(관광/문화/예술),충주시 문화관광재단 설립 및 운영에 관한 조례,충주시청,관광과,주무관,서종원,043-850-6721,
600,11. 충북,충주시,비내섬 축제,01. 문화예술,비내섬 일원,03. 수변형,11. 충북,충주시,앙성면,2026,10,,2026,10,,2,미정,01. 매년,2023,100,0,100,0,해당없음,"5,421","5,421",모름,02. 추정,통신 데이터,(사)앙성온천관광협의회,05. 민간 협/단체,관광진흥법 제48조의9,충주시청,관광과,주무관,서종원,043-850-6721,
601,11. 충북,제천시,2026 제3회 제천빨간오뎅축제,05. 지역특산물,제천역 광장 일원,02. 녹지형,11. 충북,제천시,-,2026,2,28,2026,3,2,3,,01. 매년,2025,80,0,80,0,해당없음,"20,000","20,000",모름,99. 무응답,,제천시관광협의회,05. 민간 협/단체,제천시 관광협의회 설립 및 지원에 관한 조례,제천시청,관광과,주무관,이경미,043-641-6703,
602,11. 충북,제천시,제30회 제천청풍호벚꽃축제,02. 자연생태,청풍면 물태리 일원,05. 기타,11. 충북,제천시,-,2026,4,3,2026,4,5,3,,01. 매년,1997,80,0,60,20,해당없음,"20,000","20,000",모름,99. 무응답,,제천문화재단,02. 재단(관광/문화/예술),제천문화재단 설립 및 운영에 관한 조례,제천시청,문화예술과,주무관,이신탁,043-641-5513,
603,11. 충북,제천시,2026 제천 임산물 숲푸드 축제,05. 지역특산물,의림지 수변무대,03. 수변형,11. 충북,제천시,모산동,2026,6,13,2026,6,14,2,,04. 최초,2026,40,0,36,4,해당없음,최초 개최,최초 개최,최초 개최,04. 기타,최초 개최,(사)한국전문임업인협회 제천협의호,05. 민간 협/단체,제천시 임업인 등의 육성 및 지원 조례,제천시청,산림과,주무관,우효영,043-641-6484,
604,11. 충북,제천시,제24회 월악산송계양파축제,05. 지역특산물,한수체육문화공원,02. 녹지형,11. 충북,제천시,한수면,2026,7,,2026,7,,3,미정,01. 매년,2003,45,0,45,0,해당없음,"2,500","2,500",모름,99. 무응답,기타,월악산양파영농조합법인,05. 민간 협/단체,-,제천시청,유통축산과,주무관,남동현,043-641-6052,
605,11. 충북,제천시,슬로시티 수산  힐링축제,03. 주민화합,수산면 옥순봉 생태공원 일원,02. 녹지형,11. 충북,제천시,수산면,2026,10,23,2026,10,25,3,,01. 매년,2018,27,0,27,0,해당없음,"4,000","4,000",모름,99. 무응답,기타,수산슬로시티협의회,05. 민간 협/단체,제천시 슬로시티 지원 및 운영에 관한 조레,제천시청,관광과,주무관,유선유,043-641-6702,
606,11. 충북,제천시,제7회 봉양박달콩축제,05. 지역특산물,봉양읍 문화복지센터,04. 독립형,11. 충북,제천시,봉양읍,2026,11,,2026,11,,2,미정,01. 매년,2019,50,0,50,0,해당없음,"3,000","3,000",모름,99. 무응답,기타,봉양읍축제추진위원회,04. 지자체 위원회,-,제천시청,유통축산과,주무관,남동현,043-641-6052,
607,11. 충북,제천시,2026년 제천 수제맥주&달빛야시장 축제,03. 주민화합,제천 문화의거리 일원,01. 마을형,11. 충북,제천시,-,2026,9,,2026,9,,3,미정,01. 매년,2022,75,0,75,0,해당없음,"14,000","14,000",모름,99. 무응답,기타,(재)제천문화재단,02. 재단(관광/문화/예술),제천문화재단 설립 및 운영에 관한 조례,제천시청,일자리경제과,주무관,김영은,043-641-6606,
608,11. 충북,제천시,제5회 덕산양채축제,01. 문화예술,덕산면 근린공원,02. 녹지형,11. 충북,제천시,덕산면,2026,10,,2026,10,,2,미정,01. 매년,2022,47,0,47,0,해당없음,"1,000","1,000",0,01. 계측,유인,덕산양채축제추진위원회,04. 지자체 위원회,-,제천시청,덕산면,주무관,이승목,043-641-4226,
609,11. 충북,보은군,2026 보은벚꽃길축제,02. 자연생태,보은군이음센터 일원,04. 독립형,11. 충북,보은군,보은읍,2026,4,3,2026,4,12,10,,01. 매년,2024,400,0,400,0,해당없음,"240,129","240,129",0,02. 추정,통신 데이터,보은군축제추진위원회,04. 지자체 위원회,보은군 축제 지원 및 운영 조례,보은군청,문화관광과,주무관,김민재,043-540-3392,
610,11. 충북,보은군,2026 보은대추축제,05. 지역특산물,뱃들공원 및 속리산 일원,02. 녹지형,11. 충북,보은군,보은읍,2026,10,,2026,10,,10,미정,01. 매년,2007,"1,400",0,"1,400",0,해당없음,"456,190","456,190",0,02. 추정,통신 데이터,보은군축제추진위원회,04. 지자체 위원회,보은군 축제 지원 및 운영 조례,보은군청,문화관광과,주무관,김민재,043-540-3392,
611,11. 충북,옥천군,제24회 옥천묘목축제,05. 지역특산물,옥천묘목공원 일원,02. 녹지형,11. 충북,옥천군,이원면,2026,4,2,2026,4,5,4,,01. 매년,1999,420,0,420,0,해당없음,"53,127","53,127",모름,01. 계측,유인,옥천묘목축제추진위원회,04. 지자체 위원회,-,옥천군청,산림과,주무관,유철,043-730-3592,
612,11. 충북,옥천군,제7회 청산생선국수 축제,05. 지역특산물,청산면 지전리 일원,05. 기타,11. 충북,옥천군,청산면,2026,4,4,2026,4,5,2,,01. 매년,2017,59,0,59,0,해당없음,"3,000","3,000",모름,99. 무응답,,청산면민협의회,05. 민간 협/단체,-,옥천군청,청산면,주무관,김관오,043-730-3444,
613,11. 충북,옥천군,제3회 향수옥천 유채꽃 축제,01. 문화예술,옥천 금강수변 친수공원,02. 녹지형,11. 충북,옥천군,동이면,2026,4,,2026,4,,,미정,01. 매년,2023,73,0,73,0,해당없음,미집계,미집계,미집계,03. 미집계,,축제추진위원회,04. 지자체 위원회,-,옥천군청,문화관광과,주무관,이경연,043-730-3403,
614,11. 충북,옥천군,제39회 지용제,01. 문화예술,정지용 생가 및 구읍 일원,04. 독립형,11. 충북,옥천군,옥천읍,2026,5,15,2026,5,18,4,,01. 매년,1987,600,0,600,0,해당없음,"92,712","92,712",모름,01. 계측,유인,축제추진위원회,04. 지자체 위원회,지방문화원진흥법,옥천군청,문화관광과,주무관,장은정,043-730-3402,
615,11. 충북,옥천군,2026 제17회 향수옥천 포도복숭아 축제,05. 지역특산물,옥천공설운동장 일원,03. 수변형,11. 충북,옥천군,옥천읍,2026,7,,2026,8,,3,미정,01. 매년,2007,526,0,526,0,해당없음,"70,600","70,600",모름,01. 계측,유인,옥천군,01. 정부/지자체,지방자치법,옥천군청,농업정책과,주무관,박민,043-730-3842,
616,11. 충북,옥천군,2026년 제16회 옥수수감자 축제,05. 지역특산물,안내면종합축제장 일원,04. 독립형,11. 충북,옥천군,안내면,2026,7,11,2026,7,12,2,,01. 매년,2008,83,0,58,25,해당없음,"5,200","5,200",모름,01. 계측,유인,옥수수감자축제추진위원회,04. 지자체 위원회,-,옥천군청,안내면,주무관,이주연,043-730-4614,
617,11. 충북,영동군,2026 영동곶감축제,05. 지역특산물,영동 하상주차장일원,04. 독립형,11. 충북,영동군,-,2026,1,30,2026,2,1,3,,01. 매년,2003,600,0,600,0,해당없음,"76,600","76,600",0,01. 계측,무인,(재)영동군 문화관광재단,02. 재단(관광/문화/예술),영동군 문화관광재단 설립 및 지원 조례,영동군,산림녹지과,산림정책팀장,김호욱,043-740-3311,
618,11. 충북,영동군,제15회 대한민국와인축제,05. 지역특산물,영동 하상주차장일원(예정),04. 독립형,11. 충북,영동군,-,2026,,,2026,,,,미정,01. 매년,2010,590,0,590,0,해당없음,"113,006","113,006",0,02. 추정,통신 데이터,(재)영동군 문화관광재단,02. 재단(관광/문화/예술),영동군 문화관광재단 설립 및 지원 조례,영동군,농업연구과,주무관,장미선,043-740-5542,
619,11. 충북,영동군,2026 영동포도축제,05. 지역특산물,영동 레인보우힐링광장(예정),02. 녹지형,11. 충북,영동군,-,2026,,,2026,,,,미정,01. 매년,2004,946,0,946,0,해당없음,"180,000","180,000",0,01. 계측,유인,(재)영동군 문화관광재단,02. 재단(관광/문화/예술),영동군 문화관광재단 설립 및 지원 조례,영동군,스마트농업과,주무관,황민호,043-740-3472,
620,11. 충북,영동군,제57회 영동난계국악축제,01. 문화예술,영동 레인보우힐링광장(예정),02. 녹지형,11. 충북,영동군,-,2026,,,2026,,,,미정,01. 매년,1965,"1,100",0,"1,100",0,해당없음,"76,600","76,600",0,01. 계측,유인,(재)영동군 문화관광재단,02. 재단(관광/문화/예술),영동군 문화관광재단 설립 및 지원 조례,영동군,국악문화예술과,주무관,이규은,043-740-3523,
621,11. 충북,증평군,증평인삼골축제,05. 지역특산물,보강천체육공원일원,02. 녹지형,11. 충북,증평군,증평읍,2026,,,2026,,,4,미정,01. 매년,1992,410,0,410,0,해당없음,"310,000","305,000","5,000",99. 무응답,기타,증평문화원,02. 재단(관광/문화/예술),지방문화원진흥법,증평군,문화관광과,행정6급,심서영,043-835-4112,
622,11. 충북,증평군,증평들노래축제,04. 전통역사,증평민속체험박물관 일원,04. 독립형,11. 충북,증평군,증평읍,2026,6,13,2026,6,14,2,,01. 매년,2004,63,0,63,0,해당없음,"10,000","10,000",0,99. 무응답,기타,장뜰두레회,05. 민간 협/단체,증평군 문화예술 진흥 조례,증평군,문화관광과,행정9급,김수연,043-835-4134,
623,11. 충북,진천군,제26회 생거진천 농다리축제,01. 문화예술,진천 농다리 일원,03. 수변형,11. 충북,진천군,문백면,2026,,,2026,,,,미정,01. 매년,2000,450,0,450,0,해당없음,"494,542","494,542",모름,01. 계측,무인,생거진천문화재단,02. 재단(관광/문화/예술),생거진천 문화재단 설립 및 운영 조례,생거진천문화재단,문화콘텐츠팀,대리,문혁주,043-532-3325,
624,11. 충북,진천군,제47회 생거진천문화축제,01. 문화예술,백곡천 일원,03. 수변형,11. 충북,진천군,진천읍,2026,,,2026,,,,미정,01. 매년,1979,748,0,748,0,해당없음,"275,853","275,853",모름,01. 계측,무인,생거진천문화재단,02. 재단(관광/문화/예술),생거진천 문화재단 설립 및 운영 조례,생거진천문화재단,문화콘텐츠팀,대리,이진희,043-532-3325,
625,11. 충북,진천군,제15회 생거진천 평생학습축제,03. 주민화합,백곡천 일원,03. 수변형,11. 충북,진천군,진천읍,2026,10,,2026,10,,3,미정,01. 매년,2008,69,0,69,0,해당없음,"8,183","8,183",모름,99. 무응답,기타,진천군평생학습협의회,05. 민간 협/단체,진천군 평생학습 조례,진천군,평생학습센터,주무관,형인경,043-539-3742,
626,11. 충북,진천군,제11회 참숯마실축제,03. 주민화합,진천 숯산업클러스터 특구 부지,03. 수변형,11. 충북,진천군,백곡면,2026,10,,2026,10,,2,미정,01. 매년,2015,80,0,80,0,해당없음,"80,000","80,000",모름,99. 무응답,기타,백곡면축제추진위원회,04. 지자체 위원회,비영리민간단체 지원법,진천군,산림녹지과,주무관,허현미,043-539-4102,
627,11. 충북,진천군,제14회 생거진천예술제,01. 문화예술,진천 농다리 일원,03. 수변형,11. 충북,진천군,문백면,2026,10,,2026,10,,,미정,01. 매년,2013,100,0,100,0,해당없음,"100,000","100,000",모름,01. 계측,무인,사)진천예총,05. 민간 협/단체,비영리민간단체 지원법,진천군,문화관광과,주무관,최유진,043-539-3603,
628,11. 충북,괴산군,괴산빨간맛페스티벌,05. 지역특산물,유기농엑스포광장 및 동진천 하상 일원,02. 녹지형,11. 충북,괴산군,-,2026,5,22,2026,5,24,3,,01. 매년,2024,500,0,500,0,해당없음,"235,238","235,238",모름,01. 계측,유인,괴산축제위원회,04. 지자체 위원회,괴산축제위원회 운영에 관한 조례 ,괴산군청,문화관광과,주무관,김소영,043-830-3463,
629,11. 충북,괴산군,괴산고추축제,05. 지역특산물,유기농엑스포광장,02. 녹지형,11. 충북,괴산군,-,2026,9,,2026,9,,4,미정,01. 매년,2001,"1,090",0,"1,090",0,해당없음,"311,152","311,152",모름,01. 계측,유인,괴산축제위원회,04. 지자체 위원회,괴산축제위원회 운영에 관한 조례 ,괴산군청,문화관광과,주무관,민헤만,043-830-3462,
630,11. 충북,괴산군,괴산김장축제,05. 지역특산물,유기농엑스포광장,02. 녹지형,11. 충북,괴산군,-,2026,11,,2026,11,,4,미정,01. 매년,2019,800,0,800,0,해당없음,"123,394","123,394",모름,01. 계측,유인,괴산축제위원회,04. 지자체 위원회,괴산축제위원회 운영에 관한 조례 ,괴산군청,문화관광과,주무관,한재광,043-830-3464,
631,11. 충북,음성군,제27회 음성품바축제,01. 문화예술,설성공원 및 꽃동네 일원,02. 녹지형,11. 충북,음성군,음성읍,2026,6,10,2026,6,14,5,,01. 매년,2000,"1,100",0,"1,100",0,해당없음,"328,190","328,190",모름,01. 계측,무인,음성예총,05. 민간 협/단체,음성군 문화예술 지원 육성 조례,음성군,문화관광과,주무관,신유나,043-871-3415,
632,11. 충북,음성군,2026 음성명작 페스티벌,05. 지역특산물,금빛근린공원 일원,02. 녹지형,11. 충북,음성군,금왕읍,2026,9,17,2026,9,20,4,,01. 매년,2022,880,0,880,0,해당없음,"268,597","268,597",모름,01. 계측,무인,음성명작페스티벌 기획실무위원회,04. 지자체 위원회,음성군 축제 추진위원회,음성군,농정과,주무관,오찬교,043-871-3693,
633,11. 충북,음성군,제45회 설성문화제,04. 전통역사,미정,06. 미정,11. 충북,음성군,음성읍,2026,10,16,2026,10,17,2,,01. 매년,1982,550,0,550,0,해당없음,"44,288","44,288",모름,01. 계측,무인,음성문화원,02. 재단(관광/문화/예술),지방문화원진흥법,음성군,문화관광과,주무관,신유나,043-871-3415,
634,11. 충북,단양군,제42회 단양 소백산철쭉제,02. 자연생태,단양읍 상상의거리 및 소백산 일원(일부 변경가능),05. 기타,11. 충북,단양군,단양읍,2026,5,,2026,5,,3,미정,01. 매년,1983,650,0,650,0,해당없음,"237,688","237,688",0,02. 추정,통신 데이터,단양문화원,02. 재단(관광/문화/예술),단양문화원 진흥에 관한 조례,단양군청,문화예술과,행정7급,유희나,043-420-2522,
635,11. 충북,단양군,제28회 단양 온달문화축제,04. 전통역사,영춘면 온달관광지 일원,02. 녹지형,11. 충북,단양군,영춘면,2026,10,,2026,10,,3,미정,01. 매년,1996,650,0,650,0,해당없음,"39,433","39,433",0,02. 추정,통신 데이터,단양문화원,02. 재단(관광/문화/예술),단양문화원 진흥에 관한 조례,단양군청,문화예술과,행정7급,유희나,043-420-2552,
636,12. 충남,천안시,제11회 천안위례벚꽃축제,02. 자연생태,"천안시 동남구 북면 용암리, 병천천(은석초 주변) 일원",03. 수변형,12. 충남,천안시,북면,2026,4,4,2026,4,5,2,,01. 매년,2013,99,0,90,9,해당없음,"20,000","20,000",모름,01. 계측,유인,천안북면위례벚꽃축제추진위원회,04. 지자체 위원회,-,천안시,북면,주무관,김예림,041-521-4725,
637,12. 충남,천안시,2026년 어린이날기념 천안어린이행복주간행사,01. 문화예술,천안시민체육공원 등 천안시 일원,05. 기타,12. 충남,천안시,불당동,2026,5,1,2026,5,5,5,,01. 매년,2024,200,0,200,0,해당없음,"30,000","30,000",모름,01. 계측,유인,아동보육과,01. 정부/지자체,천안시 행정기구 및 정원 조례,천안시,아동보육과,주무관,윤송이,041-521-3687,
638,12. 충남,천안시,제3회 수신멜론축제,05. 지역특산물,천안 상록리조트 야외주차장,04. 독립형,12. 충남,천안시,수신면,2026,6,6,2026,6,7,2,,01. 매년,2024,57,0,40,17,해당없음,"8,000","8,000",모름,99. 무응답,기타,수신멜론축제추진위원회,04. 지자체 위원회,-,천안시,수신면,주무관,우정식,041-521-4764,
639,12. 충남,천안시,2026 천안 K-컬처박람회,01. 문화예술,독립기념관,04. 독립형,12. 충남,천안시,목천읍,2026,9,2,2026,9,6,5,,01. 매년,2023,"3,976",0,"3,976",0,해당없음,"356,448","341,448","15,000",01. 계측,무인,K컬처박람회추진과,01. 정부/지자체,천안시 행정기구 및 정원 조례,천안시,K컬처박람회추진과,주무관,정세빈,041-521-3411,
640,12. 충남,천안시,2026 천안호두축제,05. 지역특산물,광덕쉼터,04. 독립형,12. 충남,천안시,광덕면,2026,10,,2026,10,,,미정,01. 매년,2008,90,0,72,18,해당없음,"4,000","4,000",모름,99. 무응답,기타,천안호두축제위원회,04. 지자체 위원회,-,천안시,광덕면,주무관,박민정,041-521-4706,
641,12. 충남,천안시,병천순대축제,05. 지역특산물,병천순대거리 일원,01. 마을형,12. 충남,천안시,병천면,2026,10,,2026,10,,2,미정,01. 매년,2025,45,0,30,15,해당없음,"2,000","2,000",모름,02. 추정,통신 데이터,병천순대축제추진위원회,04. 지자체 위원회,-,천안시,병천면,주무관,유진규,041-521-4785,
642,12. 충남,천안시,천안흥타령춤축제 2026,01. 문화예술,천안종합운동장 및 천안시 일원,03. 수변형,12. 충남,천안시,불당동,2026,10,1,2026,10,5,5,,01. 매년,2003,"3,500",0,"3,500",0,해당없음,"890,000","890,000",모름,02. 추정,통신 데이터,천안문화재단,02. 재단(관광/문화/예술),천안 문화재단 설립 및 운영에 관한 조례,천안시,관광과,주무관,이윤서,041-521-5173,
643,12. 충남,천안시,제6회 「2026 빵빵데이 천안」 축제,05. 지역특산물,천안종합운동장 오륜문광장 일원,03. 수변형,12. 충남,천안시,백석동,2026,10,17,2026,10,18,2,,01. 매년,2021,450,0,450,0,해당없음,"291,040","291,040",모름,01. 계측,무인,천안시 식품안전과,01. 정부/지자체,천안시 행정기구 및 정원 조례,천안시,식품안전과,주무관,구현주,041-521-5443,
644,12. 충남,천안시,2026 천안시 K-DOG FESTIVAL,01. 문화예술,천안시민체육공원,01. 마을형,12. 충남,천안시,불당동,2026,10,31,2026,11,1,2,,01. 매년,2023,260,260,미확정,미확정,교육부,"6,912","6,912",모름,02. 추정,통신 데이터,연암대학교 RISE 센터,06. 민간 사업체,지역혁신중심 대학지원체계 운영규정,천안시,축산과,주무관,정예랑,041-521-5734,
645,12. 충남,천안시,제27회 입장거봉포도축제,05. 지역특산물,입장면 일원(세부장소 미정),05. 기타,12. 충남,천안시,입장면,2026,,,2026,,,,미정,01. 매년,1993,100,0,50,50,해당없음,"5,000","5,000",모름,99. 무응답,,입장거봉포도축제추진위원회,04. 지자체 위원회,-,천안시,입장면,주무관,맹국열,041-521-6845,
646,12. 충남,공주시,제9회 겨울공주 군밤축제 ,05. 지역특산물,"금강신관공원 일원, 미르섬",01. 마을형,12. 충남,공주시,신관동,2026,2,4,2026,2,8,5,,01. 매년,2018,690,0,690,0,해당없음,"241,064","241,064",모름,99. 무응답,기타,겨울공주군밤축제조직위원회,04. 지자체 위원회,공주시 축제 운영 조례,공주시청,관광과,주무관,이서연,041-840-8406,
647,12. 충남,공주시,계룡산 벚꽃축제,02. 자연생태,반포면 일원,05. 기타,12. 충남,공주시,반포면,2026,3,27,2026,4,5,10,,01. 매년,1993,53,0,53,0,해당없음,미집계,미집계,미집계,03. 미집계,,계룡산축제추진위원회,04. 지자체 위원회,공주시 축제 운영 조례,공주시청,관광과,주무관,김선우,041-840-8409,
648,12. 충남,공주시,계룡산 산신제,04. 전통역사,계룡면 일원,05. 기타,12. 충남,공주시,계룡면,2026,4,10,2026,4,12,3,,01. 매년,1998,100,0,100,0,해당없음,미집계,미집계,미집계,03. 미집계,,계룡산전통산신제보존회 ,05. 민간 협/단체,공주시 축제 운영 조례,공주시청,관광과,주무관,김민지,041-840-8403,
649,12. 충남,공주시,갑사 황매화축제 ,02. 자연생태,계룡면 갑사 상가지구 일원 ,05. 기타,12. 충남,공주시,계룡면,2026,4,17,2026,4,19,3,,01. 매년,2019,18,0,18,0,해당없음,미집계,미집계,미집계,03. 미집계,,갑사 상인지구번영회 ,05. 민간 협/단체,공주시 축제 운영 조례,공주시청,관광과,주무관,김선우,041-840-8409,
650,12. 충남,공주시,마곡사 신록축제 ,01. 문화예술,사곡면 일원,05. 기타,12. 충남,공주시,사곡면,2026,5,2,2026,5,5,4,,01. 매년,2004,18,0,18,0,해당없음,미집계,미집계,미집계,03. 미집계,,마곡사신록축제추진위원회 ,04. 지자체 위원회,공주시 축제 운영 조례,공주시청,관광과,주무관,이소이,041-840-8405,
651,12. 충남,공주시,제18회 공주 석장리 구석기 축제 ,04. 전통역사,"석장리 구석기 박물관, 상왕동 일원 ",01. 마을형,12. 충남,공주시,석장리동,2026,5,2,2026,5,5,4,,01. 매년,2008,"1,030",0,"1,030",0,해당없음,"61,078","61,078",모름,99. 무응답,기타,공주석장리구석기축제조직위원회,04. 지자체 위원회,공주시 축제 운영 조례,공주시청,관광과,주무관,김현오,041-840-8404,
652,12. 충남,공주시,제5회 공주 유구색동수국정원 꽃축제 ,02. 자연생태,유구읍 일원,05. 기타,12. 충남,공주시,유구읍,2026,6,19,2026,6,21,3,,01. 매년,2022,480,0,480,0,해당없음,"79,762","79,762",모름,99. 무응답,기타,공주시 관광과,01. 정부/지자체,공주시 축제 운영 조례,공주시청,관광과,주무관,윤예근,041-840-8407,
653,12. 충남,공주시,제2회 공주야밤 맥주축제,03. 주민화합,금강신관공원,02. 녹지형,12. 충남,공주시,신관동,2026,8,15,2026,8,17,3,,01. 매년,2025,350,0,350,0,해당없음,"27,164","27,164",모름,99. 무응답,기타,공주시 관광과,01. 정부/지자체,공주시 축제 운영 조례,공주시청,관광과,주무관,이소이,041-840-8405,
654,12. 충남,공주시,구룡사 구절산 구절초 축제 ,02. 자연생태,신풍면 구절사 일원,04. 독립형,12. 충남,공주시,신풍면,2026,10,10,2026,10,25,16,,01. 매년,2019,50,0,50,0,해당없음,미집계,미집계,미집계,03. 미집계,,구룡사구절초축제추진위원회 ,04. 지자체 위원회,공주시 축제 운영 조례,공주시청,관광과,주무관,이소이,041-840-8405,
655,12. 충남,공주시,제72회 백제문화제 ,04. 전통역사,공주시 일원,05. 기타,12. 충남,공주시,신관동 등,2026,10,3,2026,10,11,9,,01. 매년,1955,"4,070",0,"4,070",0,해당없음,"984,515","984,515",모름,99. 무응답,기타,공주시백제문화선양위원회,04. 지자체 위원회,공주시 축제 운영 조례,공주시청,관광과,주무관,김민지,041-840-8403,
656,12. 충남,보령시,무창포 주꾸미 도다리 축제,05. 지역특산물,무창포해수욕장 일원,03. 수변형,12. 충남,보령시,웅천읍,2026,3,20,2026,4,12,24,,01. 매년,2000,42,0,20,22,해당없음,"100,000","100,000",0,99. 무응답,기타,무창포어촌계,05. 민간 협/단체,수산업협동조합법,보령시청,수산과,주무관,이재언,041-930-6761,
657,12. 충남,보령시,보령AMC모터페스티벌,01. 문화예술,머드엑스포광장,02. 녹지형,12. 충남,보령시,대천5동,2026,5,,2026,5,,3,미정,01. 매년,2022,750,450,300,0,교육부,"202,456","202,456",0,01. 계측,무인,"아주자동차대학교, 보령축제관광재단",02. 재단(관광/문화/예술),보령축제관광재단 설립 및 지원 조례,보령시청,관광과,주무관,이승연,041-930-6562,
658,12. 충남,보령시,오천항키조개축제,05. 지역특산물,오천항일원,03. 수변형,12. 충남,보령시,오천면,2026,5,,2026,5,,2,미정,01. 매년,2018,43,0,20,23,해당없음,"4,000","4,000",0,99. 무응답,기타,오천항키조개축제추진위원회,04. 지자체 위원회,민법,보령시청,수산과,주무관,이재언,041-930-6761,
659,12. 충남,보령시,제29회 보령머드축제,01. 문화예술,대천해수욕장일원,03. 수변형,12. 충남,보령시,대천5동,2026,7,24,2026,8,9,17,,01. 매년,1998,"3,500",0,"3,500",0,해당없음,"1,690,359","1,555,131","135,228",01. 계측,무인,보령축제관광재단,02. 재단(관광/문화/예술),보령축제관광재단 설립 및 지원 조례,보령시청,관광과,주무관,이승연,041-930-6562,
660,12. 충남,보령시,용두솔밭어울림 축제,03. 주민화합,남포면 월전리 일원,05. 기타,12. 충남,보령시,남포면,2026,8,1,2026,8,9,9,,01. 매년,2018,9,0,9,0,해당없음,600,600,0,01. 계측,유인,"남포면, 용두마을회",01. 정부/지자체,,보령시청,남포면,주무관,최정은,041-930-3742,
661,12. 충남,보령시,"원산도 전국 해변가요제 및 원산도, 효자도 붕장어 축제",05. 지역특산물,선촌항 일원,03. 수변형,12. 충남,보령시,오천면,2026,9,,2026,9,,2,미정,01. 매년,2019,40,0,40,0,해당없음,500,500,0,02. 추정,식권판매,(사)원산도관광발전협의회,05. 민간 협/단체,민법 및 관광진흥조례,보령시청,원산출장소,주무관,이문영,041-930-6856,
662,12. 충남,보령시,무창포대하전어축제,05. 지역특산물,"무창포항, 무창포해수욕장 일원",03. 수변형,12. 충남,보령시,웅천읍,2026,9,,2026,9,,,미정,01. 매년,1999,15,0,15,0,해당없음,"230,523","230,523",0,01. 계측,무인,무창포어촌계,05. 민간 협/단체,수산업협동조합법,보령시청,관광과,주무관,김영은,041-930-6561,
663,12. 충남,보령시,보령예술제,01. 문화예술,보령시 일원,05. 기타,12. 충남,보령시,-,2026,9,,2026,10,,3,미정,01. 매년,1997,150,0,150,0,해당없음,"6,500","6,000",500,99. 무응답,기타,(사)한국예총 보령지회,05. 민간 협/단체,,보령시청,문화교육과,주무관,서미경,041-930-3428,
664,12. 충남,보령시,2026년 보령 국가유산야행,04. 전통역사,보령경찰서망루 일원,05. 기타,12. 충남,보령시,대천동,2026,10,9,2026,10,11,3,,01. 매년,2023,250,100,150,0,국가유산청,"13,030","13,030",0,01. 계측,무인,보령축제관광재단,02. 재단(관광/문화/예술),보령축제관광재단 설립 및 지원 조례,보령시청,관광과,주무관,김태익,041-930-6582,
665,12. 충남,보령시,무창포 신비의 바닷길 축제,02. 자연생태,무창포해수욕장 일원,03. 수변형,12. 충남,보령시,웅천읍,2026,10,23,2026,10,25,3,,01. 매년,2000,350,0,350,0,해당없음,"54,091","54,091",0,01. 계측,무인,(재)보령축제관광재단,02. 재단(관광/문화/예술),보령축제관광재단 설립 및 지원 조례,보령시청,관광과,주무관,김영은,041-930-6561,
666,12. 충남,보령시,2026 숲속야행,02. 자연생태,무궁화수목원 일원,02. 녹지형,12. 충남,보령시,성주면,2026,10,,2026,10,,2,미정,01. 매년,2023,90,0,90,0,해당없음,"3,849","3,849",0,01. 계측,무인,충남 보령시,01. 정부/지자체,보령시 임농가 및 산림문화행사 지원조례,보령시청,공원녹지과,주무관,송도원,041-930-4078,
667,12. 충남,보령시,만세보령문화제,03. 주민화합,보령시 일원,05. 기타,12. 충남,보령시,-,2026,10,,2026,10,,2,미정,02. 격년,1988,650,0,650,0,해당없음,"3,000","3,000",0,99. 무응답,기타,(사)한국예총보령지회,05. 민간 협/단체,,보령시청,문화교육과,주무관,서미경,041-930-3428,
668,12. 충남,보령시,천북굴축제,05. 지역특산물,천북굴단지 일원,03. 수변형,12. 충남,보령시,천북면,2026,11,14,2026,11,15,2,,01. 매년,2000,65,0,30,35,해당없음,"7,000","7,000",0,99. 무응답,기타,천북굴단지상인회,05. 민간 협/단체,민법,보령시청,수산과,주무관,이재언,041-930-6761,
669,12. 충남,보령시,2026 대천겨울바다사랑축체,01. 문화예술,대천해수욕장 일원,03. 수변형,12. 충남,보령시,대천5동,2026,12,,2026,12,,,미정,01. 매년,2017,290,0,290,0,해당없음,"38,000","38,000",0,01. 계측,무인,(재)보령축제관광재단,02. 재단(관광/문화/예술),보령축제관광재단 설립 및 지원 조례,보령시청,관광과,공무직,이소연,041-930-6563,
670,12. 충남,아산시,제65회 아산 성웅 이순신축제,01. 문화예술,"온양온천역, 곡교천, 현충사 일원",03. 수변형,12. 충남,아산시,-,2026,4,28,2026,5,3,6,,01. 매년,1961,무응답,무응답,무응답,무응답,무응답,"410,000","410,000",모름,99. 무응답,,(재)아산문화재단,02. 재단(관광/문화/예술),아산문화재단 설립 및 운영 조례,아산시,문화예술과,주무관,장은영,041-540-2922,
671,12. 충남,아산시,제37회 설화예술제,01. 문화예술,은행나무길 일원,02. 녹지형,12. 충남,아산시,염치읍,2026,9,,2026,9,,3,미정,01. 매년,1990,260,0,260,0,해당없음,"1,000","1,000",모름,01. 계측,유인,(사)한국예술문화단체총연합회 아산지회,05. 민간 협/단체,민법 제32조,아산시청,문화예술과,주무관,김민경,041-540-2355,
672,12. 충남,아산시,은행나무길거리예술제,01. 문화예술,곡교천 일원,03. 수변형,12. 충남,아산시,염치읍,2026,11,,2026,11,,2,미정,01. 매년,2018,70,0,70,0,해당없음,"22,000","22,000",모름,01. 계측,무인,(재)아산문화재단,02. 재단(관광/문화/예술),아산문화재단 설립 및 운영 조례,아산시,문화예술과,주무관,송영오,041-530-6222,
673,12. 충남,아산시,(가칭)대한민국 이스포츠 리그(이터널리턴),01. 문화예술,이순신 체육관 일원,04. 독립형,12. 충남,아산시,풍기동,2026,9,19,2026,9,20,2,,04. 최초,2026,280,0,280,0,해당없음,최초 개최,최초 개최,최초 개최,04. 기타,최초 개최,(재)충남콘텐츠진흥원,03. 기타 공공,아산시 충남콘텐츠진흥원 지원 조례,아산시,문화예술과,주무관,이혜민,041-540-2546,
674,12. 충남,아산시,아산 외암마을야행,04. 전통역사,외암마을 일원,01. 마을형,12. 충남,아산시,송악면,2026,5,30,2026,5,31,2,,01. 매년,2022,340,136,204,0,국가유산청,"107,000","107,000",모름,01. 계측,유인,충청남도 아산시,01. 정부/지자체,,아산시청,문화유산과,주무관,김호일,041-536-8453,
675,12. 충남,아산시,현충사 달빛야행,04. 전통역사,현충사 일원,04. 독립형,12. 충남,아산시,송악면,2026,5,,2026,5,,3,미정,01. 매년,2018,290,0,290,0,해당없음,"67,000","67,000",모름,01. 계측,유인,아산문화재단,02. 재단(관광/문화/예술),아산시 문화재단 설립 및 운영에 관한 조례,아산시청,문화유산과,주무관,김호일,041-536-8453,
676,12. 충남,아산시,제25회 외암민속마을 짚풀문화제,04. 전통역사,외암마을 일원,01. 마을형,12. 충남,아산시,송악면,2026,10,,2026,10,,3,미정,01. 매년,2022,297,0,297,0,해당없음,"100,000","100,000",모름,01. 계측,유인,천주교 공세리성당,05. 민간 협/단체,,아산시청,문화유산과,주무관,곽훈근,041-536-8456,
677,12. 충남,아산시,제4회 영인산 철쭉제,02. 자연생태,영인산 수목원,02. 녹지형,12. 충남,아산시,영인면,2026,4,25,2026,4,26,2,,01. 매년,2023,119,0,119,0,해당없음,"9,000","9,000",모름,01. 계측,유인,아산시 산림과,01. 정부/지자체,,아산시청,산림과,주무관,김이태,041-536-8637,
678,12. 충남,아산시,제4회 도시농업축제,01. 문화예술,곡교천 둔치(염치읍 백암리 501 일원),03. 수변형,12. 충남,아산시,염치읍,2026,5,1,2026,5,3,3,,01. 매년,2023,97,0,97,0,해당없음,"30,000","30,000",모름,99. 무응답,기타,아산시농업기술센터,01. 정부/지자체,아산시 도시농업 육성 및 지원에 관한 조례,아산시농업기술센터,농업기술과,주무관,김다은,041-537-3874,
679,12. 충남,아산시,2026년 아산시 국화전시회,01. 문화예술,곡교천 둔치(염치읍 백암리 501 일원),03. 수변형,12. 충남,아산시,염치읍,2026,10,30,2026,11,5,7,,01. 매년,2007,99,0,99,0,해당없음,"20,000","20,000",모름,99. 무응답,기타,아산시농업기술센터,01. 정부/지자체,아산시 도시농업 육성 및 지원에 관한 조례,아산시농업기술센터,농업기술과,팀장,허준,041-537-3832,
680,12. 충남,서산시,제23회 서산해미읍성축제,01. 문화예술,서산해미읍성 일원,04. 독립형,12. 충남,서산시,해미면,2026,10,,2026,10,,3,미정,01. 매년,2000,"1,550","1,350",200,0,무응답,"12,468","12,345",123,01. 계측,유인,서산문화재단,02. 재단(관광/문화/예술),서산문화재단 설립 및 운영에 관한 조례,서산시청,관광과,주무관,김주희,041-660-2364,
681,12. 충남,서산시,팔봉산감자축제,05. 지역특산물,팔봉면 어울림마당,04. 독립형,12. 충남,서산시,팔봉면,2026,6,,2026,6,,3,미정,01. 매년,2002,100,0,90,10,해당없음,"36,000","36,000",모름,01. 계측,유인,팔봉산감자축제추진위원회,04. 지자체 위원회,서산시 축제 육성 및 지원조례,서산시청,농식품유통과,주무관,정윤희,041-660-3068,
682,12. 충남,서산시,서산6쪽마늘축제,05. 지역특산물,서산해미읍성 내,04. 독립형,12. 충남,서산시,해미면,2026,6,,2026,6,,3,미정,01. 매년,2005,180,0,180,0,해당없음,"30,700","30,700",모름,01. 계측,무인,서산시청 농식품유통과,01. 정부/지자체,서산시 축제 육성 및 지원조례,서산시청,농식품유통과,주무관,정윤희,041-660-3068,
683,12. 충남,서산시,해미벚꽃축제,02. 자연생태,해미천 인근,03. 수변형,12. 충남,서산시,해미면,2026,,,2026,,,,미정,01. 매년,2017,55,0,55,0,해당없음,미집계,미집계,미집계,03. 미집계,,해미면벚꽃축제추진위원회,04. 지자체 위원회,서산시 축제 육성 및 지원조례,서산시청,해미면,주무관,장지혜,041-660-3844,
684,12. 충남,서산시,삼길포우럭축제,05. 지역특산물,대산읍 삼길포항 일원,03. 수변형,12. 충남,서산시,대산읍,2026,8,,2026,8,,2,미정,01. 매년,2013,110,0,100,10,해당없음,"38,000","38,000",모름,01. 계측,유인,삼길포우럭축제,05. 민간 협/단체,서산시 축제 육성 및 지원조례,서산시청,해양수산과,주무관,윤종두,041-660-2731,
685,12. 충남,서산시,서산 어리굴젓 축제,05. 지역특산물,부석면 간월도항 일원,03. 수변형,12. 충남,서산시,부석면,2026,10,,2026,10,,2,미정,01. 매년,2015,77,0,70,7,해당없음,"15,000","14,900",100,99. 무응답,,서산어리굴젓축제추진위원회,04. 지자체 위원회,서산시 축제 육성 및 지원조례,서산시청,해양수산과,주무관,윤종두,041-660-2731,방문자 수 재작년
686,12. 충남,서산시,서산국화축제,02. 자연생태,고북면 복남골길 일원,05. 기타,12. 충남,서산시,고북면,2026,11,,2026,11,,10,미정,01. 매년,1996,180,0,180,0,해당없음,"76,080","76,080",모름,01. 계측,유인,서산국화축제추진위원회,04. 지자체 위원회,서산시 축제 육성 및 지원조례,서산시청,기술보급과,주무관,전수연,041-660-3935,
687,12. 충남,논산시,제28회 논산딸기축제,05. 지역특산물,논산시민가족공원 일원,02. 녹지형,12. 충남,논산시,관촉동,2026,3,26,2026,3,29,4,,01. 매년,1997,"1,700",0,"1,700",0,해당없음,"350,000","350,000",모름,02. 추정,통신 데이터,논산문화관광재단,02. 재단(관광/문화/예술),논산문화관광재단 설립에 관한 조례 ,논산시청,문화예술과,주무관,최효원,041-746-5663,
688,12. 충남,논산시,제26회 연산대추문화축제,05. 지역특산물,연산역 일원,05. 기타,12. 충남,논산시,연산면,2026,10,16,2026,10,18,3,,01. 매년,1999,"1,000",0,"1,000",0,해당없음,"33,000","33,000",모름,02. 추정,통신 데이터,논산문화관광재단,02. 재단(관광/문화/예술),논산문화관광재단 설립에 관한 조례,논산시청,문화예술과,주무관,최효원,041-746-5663,
689,12. 충남,논산시,제28회 강경젓갈축제,05. 지역특산물,강경 금강둔치일원,03. 수변형,12. 충남,논산시,강경읍,2026,10,22,2026,10,25,4,,01. 매년,1997,"1,250",0,"1,250",0,해당없음,"330,000","330,000",모름,02. 추정,통신 데이터,논산문화관광재단,02. 재단(관광/문화/예술),논산문화관광재단 설립에 관한 조례 ,논산시청,문화예술과,주무관,김미선,041-746-5664,
690,12. 충남,논산시,제24회 논산양촌곶감축제,05. 지역특산물,양촌리 체육공원 일원,02. 녹지형,12. 충남,논산시,양촌면,2026,12,11,2026,12,13,3,,01. 매년,2000,220,0,220,0,해당없음,"130,000","130,000",모름,02. 추정,통신 데이터,논산문화관광재단,02. 재단(관광/문화/예술),논산문화관광재단 설립에 관한 조례,논산시청,문화예술과,주무관,김미선,041-746-5664,
691,12. 충남,계룡시,2026계룡軍문화축제,01. 문화예술,계룡대 활주로,04. 독립형,12. 충남,계룡시,신도안면,2026,10,,2026,10,,5,미정,01. 매년,2007,"2,900",0,"2,900",0,해당없음,"849,700","764,730","84,970",02. 추정,주차면수,계룡시문화관광재단,02. 재단(관광/문화/예술),계룡시 문화관광재단 설립 및 윤영조례,계룡시청,문화체육관광실,주무관,김수아,042-840-2412,
692,12. 충남,계룡시,제4회 계룡 향적산 봄나들이 행사,03. 주민화합,계룡시 엄사면 일원,05. 기타,12. 충남,계룡시,엄사면,2026,4,10,2026,4,12,3,,01. 매년,2023,230,0,230,0,해당없음,"5,000",50,"4,950",02. 추정,주차면수,계룡시문화관광재단,02. 재단(관광/문화/예술),계룡시 문화관광재단 설립 및 윤영조례,계룡시청,문화체육관광실,주무관,김수아,042-840-2412,
693,12. 충남,계룡시,제3회 사계문화제,04. 전통역사,사계고택,04. 독립형,12. 충남,계룡시,두마면,2026,7,,2026,7,,2,미정,01. 매년,2024,50,0,50,0,해당없음,900,900,0,99. 무응답,기타,계룡문화원,02. 재단(관광/문화/예술),지방문화원진흥법,계룡시청,문화체육관광실,주무관,백지애,042-840-2402,
694,12. 충남,당진시,왜목마을해넘이해돋이소원제,02. 자연생태,왜목마을 해수욕장 일원,01. 마을형,12. 충남,당진시,석문면,2026,12,31,2027,1,1,2,,01. 매년,1999,미확정,0,0,미확정,해당없음,"22,000","22,000",모름,99. 무응답,기타,왜목마을해넘이해돋이소원제추진위원회,04. 지자체 위원회,,당진시,관광과,주무관,김성원,041-350-3591,
695,12. 충남,당진시,제18회 순성 벚꽃축제,02. 자연생태,갈산리 특설무대 일원,04. 독립형,12. 충남,당진시,순성면,2026,4,11,2026,4,12,2,,01. 매년,2005,50,0,50,0,해당없음,"1,000","1,000",모름,99. 무응답,기타,순성면 축제위원회,04. 지자체 위원회,,당진시,관광과,주무관,김성원,041-350-3591,
696,12. 충남,당진시,제2회 당진면천읍성축제,04. 전통역사,면천읍성 일원,03. 수변형,12. 충남,당진시,면천면,2026,,,2026,,,2,미정,01. 매년,2001,100,0,100,0,해당없음,"15,000","15,000",모름,99. 무응답,기타,면천면 축제위원회,04. 지자체 위원회,,당진시,관광과,주무관,김성원,041-350-3591,
697,12. 충남,당진시,당진 삽교호 드론 라이트 쇼,01. 문화예술,삽교호 바다공원 일원,02. 녹지형,12. 충남,당진시,신평면,2026,4,4,2026,11,30,18,주 1회,01. 매년,2024,977,0,977,0,해당없음,"701,322","701,322",모름,01. 계측,무인,당진시청,01. 정부/지자체,,당진시청,관광과,주무관,오승섭,041-350-3874,
698,12. 충남,당진시,당진 댄스 페스티벌,01. 문화예술,미정,06. 미정,12. 충남,당진시,-,2026,,,2026,,,,미정,01. 매년,2024,280,0,280,0,해당없음,"78,646","78,646",모름,01. 계측,무인,당진시청,01. 정부/지자체,,당진시,관광과,주무관,김성원,041-350-3591,
699,12. 충남,당진시,남이흥 장군 문화제,04. 전통역사,대호지면 충장사 일원,04. 독립형,12. 충남,당진시,대호지면,2026,10,23,2026,10,24,2,,01. 매년,1989,50,0,50,0,해당없음,200,200,모름,99. 무응답,기타,남이흥장군문화제집행위원회,04. 지자체 위원회,,문화예술과,주무관,기록연구사,진용찬,041-350-3582,
700,12. 충남,당진시,당진 합덕 연꽃축제,02. 자연생태,합덕제 일원,03. 수변형,12. 충남,당진시,합덕읍,2026,6,19,2026,6,21,3,,01. 매년,2017,155,0,155,0,해당없음,"40,000","40,000",모름,01. 계측,무인,당진합덕연꽃축제집행위원회,04. 지자체 위원회,,문화예술과,주무관,학예연구사,이상식,041-350-3593,
701,12. 충남,당진시,제49회 심훈상록문화제,01. 문화예술,당진문예의전당 일원,04. 독립형,12. 충남,당진시,당진1동,2026,10,2,2026,10,4,3,,01. 매년,1977,164,0,164,0,해당없음,"10,000","10,000",모름,99. 무응답,기타,상록문화제 집행위원회,04. 지자체 위원회,,문화예술과,주무관,행정6급,이윤하,041-350-3572,
702,12. 충남,당진시,제2회 면천의 봄 또봄면천,01. 문화예술,면천읍성 일원,03. 수변형,12. 충남,당진시,면천면,2026,,,2026,,,2,미정,01. 매년,2025,500,0,500,0,해당없음,"33,559","33,559",모름,99. 무응답,기타,당진문화재단,02. 재단(관광/문화/예술),당진문화재단 설립에 관한 조례,문화예술과,주무관,행정7급,이상희,041-350-3575,
703,12. 충남,당진시,기지시줄다리기축제,04. 전통역사,기지시줄다리기박물관 일원,04. 독립형,12. 충남,당진시,송악읍,2026,4,9,2026,4,12,4,,01. 매년,1600,650,0,650,0,해당없음,"40,000","40,000",모름,99. 무응답,기타,"기지시줄다리기축제위원회, 기지시줄다리기보존회",04. 지자체 위원회,기지시줄다리기 지원 조례,문화예술과,주무관,학예연구사,고대영,041-350-3591,
704,12. 충남,당진시,장고항 실치와 함께하는 수산물 축제,05. 지역특산물,장고항 일원,03. 수변형,12. 충남,당진시,석문면,2026,4,,2026,4,,2,미정,01. 매년,2000,25,0,25,0,해당없음,"5,000","5,000",모름,01. 계측,무인,장고항실치마을수산물홍보행사위원회,04. 지자체 위원회,,당진시,항만수산과,주무관,우동식,041-350-4279,
705,12. 충남,당진시,한진포구 수산물 홍보판촉행사,05. 지역특산물,한진포구 일원,03. 수변형,12. 충남,당진시,송악읍,2026,8,,2026,8,,2,미정,01. 매년,2005,20,0,20,0,해당없음,"2,000","2,000",모름,01. 계측,무인,한진포구바지락갯벌체험축제위원회,04. 지자체 위원회,,당진시,항만수산과,주무관,우동식,041-350-4279,
706,12. 충남,금산군,제6회 금산삼계탕축제,05. 지역특산물,금산인삼관 광장 및 인삼약초거리일원,02. 녹지형,12. 충남,금산군,금산읍,2026,7,10,2026,7,12,3,,01. 매년,2021,"3,500",0,"3,500",0,해당없음,"51,000","50,000","1,000",02. 추정,통신 데이터,금산문화관광축제재단,02. 재단(관광/문화/예술),금산축제관광재단 설립 및 운영 조례,금산군,관광문화체육과,주무관,정성욱,041-750-2262,
707,12. 충남,금산군,제44회 금산세계인삼축제,05. 지역특산물,금산인삼관 광장 및 인삼약초거리일원,02. 녹지형,12. 충남,금산군,금산읍,2026,10,2,2026,10,11,10,,01. 매년,1981,"1,100",0,"1,100",0,해당없음,"985,000","975,000","10,000",02. 추정,통신 데이터,금산문화관광축제재단,02. 재단(관광/문화/예술),금산축제관광재단 설립 및 운영 조례,금산군,관광문화체육과,주무관,정성욱,041-750-2262,
708,12. 충남,금산군,비단고을 산꽃축제,02. 자연생태,산꽃벚꽃오토캠핑장(보곡산골),02. 녹지형,12. 충남,금산군,군북면,2026,4,,2026,4,,,미정,01. 매년,2000,110,0,110,0,해당없음,"22,828","22,328",500,02. 추정,통신 데이터,금산문화관광축제재단,02. 재단(관광/문화/예술),금산축제관광재단 설립 및 운영 조례,금산군,관광문화체육과,주무관,정성욱,041-750-2262,
709,12. 충남,금산군,홍도화축제,02. 자연생태,남일면 신정리 홍도마을,01. 마을형,12. 충남,금산군,남일면,2026,4,,2026,4,,,미정,01. 매년,2008,10,0,10,0,해당없음,"2,000","2,000",0,02. 추정,통신 데이터,금산천봄꽃축제추진위원회,04. 지자체 위원회,금산군축제육성및지원에관한조례 제17조,금산군,관광문화체육과,주무관,정성욱,041-750-2262,
710,12. 충남,금산군,제16회 금산천봄꽃축제,03. 주민화합,금산읍 금산천 둔치,03. 수변형,12. 충남,금산군,금산읍,2026,4,,2026,4,,,미정,01. 매년,2008,10,0,10,0,해당없음,"5,000","5,000",0,02. 추정,통신 데이터,남일면홍도화축제추진위원회,04. 지자체 위원회,금산군축제육성및지원에관한조례 제17조,금산군,관광문화체육과,주무관,정성욱,041-750-2262,
711,12. 충남,부여군,제24회 부여서동연꽃축제,01. 문화예술,서동공원 궁남지 일원,02. 녹지형,12. 충남,부여군,-,2026,,,2026,,,,미정,01. 매년,2003,"1,640",0,"1,640",0,해당없음,"374,000","374,000",모름,01. 계측,무인,백제문화재단,02. 재단(관광/문화/예술),부여군 부여서동연꽃축제 운영 조례,부여군청,문화관광과,주무관,김은영,041-830-2209,
712,12. 충남,부여군,제72회 백제문화제,04. 전통역사,백제문화단지,01. 마을형,12. 충남,부여군,-,2026,,,2026,,,,미정,01. 매년,1955,"5,337",0,"5,337",0,해당없음,"953,000","953,000",모름,01. 계측,무인,백제문화재단,02. 재단(관광/문화/예술),부여군 백제문화선양위원회 조례,부여군청,문화관광과,주무관,김은영,041-830-2209,
713,12. 충남,부여군,제21회 부여 굿뜨래 알밤축제,05. 지역특산물,서동공원 궁남지 일원,02. 녹지형,12. 충남,부여군,-,2026,,,2026,,,,미정,01. 매년,2005,200,0,200,0,해당없음,"30,000","30,000",모름,01. 계측,유인,(사)한국밤재배자협회부여지회,05. 민간 협/단체,해당없음,부여군청,산림녹지과,주무관,김유진,041-830-2432,
714,12. 충남,부여군,2026 부여 세도 방울토마토&유채꽃 축제,05. 지역특산물,금강하천부지 일원,03. 수변형,12. 충남,부여군,세도면,2026,4,24,2026,4,26,3,,01. 매년,2005,210,0,210,0,해당없음,"13,000","13,000",모름,02. 추정,통신 데이터,세도 방울토마토&유채꽃 축제 추진위원회,04. 지자체 위원회,,세도면,총무팀,주무관,박경희,041-830-6723,
715,12. 충남,부여군,제23회 백제고도 부여국화축제,02. 자연생태,서동공원 궁남지 일원,02. 녹지형,12. 충남,부여군,-,2026,10,30,2026,11,8,10,,01. 매년,2004,400,0,400,0,해당없음,"110,000","110,000",모름,01. 계측,유인,부여군 농업기술센터,01. 정부/지자체,,부여군농업기술센터,기술보급과,주무관,박찬,041-830-2591,
716,12. 충남,서천군,제24회 동백꽃 주꾸미 축제,05. 지역특산물,서면 마량진항,03. 수변형,12. 충남,서천군,서면,2026,3,21,2026,4,5,16,,01. 매년,2000,24,0,24,0,해당없음,"240,000","240,000",모름,01. 계측,무인,서면개발위원회,04. 지자체 위원회,시민 자체 조직,서천군청,수산자원과,주무관,신명용,041-950-4414,
717,12. 충남,서천군,제20회 자연산 광어 도미 축제,05. 지역특산물,서면 마량진항,03. 수변형,12. 충남,서천군,서면,2026,5,2,2026,5,17,16,,01. 매년,2003,24,0,24,0,해당없음,"120,000","120,000",모름,01. 계측,무인,서면개발위원회,04. 지자체 위원회,시민 자체 조직,서천군청,수산자원과,주무관,신명용,041-950-4414,
718,12. 충남,서천군,제16회 장항항 수산물 꼴갑 축제,05. 지역특산물,장항항 물양장,03. 수변형,12. 충남,서천군,장항읍,2026,5,,2026,5,,10,미정,01. 매년,2009,50,0,50,0,해당없음,"50,000","50,000",모름,99. 무응답,기타,서천군어민회,05. 민간 협/단체,시민 자체 조직,서천군청,수산자원과,주무관,신명용,041-950-4414,
719,12. 충남,서천군,제3회 서천 블루베리 축제,05. 지역특산물,문화활력소 인근,04. 독립형,12. 충남,서천군,마산면,2026,6,,2026,6,,2,미정,01. 매년,2024,54,0,27,27,해당없음,"50,000","50,000",모름,99. 무응답,기타,동서천농협,03. 기타 공공,,서천군청,농업기술센터,주무관,강상숙,041-950-4385,
720,12. 충남,서천군,제36회 한산모시문화제,04. 전통역사,한산모시관 일원,04. 독립형,12. 충남,서천군,한산면,2026,6,12,2026,6,14,3,,01. 매년,1989,"1,074",20,"1,054",0,환경부,"101,000","101,000",모름,01. 계측,유인,서천문화관광재단,02. 재단(관광/문화/예술),,서천군청,문화체육과,주무관,최수연,041-950-4013,
721,12. 충남,서천군,춘장대해수욕장 여름문화예술 축제,01. 문화예술,서면 도둔리 춘장대해수욕장 일원,03. 수변형,12. 충남,서천군,서면,2026,7,,2026,7,,2,미정,01. 매년,2004,54,0,54,0,해당없음,"9,875","9,875",모름,02. 추정,통신 데이터,춘장대해수욕장운영협의회,05. 민간 협/단체,시민 자체 조직,서천군청,관광진흥과,주무관,김윤경,041-950-4254,
722,12. 충남,서천군,제4회 장항 맥문동 꽃 축제,02. 자연생태,장항 송림자연휴양림,03. 수변형,12. 충남,서천군,장항읍,2026,8,,2026,8,,4,미정,01. 매년,2023,918,20,898,0,환경부,"216,011","216,011",모름,01. 계측,무인,서천군,01. 정부/지자체,,서천군청,관광진흥과,주무관,전상훈,041-950-4256,
723,12. 충남,서천군,제24회 홍원항 전어 꽃게 축제,05. 지역특산물,서면 홍원항,03. 수변형,12. 충남,서천군,서면,2026,8,,2026,8,,16,미정,01. 매년,2001,24,0,24,0,해당없음,"95,000","95,000",모름,01. 계측,무인,홍원항마을축제추진위원회,04. 지자체 위원회,시민 자체 조직,서천군청,수산자원과,주무관,신명용,041-950-4414,
724,12. 충남,서천군,제9회 한산소곡주축제,05. 지역특산물,한산전통시장 일원,01. 마을형,12. 충남,서천군,한산면,2026,10,,2026,10,,2,미정,01. 매년,2015,59,0,59,0,해당없음,"80,000","80,000",모름,01. 계측,무인,서천군,01. 정부/지자체,,서천군청,경제진흥과,주무관,김세은,041-950-6888,
725,12. 충남,서천군,서천군 평생학습한마당,03. 주민화합,봄의 마을 광장 일원,02. 녹지형,12. 충남,서천군,서천읍,2026,10,,2026,10,,2,미정,01. 매년,2013,91,0,91,0,해당없음,"10,000","10,000",모름,99. 무응답,기타,서천군,01. 정부/지자체,,서천군청,자치행정과,주무관,조선예,041-950-4622,
726,12. 충남,서천군,제4회 판교 도토리묵 축제,05. 지역특산물,판교면 현암리 149-9번지 일원,05. 기타,12. 충남,서천군,판교면,2026,10,,2026,10,,2,미정,01. 매년,2023,50,0,50,0,해당없음,미집계,미집계,미집계,03. 미집계,,서천군,01. 정부/지자체,,서천군청,판교면,주무관,김대석,041-950-6505,
727,12. 충남,서천군,제3회 부또막 축제,05. 지역특산물,종천면 산천리 공영주차장 일원,03. 수변형,12. 충남,서천군,종천면,2026,11,,2026,11,,2,미정,01. 매년,2024,40,0,40,0,해당없음,"2,000","2,000",모름,01. 계측,무인,서천군,01. 정부/지자체,,서천군청,종천면,주무관,함은경,041-950-6524,
728,12. 충남,서천군,2026 서천철새여행,02. 자연생태,조류생태전시관 일원,04. 독립형,12. 충남,서천군,마서면,2026,11,,2026,11,,2,미정,01. 매년,2011,80,0,80,0,해당없음,"20,000","20,000",모름,01. 계측,무인,서천철새여행추진위원회,04. 지자체 위원회,서천군 지역축제추진위원회 구성 및 운영 조례,서천군청,관광진흥과,주무관,박재순,041-950-4163,
729,12. 충남,서천군,2026 서천 마량진항 해넘이 해돋이 행사,03. 주민화합, 서천 마량진항,03. 수변형,12. 충남,서천군,서면,2026,12,31,2027,1,1,2,,01. 매년,2000,50,0,50,0,해당없음,"10,000","10,000",모름,01. 계측,무인,서면개발위원회,04. 지자체 위원회,시민 자체 조직,서천군청,관광진흥과,주무관,이정심,041-950-4020,
730,12. 충남,청양군,제18회 칠갑산 얼음분수축제,02. 자연생태,청양 알프스마을,01. 마을형,12. 충남,청양군,정산면,2026,1,1,2026,2,22,53,,01. 매년,2009,"1,000",0,0,"1,000",해당없음,"168,635","163,102","5,533",01. 계측,티켓판매,알프스마을영농조합법인,05. 민간 협/단체,도시와 농어촌 간의 교류촉진에 관한 법률,청양군청,농촌공동체과,주무관,장유진,041-940-2282,
731,12. 충남,청양군,제27회 칠갑산장승문화축제,04. 전통역사,장승공원 일원,02. 녹지형,12. 충남,청양군,대치면,2026,4,11,2026,4,12,2,,01. 매년,1999,180,0,180,0,해당없음,"20,872","20,872",모름,01. 계측,유인,청양문화원,02. 재단(관광/문화/예술),청양군 문화원 지원 및 육성에 관한 조례,청양군청,문화체육과,주무관,정수영,041-940-2192,
732,12. 충남,청양군,제5회 벚꽃토마토 문화축제,05. 지역특산물,청남면 중동교~ 청소교 일원,02. 녹지형,12. 충남,청양군,청남면,2026,4,,2026,4,,2,미정,03. 일회성,2021,20,0,0,20,해당없음,"1,000","1,000",모름,99. 무응답,기타,청남면 주민자치회,05. 민간 협/단체,"지방자치법 제8조 및 같은법 시행령 제8조 
청양군 주민자치회 및 주민자치센터 설치 운영에 관한조례
",청양군,"청남면
총무팀",주무관,서예솔,041-940-4253,
733,12. 충남,청양군,2026 청양 고추구기자 축제(27회),05. 지역특산물,청양읍 백세건강공원 일원,02. 녹지형,12. 충남,청양군,청양읍,2026,9,11,2026,9,13,3,,01. 매년,2000,"1,050",0,"1,050",0,해당없음,"101,215","101,215",모름,01. 계측,무인(중복 제거),청양고추구기자문화축제추진위원회,04. 지자체 위원회,청양고추구기자축제추진위원회 운영 조례,청양군청,관광진흥과,주무관,이혜지,041-940-4852,
734,12. 충남,청양군,제2회 청양 매운맛 골목축제,05. 지역특산물,청춘거리 일원,01. 마을형,12. 충남,청양군,청양읍,2026,,,2026,,,2,미정,03. 일회성,2025,70,0,70,0,해당없음,900,900,모름,99. 무응답,기타,청양관광두레협의회,05. 민간 협/단체,X,청양군청,관광진흥과,주무관,이혜인,041-940-2492,
735,12. 충남,홍성군,홍성 남당항 새조개 축제,05. 지역특산물,남당항 해양분수공원 일원,02. 녹지형,12. 충남,홍성군,서부면,2026,1,17,2026,2,22,37,,01. 매년,2004,70,0,70,0,해당없음,"74,830","74,830",모름,02. 추정,주최측 추산,남당항축제추진위원회,04. 지자체 위원회,비영리민간단체지원법,홍성군청,문화유산과,주무관,이재민,041-630-1237,
736,12. 충남,홍성군,홍성 남당항 대하축제,05. 지역특산물,남당항 해양분수공원 일원,02. 녹지형,12. 충남,홍성군,서부면,2026,8,,2026,9,,30,미정,01. 매년,1996,70,0,70,0,해당없음,"60,450","60,450",모름,02. 추정,주최측 추산,남당항축제추진위원회,04. 지자체 위원회,비영리민간단체지원법,홍성군청,문화유산과,주무관,이재민,041-630-1237,
737,12. 충남,홍성군,광천김토굴새우젓 대축제,05. 지역특산물,광천 전통시장 일원,01. 마을형,12. 충남,홍성군,광천읍,2026,10,,2026,10,,3,미정,01. 매년,1996,200,0,200,0,해당없음,"17,570","17,570",모름,02. 추정,주최측 추산,광천김토굴새우젓대축제추진위원회,04. 지자체 위원회,비영리민간단체지원법,홍성군청,문화유산과,주무관,이재민,041-630-1237,
738,12. 충남,홍성군,홍성글로벌바비큐페스티벌,05. 지역특산물,홍주읍성 일원,04. 독립형,12. 충남,홍성군,홍성읍,2026,10,29,2026,11,1,4,,01. 매년,2023,"1,480",0,"1,480",0,해당없음,"600,000","600,000",모름,02. 추정,통신 데이터,홍주문화관광재단,02. 재단(관광/문화/예술),"지방자치단체 출자,출연기관의 운영에 관한 법률",홍성군청,문화유산과,주무관,이해선,041-630-1260,
739,12. 충남,홍성군,홍성역사인물축제,01. 문화예술,홍주읍성 일원,04. 독립형,12. 충남,홍성군,홍성읍,2026,5,2,2026,5,3,2,,01. 매년,2005,400,0,400,0,해당없음,"35,000","35,000",모름,02. 추정,통신 데이터,홍주문화관광재단,02. 재단(관광/문화/예술),"지방자치단체 출자,출연기관의 운영에 관한 법률",홍성군청,문화유산과,주무관,이해선,041-630-1260,
740,12. 충남,홍성군,구항한우봄꽃축제,02. 자연생태,구항면 일원,03. 수변형,12. 충남,홍성군,구항면,2026,,,2026,,,2,미정,01. 매년,2007,23,0,23,0,해당없음,최근 미개최,최근 미개최,최근 미개최,04. 기타,최근 미개최,구항벚꽃한우추진위원회,04. 지자체 위원회,비영리민간단체지원법,홍성군청,구항면,주무관,박소희,041-630-9480,
741,12. 충남,홍성군,제25회 홍성사랑국화축제,02. 자연생태,홍주읍성 일원,04. 독립형,12. 충남,홍성군,홍성읍,2026,10,,2026,11,,6,미정,01. 매년,2002,257,0,257,0,해당없음,"350,000","350,000",모름,02. 추정,주최측 추산,국화축제추진위원회,04. 지자체 위원회,비영리민간단체지원법,홍성군청,농업기술센터,주무관,김수정,041-630-9110,
742,12. 충남,예산군,제53회 윤봉길 평화축제,04. 전통역사,덕산면 충의사 일원,04. 독립형,12. 충남,예산군,덕산면,2026,4,25,2026,4,26,2,,01. 매년,1973,200,0,200,0,해당없음,"25,543","25,543",모름,01. 계측,무인,충남 예산시,01. 정부/지자체,예산군 축제 지원 및 운영 조례,예산군청,문화관광과,주무관,김기영,041-339-7317,
743,12. 충남,예산군,제10회 예산장터삼국축제,05. 지역특산물,예산상설시장 일원,01. 마을형,12. 충남,예산군,예산읍,2026,,,2026,,,,미정,01. 매년,2017,800,0,800,0,해당없음,"228,017","228,017",모름,01. 계측,무인,충남 예산시,01. 정부/지자체,예산군 축제 지원 및 운영 조례,예산군청,문화관광과,주무관,김기영,041-339-7317,
744,12. 충남,예산군,제23회 예산사과축제,05. 지역특산물,미정,06. 미정,12. 충남,예산군,-,2026,,,2026,,,,미정,01. 매년,1983,200,0,200,0,해당없음,"228,017","228,017",모름,01. 계측,무인,충남 예산시,01. 정부/지자체,예산군 축제 지원 및 운영 조례,예산군청,문화관광과,주무관,김기영,041-339-7317,
745,12. 충남,예산군,2026 의좋은형제축제,04. 전통역사,대흥면 의좋은형제공원 일원,02. 녹지형,12. 충남,예산군,대흥면,2026,,,2026,,,,미정,01. 매년,2005,200,0,200,0,해당없음,"33,351","33,351",모름,01. 계측,무인,충남 예산시,01. 정부/지자체,예산군 축제 지원 및 운영 조례,예산군청,문화관광과,주무관,박소라,041-339-7318,
746,12. 충남,예산군,제7회 예산황새축제,02. 자연생태,광시면 예산황새공원 일원,02. 녹지형,12. 충남,예산군,광시면,2026,9,5,2026,9,6,2,,01. 매년,2019,100,0,100,0,해당없음,"19,827","19,827",모름,01. 계측,무인,충남 예산시,01. 정부/지자체,예산군 축제 지원 및 운영 조례,예산군청,문화관광과,주무관,이수진,041-339-7338,
747,12. 충남,예산군,제3회 국가유산 야행,04. 전통역사,"예산리 구도심 일원(예산성당, 호서은행)",05. 기타,12. 충남,예산군,예산읍,2026,6,19,2026,6,20,2,,03. 일회성,2023,625,250,375,0,국가유산청,"15,000","15,000",모름,99. 무응답,기타,한국문화유산연구센터,06. 민간 사업체,문화유산의 보존 및 활용에 관한 법률,예산군청,문화관광과,주무관,오세인,041-339-7332,
748,12. 충남,태안군,신진도 오징어&해산물 축제,05. 지역특산물,신진항,03. 수변형,12. 충남,태안군,근흥면,2026,8,2,2026,8,5,4,,01. 매년,2024,99,0,50,50,해당없음,"31,000","31,000",모름,99. 무응답,,신진도항 오징어축제 추진위원회,04. 지자체 위원회,태안군 축제 육성 및 지원에 관한 조례 제2조,태안군청,수산과,주무관,이일규,041-670-2875,
749,12. 충남,태안군,안면도 백사장 대하축제,05. 지역특산물,백사장항,03. 수변형,12. 충남,태안군,안면읍,2026,10,1,2026,10,3,3,,01. 매년,2000,99,0,50,50,해당없음,"90,000","90,000",모름,99. 무응답,,안면도 백사장 대하축제 추진위원회,04. 지자체 위원회,태안군 축제 육성 및 지원에 관한 조례 제2조,태안군청,수산과,주무관,이일규,041-670-2875,
750,12. 충남,태안군,꽃과바다 태안국화축제,02. 자연생태,이종일생가지,04. 독립형,12. 충남,태안군,원북면,2026,10,30,2026,11,8,10,,01. 매년,2022,500,0,500,0,해당없음,"55,000","55,000",모름,99. 무응답,,태안군(농업기술센터),01. 정부/지자체,태안군 축제 육성 및 지원에 관한 조례 제2조,태안군청,농업기술센터,주무관,변영섭,041-670-5062,
751,12. 충남,태안군,제22회 태안 해변 힐링페스티벌,02. 자연생태,몽산포해수욕장,03. 수변형,12. 충남,태안군,남면,2026,9,,2026,9,,2,미정,01. 매년,2003,100,0,100,0,해당없음,"6,000","6,000",모름,99. 무응답,,태안군(관광진흥과),01. 정부/지자체,태안군 축제 육성 및 지원에 관한 조례 제2조,태안군청,관광진흥과,주무관,강수연,041-670-2761,
752,13. 전북,전주시,2026 전주세계문화주간(프랑스)봄,01. 문화예술,전주시 일원,05. 기타,13. 전북,전주시,-,2026,4,,2026,4,,,미정,01. 매년,2016,15,0,15,0,해당없음,"3,334","3,334",모름,99. 무응답,기타,전주시 국제협력담당관,01. 정부/지자체,전주시글로벌도시 촉진조례,전주시청,국제협력담당관,주무관,김단아,063-281-8638,
753,13. 전북,전주시,2026 전주세계문화주간(프랑스)여름,01. 문화예술,전주시 일원,05. 기타,13. 전북,전주시,-,2026,7,,2026,8,,,미정,01. 매년,2016,15,0,15,0,해당없음,"3,333","3,333",모름,99. 무응답,기타,전주시 국제협력담당관,01. 정부/지자체,전주시글로벌도시 촉진조례,전주시청,국제협력담당관,주무관,김단아,063-281-8638,
754,13. 전북,전주시,2026 전주세계문화주간(프랑스)가을,01. 문화예술,전주시 일원,05. 기타,13. 전북,전주시,-,2026,10,,2026,10,,,미정,01. 매년,2016,15,0,15,0,해당없음,"3,333","3,333",모름,99. 무응답,기타,전주시 국제협력담당관,01. 정부/지자체,전주시글로벌도시 촉진조례,전주시청,국제협력담당관,주무관,김단아,063-281-8638,
755,13. 전북,전주시,2026 김장문화축제,03. 주민화합,전주월드컵경기장 일원,04. 독립형,13. 전북,전주시,덕진구,2026,11,,2026,11,,3,미정,01. 매년,2019,120,0,120,0,해당없음,"2,500","2,500",모름,99. 무응답,기타,(재)전주푸드통합지원센터,03. 기타 공공,재단법인 전주푸드통합지원센터 설립 및 운영에 관한 조례,전주시청,농식품산업과,주무관,송아름,063-281-6732,
756,13. 전북,전주시,2026 전주문화유산야행,01. 문화예술,경기전 및 한옥마을 일원,01. 마을형,13. 전북,전주시,완산구,2026,6,5,2026,6,6,2,,01. 매년,2015,543,217,326,0,국가유산청,"219,591","209,958","9,633",99. 무응답,기타,전북 전주시,01. 정부/지자체,설립근거 없음,전주시청,국가유산관리과,주무관,노대영,063-281-5139,
757,13. 전북,전주시,2026 대한민국 전주정원산업박람회,02. 자연생태,전주 월드컵광장 일원(덕진공원 포함),02. 녹지형,13. 전북,전주시,여의동,2026,5,8,2026,5,12,5,,01. 매년,2021,"2,000","1,000","1,000",0,산림청,"337,000","337,000",모름,02. 추정,통신 데이터,"전라북도 전주시, 2026 대한민국 전주정원산업박람회 조직위원회",04. 지자체 위원회,전주정원산업박람회 조직위원회 운영규정,전주시청,녹지정원과,주무관,박해란,063-281-2672,
758,13. 전북,전주시,제16회 얼굴없는천사축제,03. 주민화합,노송동주민센터 일원,04. 독립형,13. 전북,전주시,노송동,2026,10,3,2026,10,5,3,,01. 매년,2011,30,0,30,0,해당없음,"1,200","1,200",모름,99. 무응답,기타,얼굴없는천사축제조직위원회,04. 지자체 위원회,지방자치법,전주시청,민생사회적경제과,주무관,김민지,063-281-2826,
759,13. 전북,전주시,제3회 전주막걸리축제,05. 지역특산물,미정,06. 미정,13. 전북,전주시,-,2026,9,,2026,10,,2,미정,01. 매년,2024,100,0,100,0,해당없음,"20,000","20,000",모름,99. 무응답,기타,민생사회적경제과,01. 정부/지자체,지방자치법,전주시청,민생사회적경제과,주무관,김민지,063-281-2826,
760,13. 전북,전주시,전주얼티밋뮤직페스티벌,01. 문화예술,전주시 일원,05. 기타,13. 전북,전주시,-,2026,8,,2026,8,,3,미정,01. 매년,2016,"1,000",0,450,550,해당없음,"30,000","30,000",모름,01. 계측,티켓판매,전주문화방송㈜,06. 민간 사업체,해당없음,전주시청,문화정책과,주무관,윤지예,063-281-6025,
761,13. 전북,전주시,2026년 전주 이팝나무 축제,02. 자연생태,북전주선(기린대로~산북로 구간),02. 녹지형,13. 전북,전주시,팔복동,2026,4,25,2026,5,3,9,,01. 매년,2024,50,0,50,0,해당없음,"100,000","100,000",모름,99. 무응답,기타,전주시 기업지원과,01. 정부/지자체,전주시·한국철도공사 전북본부 상생협력 업무협약서,전주시청,기업지원과,주무관,유혜연,063-281-5125,
762,13. 전북,전주시,2026 전주국제한지산업대전,01. 문화예술,한국전통문화전당 일원(예정),04. 독립형,13. 전북,전주시,풍남동,2026,10,8,2026,10,10,3,,01. 매년,1997,200,0,200,0,해당없음,"21,584","21,584",모름,01. 계측,유인,(재)전주문화재단,02. 재단(관광/문화/예술),전주문화재단 설립 및 운영에 관한 조례,전주시청,국가유산관리과,주무관,이금진,063-281-2931,
763,13. 전북,전주시,2026 전주가맥축제,03. 주민화합,미정,06. 미정,13. 전북,전주시,-,2026,8,,2026,8,,3,미정,01. 매년,2015,150,0,150,0,해당없음,"120,000","120,000",모름,99. 무응답,기타,전주가맥축제추진위원회,04. 지자체 위원회,설립근거 없음,전주시청,관광산업과,주무관,한주연,063-281-5059,
764,13. 전북,전주시,전주페스타 2026,01. 문화예술,미정,06. 미정,13. 전북,전주시,-,2026,10,,2026,10,,,미정,01. 매년,2023,"1,100",0,"1,100",0,해당없음,"300,000","300,000",모름,01. 계측,유인,전주페스타 TFT,01. 정부/지자체,설립근거 없음,전주시청,관광산업과,주무관,한주연,063-281-5059,
765,13. 전북,전주시,2026 전주비빔밥축제,05. 지역특산물,미정,06. 미정,13. 전북,전주시,-,2026,10,,2026,10,,3,미정,01. 매년,2007,320,0,320,0,해당없음,"102,000","102,000",모름,01. 계측,유인,전주비빔밥축제조직위원회,04. 지자체 위원회,설립근거 없음,전주시청,관광산업과,주무관,변문선,063-281-2382,
766,13. 전북,전주시,전주 단오제,04. 전통역사,덕진공원,02. 녹지형,13. 전북,전주시,덕진동,2026,6,19,2026,6,20,2,,01. 매년,2015,100,0,100,0,해당없음,"35,000","35,000",모름,02. 추정,통신 데이터,문화정책과,01. 정부/지자체,해당없음,전주시청,문화정책과,주무관,윤지예,063-281-6025,
767,13. 전북,군산시,제14회 군산시간여행축제,04. 전통역사,군산시간여행마을 일원,01. 마을형,13. 전북,군산시,월명동,2026,10,2,2026,10,5,4,,01. 매년,2013,"1,034",0,"1,034",0,해당없음,"134,597","134,597",모름,01. 계측,유인,군산시,01. 정부/지자체,군산시 축제 발전 및 운영에 관한 조례,군산시청,관광진흥과,주무관,주용진,063-454-3302,
768,13. 전북,군산시,제5회 군산짬뽕페스티벌,01. 문화예술,백년광장 일원,02. 녹지형,13. 전북,군산시,월명동,2026,10,,2026,10,,2,미정,01. 매년,2022,158,0,158,0,해당없음,"130,000","130,000",모름,01. 계측,유인,군산시,01. 정부/지자체,군산시 축제 발전 및 운영에 관한 조례,군산시청,관광진흥과,주무관,안보름,063-454-3912,
769,13. 전북,군산시,제21회 군산꽁당보리축제,05. 지역특산물,미성동행정복지센터 뒷편,04. 독립형,13. 전북,군산시,미성동,2026,4,24,2026,4,26,3,,01. 매년,2006,142,0,142,0,해당없음,"32,000","32,000",모름,99. 무응답,기타,미성농업발전협의회,05. 민간 협/단체,자생조직,군산시청,농촌지원과,계장,박경엽,063-454-5231,
770,13. 전북,군산시,제9회 군산우체통거리 손편지축제,01. 문화예술,우체통거리 1길,01. 마을형,13. 전북,군산시,월명동,2026,10,30,2026,10,31,2,,01. 매년,2018,71,0,70,1,해당없음,"2,000","2,000",모름,99. 무응답,기타,군산우체통거리경관협정운영회,05. 민간 협/단체,주민자발적 구성,군산시청,도시재생과,주무관,김기은,063-454-4194,
771,13. 전북,군산시,제5회 군산 수제맥주&블루스 페스티벌,05. 지역특산물,군산근대역사박물관 주차장 일원,04. 독립형,13. 전북,군산시,월명동,2026,6,12,2026,6,14,3,,01. 매년,2022,442,0,442,0,해당없음,"30,000","30,000",모름,99. 무응답,기타,군산시,01. 정부/지자체,군산시 축제 발전 및 운영에 관한 조례,군산시청,먹거리정책과,주무관,이선우,063-454-5252,
772,13. 전북,익산시,제9회 익산백제 국가유산야행,04. 전통역사,왕궁리유적 일원,04. 독립형,13. 전북,익산시,왕궁면,2026,4,24,2026,4,26,3,,01. 매년,2018,935,374,561,0,국가유산청,"50,000","49,400",600,99. 무응답,기타,익산시,01. 정부/지자체,해당없음,익산시청,문화유산과,주무관,김고은,063-859-5793,
773,13. 전북,익산시,2026년 익산 서동축제,01. 문화예술,익산 관광지,02. 녹지형,13. 전북,익산시,-,2026,5,1,2026,5,3,3,,01. 매년,1969,920,0,920,0,해당없음,"75,000","75,000",모름,01. 계측,유인,"(재)익산문화관광재단
서동축제추진위원회",02. 재단(관광/문화/예술),익산시 축제 육성 및 지원 조례 제15조,익산시청,문화관광산업과,주무관,빈우철,063-859-5826,
774,13. 전북,익산시,제3회 익산 근대문화유산 축전,01. 문화예술,익산문화예술의거리 일원,01. 마을형,13. 전북,익산시,인화동,2026,6,6,2026,6,7,2,,03. 일회성,2024,79,40,40,0,문화체육관광부,"17,000","17,000",모름,01. 계측,무인,(재)익산문화관광재단,02. 재단(관광/문화/예술),익산시 축제 육성 및 지원 조례 제15조,익산시청,문화관광산업과,주무관,이지희,063-859-5809,
775,13. 전북,익산시,제2회 익산 고구마(순) 축제,05. 지역특산물,삼기면 로컬하나로마트 일원(예정),05. 기타,13. 전북,익산시,삼기면,2026,8,8,2026,8,9,2,,01. 매년,2025,450,0,450,0,해당없음,"5,000","5,000",모름,99. 무응답,기타,(재)익산문화관광재단,02. 재단(관광/문화/예술),익산시 축제 육성 및 지원 조례 제15조,익산시청,문화관광산업과,주무관,빈우철,063-859-5826,
776,13. 전북,익산시,제5회 익산 호러 홀로그램 페스티벌,01. 문화예술,익산교도소세트장,02. 녹지형,13. 전북,익산시,성당면,2026,9,10,2026,9,20,11,,01. 매년,2022,800,400,400,0,과학기술정보통신부,"38,844","38,844",모름,01. 계측,유인,익산시,01. 정부/지자체,해당없음,익산시청,경제산업과,주무관,최은진,063-859-5749,
777,13. 전북,익산시,제5회 국가유산 미디어아트,01. 문화예술,미륵사지일원,04. 독립형,13. 전북,익산시,금마면,2026,9,4,2026,9,25,22,,03. 일회성,2021,"1,600",800,800,0,국가유산청,미집계,미집계,미집계,03. 미집계,,익산시,01. 정부/지자체,해당없음,익산시청,문화유산과,주무관,강휘,063-859-5707,
778,13. 전북,익산시,제57회 익산 마한문화대전,01. 문화예술,영등시민공원 일원,02. 녹지형,13. 전북,익산시,영등2동,2026,10,3,2026,10,5,3,,01. 매년,2024,200,0,200,0,해당없음,"25,000","24,500",500,99. 무응답,기타,익산시,01. 정부/지자체,해당없음,익산시청,문화유산과,주무관,김형남,063-859-7373,
779,13. 전북,익산시,제5회 NS 푸드페스타 2026 in 익산,05. 지역특산물,하림퍼스트키친 일원,04. 독립형,13. 전북,익산시,함열읍,2026,10,16,2026,10,17,2,,01. 매년,2022,358,0,238,120,해당없음,"21,000","21,000",모름,99. 무응답,기타,익산시,01. 정부/지자체,해당없음,익산시청,미식위생과,주무관,정희운,063-859-5454,
780,13. 전북,익산시,제4회 보물찾기축제,01. 문화예술,인화동 솜리근대역사문화공간 일원,04. 독립형,13. 전북,익산시,인화동,2026,10,31,2026,11,1,2,,03. 일회성,2022,150,75,75,0,문화체육관광부,"7,062","7,052",10,01. 계측,티켓판매,(재)익산문화관광재단 익산시문화도시지원센터,02. 재단(관광/문화/예술),익산시 문화도시 조성 및 지원 조례,익산시청,문화유산과,주무관,정보라,063-859-5802,
781,13. 전북,익산시,제8회 K-김장문화축제 익산,03. 주민화합,익산중앙체육공원 일원,02. 녹지형,13. 전북,익산시,어양동,2026,11,21,2026,11,22,2,,01. 매년,2017,100,0,100,0,해당없음,"3,000","3,000",모름,99. 무응답,기타,익산시농촌활력지원센터,01. 정부/지자체,익산시 일반농산어촌개발사업 추진 및 운영 조례 제14조,익산시청,농촌활력과,주무관,김제이,063-859-7216,
782,13. 전북,정읍시,제19회 정읍 구절초 꽃축제,02. 자연생태,구절초 지방정원,02. 녹지형,13. 전북,정읍시,산내면,2026,10,8,2026,10,18,11,,01. 매년,2005,850,0,850,0,해당없음,"156,281","155,281","1,000",01. 계측,티켓판매,정읍시,01. 정부/지자체,정읍시구절초축제추진위원회 운영조례,정읍시청,산림녹지과,주무관,송대효,063-539-5697,
783,13. 전북,정읍시,정읍 벚꽃축제 ,02. 자연생태,정읍천변/어린이 축구장,03. 수변형,13. 전북,정읍시,시기동,2026,4,3,2026,4,5,3,,01. 매년,1991,380,0,380,0,해당없음,"155,000","129,000","26,000",02. 추정,통신 데이터,정읍시,01. 정부/지자체,정읍시 축제발전 및 운영에 관한 조례,정읍시청,관광과,주무관,김유정,063-539-5232,
784,13. 전북,정읍시,정읍 물빛축제 ,03. 주민화합,정읍 어린이 축구장,04. 독립형,13. 전북,정읍시,시기동,2026,8,7,2026,8,9,3,,01. 매년,2023,380,0,380,0,해당없음,"25,300","7,300","18,000",02. 추정,통신 데이터,정읍시,01. 정부/지자체,정읍시 축제발전 및 운영에 관한 조례,정읍시청,관광과,주무관,김유정,063-539-5232,
785,13. 전북,정읍시,작은마을 축제,03. 주민화합,장금이 꽃밭,02. 녹지형,13. 전북,정읍시,산내면,2026,4,25,2026,12,6,4,개별 행사 일 미정,04. 최초,2026,500,0,0,500,해당없음,최초 개최,최초 개최,최초 개최,04. 기타,최초 개최,우리왕실배추 사업단,05. 민간 협/단체,전북특별자치도 작은마을축제 육성사업 시행,정읍시청,관광과,주무관,김유정,063-539-5232,
786,13. 전북,정읍시,제37회 정읍사문화제,01. 문화예술,정읍사문화공원,02. 녹지형,13. 전북,정읍시,시기동,2026,10,24,2026,10,25,2,,01. 매년,1990,420,0,420,0,해당없음,"37,041","36,041","1,000",02. 추정,통신 데이터,정읍시,01. 정부/지자체,,정읍시청,문화예술과,주무관,김화중,063-539-5173,
787,13. 전북,남원시,제96회 춘향제,01. 문화예술,광한루원 일원,04. 독립형,13. 전북,남원시,천거동,2026,4,30,2026,5,6,7,,01. 매년,1931,"3,911",0,"3,911",0,해당없음,"1,451,276","1,451,276",모름,02. 추정,통신 데이터,춘향제전위원회,04. 지자체 위원회,남원시 춘향제 조례,남원시청,관광과,주무관,김성준,063-620-5774,
788,13. 전북,남원시,제34회 흥부제,01. 문화예술,사랑의광장 일원,02. 녹지형,13. 전북,남원시,어현동,2026,10,9,2026,10,11,3,,01. 매년,1992,650,0,650,0,해당없음,"42,663","42,663",0,01. 계측,유인,흥부제전위원회,04. 지자체 위원회,남원시 흥부제 조례,남원시청,관광과,주무관,김성준,063-620-5774,
789,13. 전북,남원시,남원 봄꽃 음악회,01. 문화예술,요천둔치,03. 수변형,13. 전북,남원시,천거동,2026,4,4,2026,4,5,2,,01. 매년,2023,99,0,99,0,해당없음,"12,000","12,000",0,99. 무응답,,관광과 관광축제팀,01. 정부/지자체,"관광진흥법, 남원시 관광진흥 지원 조례",남원시청,관광과,주무관,김성준,063-620-5774,방문자 수 재작년
790,13. 전북,남원시,남원 워터밤 페스티벌,03. 주민화합,요천둔치,03. 수변형,13. 전북,남원시,천거동,2026,8,14,2026,8,16,3,,01. 매년,2023,168,0,168,0,해당없음,"5,960","5,960",모름,01. 계측,티켓판매,관광과 관광축제팀,01. 정부/지자체,"관광진흥법, 남원시 관광진흥 지원 조례",남원시청,관광과,주무관,김성준,063-620-5774,
791,13. 전북,남원시,제30회 지리산 바래봉 철쭉제,02. 자연생태,지리산 바래봉 및 허브밸리 일원,02. 녹지형,13. 전북,남원시,운봉읍,2026,5,,2026,5,,30,미정,01. 매년,1995,25,0,15,10,해당없음,"100,000","100,000",모름,02. 추정,주차면수,운봉애향회,05. 민간 협/단체,남원시 지역축제 육성 및 지원조례,남원시청,관광과,주무관,이정숙,063-620-6168,
792,13. 전북,남원시,제3회 지리산 흥부골 포도축제,05. 지역특산물,지리산농협농산물산지유통센터,04. 독립형,13. 전북,남원시,아영면,2026,8,,2026,8,,2,미정,01. 매년,2024,60,0,10,50,해당없음,"3,500","3,500",모름,99. 무응답,기타,포도작목회,05. 민간 협/단체,남원시 지역축제 육성 및 지원조례,남원시청,관광과,주무관,이정숙,063-620-6168,
793,13. 전북,남원시,제12회 혼불문학 축제,01. 문화예술,구)서도역 및 혼불문학관,05. 기타,13. 전북,남원시,사매면,2026,11,7,2026,11,8,2,,01. 매년,2014,60,0,50,10,해당없음,"2,000","2,000",모름,99. 무응답,기타,혼불문학축제추진위원회,04. 지자체 위원회,전북특별자치도 지방보조금관리조례,남원시청,관광과,주무관,이정숙,063-620-6168,
794,13. 전북,김제시,제28회 김제지평선축제,01. 문화예술,김제시 일원(벽골제 중심),05. 기타,13. 전북,김제시,부량면,2026,10,1,2026,10,5,5,,01. 매년,1999,"2,830",0,"2,830",0,해당없음,"156,257","155,757",500,01. 계측,유인,김제시지평선축제제전위원회,04. 지자체 위원회,민법 제32조 등,김제시청,홍보축제실,주무관,이태봉,063-540-3172,
795,13. 전북,김제시,2026 김제 모악뮤직페스티벌,01. 문화예술,모악산 일원,02. 녹지형,13. 전북,김제시,금산면,2026,6,13,2026,6,14,2,,01. 매년,2008,209,0,209,0,해당없음,"15,000","15,000",0,99. 무응답,기타,김제시,01. 정부/지자체,해당없음,김제시청,홍보축제실,주무관,이성하,063-540-3190,
796,13. 전북,김제시,2026 꽃빛드리축제,01. 문화예술,김제시민문화체육공원,02. 녹지형,13. 전북,김제시,검산동,2026,4,3,2026,4,5,3,,01. 매년,2023,279,0,279,0,해당없음,"35,000","35,000",0,99. 무응답,기타,김제시,01. 정부/지자체,해당없음,김제시청,홍보축제실,주무관,이성하,063-540-3190,
797,13. 전북,김제시,지평선광활햇감자축제,05. 지역특산물,김제광활초등학교 일원,04. 독립형,13. 전북,김제시,광활면,2026,4,18,2026,4,19,2,,01. 매년,2008,70,0,50,20,해당없음,"3,000","3,000",0,99. 무응답,기타,지평선광활햇감자축제제전위원회,04. 지자체 위원회,해당없음,김제시청,홍보축제실,주무관,이성하,063-540-3190,
798,13. 전북,김제시,제15회 지평선 추억의 보리밭 축제,02. 자연생태,새만금 6공구 내 원예단지(토끼섬 일원),01. 마을형,13. 전북,김제시,진봉면,2026,5,3,2026,5,5,3,,01. 매년,2010,48,0,0,48,해당없음,"37,077","37,077",0,99. 무응답,기타,진봉면 지역발전협의회,05. 민간 협/단체,해당없음,김제시청,홍보축제실,주무관,이성하,063-540-3190,
799,13. 전북,김제시,제4회 김제 자원순화 새로보미축제,02. 자연생태,김제시민문화체육공원,02. 녹지형,13. 전북,김제시,검산동,2026,10,30,2026,10,31,2,,01. 매년,2023,240,0,240,0,해당없음,"5,410","5,410",0,99. 무응답,기타,김제시,01. 정부/지자체,해당없음,김제시청,자원순환과,주무관,강경훈,063-540-3543,
800,13. 전북,완주군,제4회 완주모악산웰니스축제,03. 주민화합,완주군 모악산 일원,02. 녹지형,13. 전북,완주군,구이면,2026,,,2026,,,2,미정,01. 매년,2023,190,0,190,0,해당없음,"38,000","38,000",모름,01. 계측,유인,완주군 (관광축제과),01. 정부/지자체,완주군 축제 육성 및 운영에 관한 조례,완주군청,관광축제과,주무관,김종찬,063-290-3978,
801,13. 전북,완주군,2026 완주대둔산축제,02. 자연생태,완주군 대둔산 일원,02. 녹지형,13. 전북,완주군,운주면,2026,6,13,2026,6,14,2,,01. 매년,1996,190,0,190,0,해당없음,"20,000","20,000",모름,01. 계측,유인,완주군 (관광축제과),01. 정부/지자체,완주군 축제 육성 및 운영에 관한 조례,완주군청,관광축제과,주무관,조흥찬,063-290-3977,
802,13. 전북,완주군,제14회 완주와일드&로컬푸드축제,05. 지역특산물,고산자연휴양림 일원,02. 녹지형,13. 전북,완주군,고산면,2026,10,2,2026,10,4,3,,01. 매년,2011,"2,082",20,"2,062",0,환경부,"62,159","62,159",모름,01. 계측,유인,"와일드&로컬푸드축제
추진위원회",04. 지자체 위원회,완주군 축제 육성 및 운영에 관한 조례,완주군청,관광축제과,주무관,이명진,063-290-3976,
803,13. 전북,완주군,제8회 오성한옥마을 오픈가든축제,03. 주민화합,소양 오성한옥마을 일원,01. 마을형,13. 전북,완주군,소양면,2026,9,19,2026,9,20,2,,01. 매년,2018,33,0,32,1,해당없음,"15,000","15,000",모름,01. 계측,유인,"오성한옥마을축제
 추진위원회",04. 지자체 위원회,완주군 축제 육성 및 운영에 관한 조례,완주군청,관광축제과,주무관,조흥찬,063-290-3977,
804,13. 전북,완주군,제11회 완주곶감축제,05. 지역특산물,완주군청 대형주차장 및 어울림광장 일원,04. 독립형,13. 전북,완주군,용진읍,2026,1,16,2026,1,18,3,,01. 매년,2014,129,0,90,39,해당없음,"20,000","20,000",모름,99. 무응답,기타,"완주곶감축제
제전위원회",04. 지자체 위원회,완주군 축제 육성 및 운영에 관한 조례,완주군청,관광축제과,주무관,최유리,063-290-3979,
805,13. 전북,완주군,제24회 삼례딸기축제,05. 지역특산물,삼례농협 인근 공영주차장,04. 독립형,13. 전북,완주군,삼례읍,2026,3,6,2026,3,8,3,,01. 매년,1996,180,0,100,80,해당없음,"100,000","100,000",모름,99. 무응답,기타,"삼례딸기축제
추진위원회",04. 지자체 위원회,완주군 딸기축제 육성 및 지원에 관한 조례,완주군청,관광축제과,주무관,최유리,063-290-3980,
806,13. 전북,완주군,제4회 동상계곡물소리축제,02. 자연생태,미정,06. 미정,13. 전북,완주군,동상면,2026,7,,2026,7,,2,미정,01. 매년,2023,30,0,30,0,해당없음,"1,500","1,500",모름,99. 무응답,기타,"동상계곡 물소리축제
 추진위원회",04. 지자체 위원회,완주군 축제 육성 및 운영에 관한 조례,완주군청,동상면,주무관,임익춘,063-290-3744,
807,13. 전북,완주군,제8회 향어축제,05. 지역특산물,완주군 이서면 한국전기안전공사 일원(이서면 안전로 111),05. 기타,13. 전북,완주군,이서면,2026,10,,2026,10,,2,미정,01. 매년,2015,17,0,17,0,해당없음,"9,500","9,500",모름,99. 무응답,기타,완주향어영어조합법인,05. 민간 협/단체,농어업경영체 육성 및 지원에 관한법률,완주군청,축산지원과,주무관,오현직,063-290-3239,
808,13. 전북,진안군,제22회 진안고원 운장산 고로쇠축제,05. 지역특산물,주천면 운일암반일암 일원,03. 수변형,13. 전북,진안군,주천면,2026,3,14,2026,3,15,2,,01. 매년,2005,70,0,70,0,해당없음,"9,000","9,000",0,01. 계측,유인,진안고원운장산고로쇠축제위원회,04. 지자체 위원회,진안군 지역축제 육성 및 지원조례,진안군,문화체육과,행정8급,진도현,063-430-2393,
809,13. 전북,진안군,제16회 진안고원 수박축제,05. 지역특산물,동향면 체련공원 일원,02. 녹지형,13. 전북,진안군,동향면,2026,8,,2026,8,,,미정,01. 매년,2009,60,0,60,0,해당없음,"5,000","5,000",0,01. 계측,유인,진안고원수박축제추진위원회,04. 지자체 위원회,진안군 지역축제 육성 및 지원조례,진안군,문화체육과,행정8급,진도현,063-430-2393,
810,13. 전북,진안군,2026 진안홍삼축제,05. 지역특산물,마이산 북부 일원,02. 녹지형,13. 전북,진안군,진안읍,2026,9,,2026,9,,,미정,01. 매년,2013,"1,163",0,"1,163",0,해당없음,"77,066","77,066",0,01. 계측,유인,진안홍삼축제추진위원회,04. 지자체 위원회,진안군 지역축제 육성 및 지원조례,진안군,문화체육과,행정7급,정연지,063-430-2392,
811,13. 전북,진안군,제8회 진안고원 김치보쌈축제,05. 지역특산물,진안로컬푸드직매장 일원,04. 독립형,13. 전북,진안군,진안읍,2026,11,,2026,11,,,미정,01. 매년,2019,70,0,70,0,해당없음,"5,000","5,000",0,01. 계측,유인,진안YMCA,05. 민간 협/단체,진안군 지역축제 육성 및 지원조례,진안군,문화체육과,행정8급,진도현,063-430-2393,
812,13. 전북,무주군,제30회 무주반딧불축제,02. 자연생태,무주군 일원,05. 기타,13. 전북,무주군,-,2026,9,5,2026,9,13,9,,01. 매년,1997,"2,600",0,"2,600",0,해당없음,"421,529","419,029","2,500",99. 무응답,기타,(사)무주반딧불축제위원회,04. 지자체 위원회,민법 등,무주군,관광진흥과,행정7급/주무관,임재서,063-320-2537,
813,13. 전북,무주군,무주안성낙화놀이축제,04. 전통역사,안성면 두문마을 일원,01. 마을형,13. 전북,무주군,안성면,2026,6,5,2026,6,6,2,,01. 매년,2007,50,0,50,0,해당없음,"2,000","2,000",0,99. 무응답,기타,두문리낙화놀이보존회,05. 민간 협/단체,비영리민간단체지원법 등,무주군,관광진흥과,행정7급/주무관,임재서,063-320-2537,
814,13. 전북,무주군,제14회 무주산골영화제,01. 문화예술,등나무운동장 등 무주군 일원,05. 기타,13. 전북,무주군,무주읍,2026,6,4,2026,6,8,5,,01. 매년,2013,"1,400",0,"1,400",0,해당없음,"13,695","13,695",0,01. 계측,티켓판매,(재)무주산골문화재단,02. 재단(관광/문화/예술),민법 등,무주군,태권문화과,행정6급/문화정책팀장,임정희,063-320-2541,
815,13. 전북,무주군,제4회 서면마을 벚꽃축제,02. 자연생태,무주읍 서면마을(소이나루 공원) 일원,02. 녹지형,13. 전북,무주군,무주읍,2026,4,3,2026,4,5,3,,01. 매년,2023,15,0,0,15,해당없음,"2,000","2,000",0,99. 무응답,기타,서면새마을회,05. 민간 협/단체,비영리민간단체지원법 등,무주군,무주읍,행정7급/주무관,박서영,063-320-5703,
816,13. 전북,장수군,제20회 장수한우랑사과랑축제,05. 지역특산물,장수읍 의암공원 및 누리파크 일원,02. 녹지형,13. 전북,장수군,장수읍,2026,9,10,2026,9,13,4,,01. 매년,2007,"1,220",0,"1,220",0,해당없음,"320,000","320,000",모름,01. 계측,유인,(사)장수한우랑사과랑축제추진위원회,04. 지자체 위원회,장수군 지역축제 육성 및 지원에 관한 조례,장수군청,관광산업과,주무관,동은종,063-350-2356,
817,13. 전북,장수군,제4회 장수 쿨밸리 페스티벌,02. 자연생태,장수방화동자연휴양림 일원,02. 녹지형,13. 전북,장수군,번암면,2026,7,,2026,8,,3,미정,01. 매년,2023,120,0,120,0,해당없음,"6,255","6,255",모름,01. 계측,유인,장수계곡축제추진위원회,04. 지자체 위원회,장수군 지역축제 육성 및 지원에 관한 조례,장수군청,관광산업과,주무관,이상종,063-350-2357,
818,13. 전북,장수군,제10회 번암물빛축제,02. 자연생태,번암 시동강 천변공원 일원,03. 수변형,13. 전북,장수군,번암면,2026,7,24,2026,7,25,2,,01. 매년,2017,36,0,36,0,해당없음,"1,000","1,000",모름,99. 무응답,기타,번암면물빛축제추진위원회,04. 지자체 위원회,장수군 지역축제 육성 및 지원에 관한 조례,장수군청,관광산업과,주무관,이상종,063-350-2357,
819,13. 전북,장수군,제4회 장수가꿈토마토랑수박축제,05. 지역특산물,계북 참샘골 체육관 일원,04. 독립형,13. 전북,장수군,계북면,2026,8,,2026,8,,2,미정,01. 매년,2023,25,0,25,0,해당없음,800,800,모름,99. 무응답,기타,계북면축제추진위원회,04. 지자체 위원회,장수군 지역축제 육성 및 지원에 관한 조례,장수군청,관광산업과,주무관,이상종,063-350-2357,
820,13. 전북,임실군,옥정호벚꽃축제,02. 자연생태,붕어섬 일대,03. 수변형,13. 전북,임실군,-,2026,4,11,2026,4,12,2,,01. 매년,2022,200,0,200,0,해당없음,"20,000","20,000",모름,01. 계측,유인,전라북도 임실군,01. 정부/지자체,임실군 축제 육성 및 지원 등에 관한 조례,임실군청,옥정호힐링과,행정7급/주무관,황의정,063-640-4553,
821,13. 전북,임실군,임실N펫스타(의견문화제),01. 문화예술,반려누리 및 오수의견관광지 일원,04. 독립형,13. 전북,임실군,오수면,2026,5,1,2026,5,3,3,,01. 매년,1982,370,0,370,0,해당없음,"82,000","82,000",모름,99. 무응답,기타,의견문화제전위원회,04. 지자체 위원회,임실군 축제 육성 및 지원 등에 관한 조례,임실군청,반려산업과,행정7급/주무관,최영은,063-640-4473,
822,13. 전북,임실군,2026년 제 1회 임실 장미축제,03. 주민화합,임실치즈테마파크,02. 녹지형,13. 전북,임실군,성수면,2026,5,28,2026,5,31,4,,04. 최초,2026,700,180,520,0,문화체육관광부,최초 개최,최초 개최,최초 개최,04. 기타,최초 개최,(재)임실치즈테마파크,03. 기타 공공,재단법인 임실치즈테마파크 설립 및 운영에 관한 조례,임실군,관광치즈과,행정7급/주무관,한효수,063-640-2343,
823,13. 전북,임실군,사선문화제,01. 문화예술,사선대광장,02. 녹지형,13. 전북,임실군,-,2026,9,17,2026,9,20,4,,01. 매년,1963,100,0,100,0,해당없음,"10,000","10,000",모름,99. 무응답,기타,사)사선문화제전위원회,04. 지자체 위원회,임실군 축제 육성 및 지원 등에 관한 조례,임실군청,문화체육과,행정6급/주무관,강내연,063-640-2313,
824,13. 전북,임실군,필봉마을굿축제,01. 문화예술,필봉농악전수관,04. 독립형,13. 전북,임실군,-,2026,9,18,2026,9,20,3,,01. 매년,1996,210,0,210,0,해당없음,"15,000","15,000",모름,99. 무응답,기타,임실필봉농악보존회,05. 민간 협/단체,임실군 무형유산 보전 및 지원조례,임실군청,문화체육과,행정6급/주무관,강내연,063-640-2313,
825,13. 전북,임실군,제12회 임실N치즈축제,05. 지역특산물,"임실치즈테마파크, 임실치즈마을, 임실읍 일원",02. 녹지형,13. 전북,임실군,-,2026,10,8,2026,10,11,4,,01. 매년,2015,"1,200",40,"1,160",0,문화체육관광부,"130,422","130,422",모름,01. 계측,유인,임실N치즈축제 제전위원회,04. 지자체 위원회,임실군 축제 육성 및 지원 등에 관한 조례,임실군,관광치즈과,행정7급/주무관,안재홍,063-640-2523,
826,13. 전북,임실군,임실 도자기축제,01. 문화예술,구 .신전초 상월분교,04. 독립형,13. 전북,임실군,-,2026,10,23,2026,10,24,2,,01. 매년,2025,50,0,50,0,해당없음,"3,000","3,000",모름,99. 무응답,기타,"사)전북향토문화콘텐츠산업진흥회,신전마을회",05. 민간 협/단체,임실군 축제 육성 및 지원 등에 관한 조례,임실군청,문화체육과,행정6급/주무관,강내연,063-640-2313,
827,13. 전북,임실군,2026년 제 8회 임실 산타축제,03. 주민화합,임실치즈테마파크,02. 녹지형,13. 전북,임실군,성수면,2026,12,24,2026,12,26,3,,01. 매년,2017,700,200,500,0,문화체육관광부,"323,695","323,695",모름,99. 무응답,기타,(재)임실치즈테마파크,03. 기타 공공,재단법인 임실치즈테마파크 설립 및 운영에 관한 조례,임실군,관광치즈과,행정7급/주무관,한효수,063-640-2343,
828,13. 전북,순창군,제23회 옥천골 벚꽃축제,02. 자연생태,순창읍 경천로 일원,03. 수변형,13. 전북,순창군,순창읍,2026,3,,2026,3,,3,미정,01. 매년,1998,44,0,40,4,해당없음,"20,000","20,000",모름,01. 계측,유인,옥천골벚꽃축제제전위원회,04. 지자체 위원회,순창군 지역문화예술 진흥에 관한 조례,순창군청,문화관광과,주무관,하태인,063-650-1635,
829,13. 전북,순창군,제4회 순창 채계산 유채꽃 축제,02. 자연생태,순창읍 적성면 괴정리 1255-1,05. 기타,13. 전북,순창군,적성면,2026,4,25,2026,4,26,2,,01. 매년,2024,46,0,42,4,해당없음,"4,200","4,200",모름,01. 계측,유인,적성슬로공동체위윈회,04. 지자체 위원회,순창군 지역문화예술 진흥에 관한 조례,순창군청,문화관광과,주무관,하태인,063-650-1635,
830,13. 전북,순창군,제21회 순창장류축제,05. 지역특산물,순창고추장민속마을 및 발효테마파크 일원,04. 독립형,13. 전북,순창군,순창읍,2026,10,16,2026,10,18,3,,01. 매년,2006,"1,319",32,"1,287",0,문화체육관광부,"53,459","53,459",모름,01. 계측,유인,순창장류축제추진위원회,04. 지자체 위원회,순창 장류축제 육성과 추진위원회 조례,순창군청,문화관광과,주무관,류가연,063-650-1624,
831,13. 전북,순창군,제30회 추령장승축제,04. 전통역사,순창군 복형면 추령장승촌 일원,05. 기타,13. 전북,순창군,복흥면,2026,10,,2026,10,,2,미정,01. 매년,1995,42,0,38,4,해당없음,"5,000","5,000",모름,99. 무응답,기타,순창추령장승축제전위윈회,04. 지자체 위원회,순창군 지역문화예술 진흥에 관한 조례,순창군청,문화관광과,주무관,하태인,063-650-1635,
832,13. 전북,순창군,2026 순창 코리아떡볶이페스타,05. 지역특산물,순창발효테마마크 및 고추장민속마을 일원,04. 독립형,13. 전북,순창군,순창읍,2026,11,14,2026,11,15,2,,01. 매년,2024,278,0,278,0,해당없음,"40,821","40,821",모름,01. 계측,유인,순창발효관광재단,02. 재단(관광/문화/예술),순창군 재단법인 발효관광재단 설립 및 운영에 관한 조례,순창발효관광재단,콘텐츠전략팀,팀장,임채성,063-653-1827,
833,13. 전북,순창군,2026 순창 미리크리스마스,01. 문화예술,순창발효테마파크 일원,04. 독립형,13. 전북,순창군,순창읍,2026,12,5,2026,12,6,2,,01. 매년,2022,50,0,50,0,해당없음,"5,006","5,006",모름,01. 계측,유인,순창발효관광재단,02. 재단(관광/문화/예술),순창군 재단법인 발효관광재단 설립 및 운영에 관한 조례,순창발효관광재단,콘텐츠전략팀,팀장,임채성,063-650-1827,
834,13. 전북,고창군,제4회 고창벚꽃축제,01. 문화예술,고창읍 석정리 727 일원,05. 기타,13. 전북,고창군,고창읍,2026,4,3,2026,4,5,3,,01. 매년,2023,320,0,320,0,해당없음,"205,645","205,645",모름,02. 추정,통신 데이터,고창군,01. 정부/지자체,고창군 축제발전 및 운영에 관한 조례,고창군청,세계유산과,주무관,이경민,063-560-2958,
835,13. 전북,고창군,제23회 고창 청보리밭 축제,02. 자연생태,공음면 학원농장관광농장 일원,04. 독립형,13. 전북,고창군,공음면,2026,4,18,2026,5,10,23,,01. 매년,2004,255,0,160,95,해당없음,"698,589","698,589",모름,02. 추정,주차면수,고창청보리밭축제위원회,04. 지자체 위원회,고창군 축제발전 및 운영에 관한 조례,고창군청,농업정책과,주무관,하헌욱,063-560-2523,
836,13. 전북,고창군,하전바지락 오감체험 페스티벌,02. 자연생태,심원면 하전어촌체험마을 일원,01. 마을형,13. 전북,고창군,심원면,2026,5,1,2026,5,3,3,,01. 매년,2017,60,0,50,10,해당없음,"31,500","31,500",모름,02. 추정,주차면수,하전바지락축제추진위원회,04. 지자체 위원회,고창군 축제발전 및 운영에 관한 조례,고창군청,해양수산과,주무관,이정희,063-560-2631,
837,13. 전북,고창군,고창갯벌축제,02. 자연생태,심원면 일원,05. 기타,13. 전북,고창군,심원면,2026,6,5,2026,6,7,3,,01. 매년,2016,135,0,120,15,해당없음,"32,800","32,800",모름,02. 추정,주차면수,고창갯벌축제위원회,04. 지자체 위원회,고창군 축제발전 및 운영에 관한 조례,고창군청,해양수산과,주무관,박수연,063-560-2632,
838,13. 전북,고창군,제23회 고창복분자와 수박축제,05. 지역특산물,선운산도립공원 일원,02. 녹지형,13. 전북,고창군,아산면,2026,6,19,2026,6,21,3,,01. 매년,2004,292,0,250,42,해당없음,"91,215","91,215",모름,02. 추정,주차면수,고창복분자와수박축제위원회,04. 지자체 위원회,고창군 축제발전 및 운영에 관한 조례,고창군청,농업정책과,주무관,장가영,063-560-2531,
839,13. 전북,고창군,제53회 고창모양성제,04. 전통역사,고창읍성 일원,04. 독립형,13. 전북,고창군,고창읍,2026,10,15,2026,10,19,5,,01. 매년,1972,"1,970",0,"1,970",0,해당없음,"140,200","140,200",모름,01. 계측,유인,고창군,01. 정부/지자체,고창군 축제발전 및 운영에 관한 조례,고창군청,세계유산과,주무관,유성희,063-560-2949,
840,13. 전북,부안군,제8회 개암동 벚꽃축제,02. 자연생태,부안 상서면 개암동 일원,05. 기타,13. 전북,부안군,상서면,2026,4,,2026,4,,2,미정,01. 매년,2016,30,0,30,0,해당없음,"20,000","20,000",모름,99. 무응답,기타,상서개암동벚꽃축제추진위원회,04. 지자체 위원회,부안군축제발전및운영에관한조례,부안군,상서면,부면장,서근원,063-580-3701,
841,13. 전북,부안군,제13회 부안마실축제,01. 문화예술,부안 해뜰마루 일원,04. 독립형,13. 전북,부안군,부안읍,2026,5,2,2026,5,5,4,,01. 매년,2015,"1,630",0,"1,630",0,해당없음,"190,152","190,152",모름,01. 계측,유인,부안군대표축제추진위원회,04. 지자체 위원회,부안군대표축제운영조례,부안군,관광과,주무관,신승호,063-580-3890,
842,13. 전북,부안군,변산 비치파티,02. 자연생태,부안 변산해수욕장,03. 수변형,13. 전북,부안군,변산면,2026,8,,2026,8,,3,미정,01. 매년,2022,450,0,450,0,해당없음,"20,000","20,000",0,99. 무응답,,부안군청 관광과,01. 정부/지자체,부안군축제발전및운영에관한조례,부안군,관광과,주무관,문다솔,063-580-4789,방문자 수 재작년
843,13. 전북,부안군,고슴도치섬 위도상사화축제,02. 자연생태,부안 위도해수욕장,03. 수변형,13. 전북,부안군,위도면,2026,8,,2026,8,,2,미정,01. 매년,2015,15,0,15,0,해당없음,"1,000","1,000",모름,99. 무응답,기타,위도면 주민자치위원회,04. 지자체 위원회,부안군축제발전및운영에관한조례,부안군,위도면,주무관,이석훈,063-580-3762,
844,13. 전북,부안군,님의 뽕 축제,02. 자연생태,부안댐 광장,02. 녹지형,13. 전북,부안군,변산면,2026,8,,2026,8,,3,미정,01. 매년,2009,15,0,15,0,해당없음,"2,500","2,500",모름,99. 무응답,기타,부안군 농업기술센터,01. 정부/지자체,부안군축제발전및운영에관한조례,부안군,농업기술센터,농촌지도사,김재현,063-580-3854,
845,13. 전북,부안군,부안 곰소젓갈발효축제,05. 지역특산물,부안 곰소리 일원,03. 수변형,13. 전북,부안군,진서면,2026,10,,2026,,,3,미정,01. 매년,2004,132,0,132,0,해당없음,"42,000","42,000",모름,99. 무응답,기타,곰소젓갈발효축제추진위원회,04. 지자체 위원회,부안군축제발전및운영에관한조례,부안군,해양수산과,주무관,허윤석,063-580-4489,
846,13. 전북,부안군,2026 부안붉은노을축제,01. 문화예술,부안 변산해수욕장,03. 수변형,13. 전북,부안군,변산면,2026,10,,2026,,,3,미정,01. 매년,2022,750,0,750,0,해당없음,"121,634","121,634",모름,01. 계측,유인,부안군대표축제추진위원회,04. 지자체 위원회,부안군대표축제운영조례,부안군,관광과,주무관,신승호,063-580-3890,
847,13. 전북,부안군,부안 설숭어축제,05. 지역특산물,부안 상설시장,01. 마을형,13. 전북,부안군,부안읍,2026,12,,2026,12,,2,미정,01. 매년,2007,60,0,60,0,해당없음,"3,000","3,000",모름,99. 무응답,기타,부안군문화재단 상권활성화추진단,02. 재단(관광/문화/예술),부안군축제발전및운영에관한조례,부안군,지역경제과,주무관,최은하,063-580-4118,
848,14. 전남,강진군,제54회 강진청자축제,04. 전통역사,고려청자박물관 일원,04. 독립형,14. 전남,강진군,대구면,2026,2,21,2026,3,2,10,,01. 매년,1973,"1,400",0,"1,400",0,해당없음,"174,014","174,014",모름,01. 계측,무인,강진군축제추진위원회,04. 지자체 위원회,강진군 축제 운영 및 지원 등에 관한 조례,강진군청,축제마케팅추진단,주무관,윤혜진,061-430-3354,
849,14. 전남,강진군,제29회 전라병영성축제,04. 전통역사,전라병영성 일원,04. 독립형,14. 전남,강진군,병영면,2026,4,17,2026,4,19,3,,01. 매년,1998,290,0,290,0,해당없음,"43,919","43,919",모름,01. 계측,무인,강진군축제추진위원회,04. 지자체 위원회,강진군 축제 운영 및 지원 등에 관한 조례,강진군청,축제마케팅추진단,주무관,최유라,061-430-3413,
850,14. 전남,강진군,제4회 강진 수국길 축제,02. 자연생태,보은산 일원,02. 녹지형,14. 전남,강진군,강진읍,2026,6,26,2026,6,28,3,,01. 매년,2023,290,0,290,0,해당없음,"48,174","48,174",모름,01. 계측,무인,강진군축제추진위원회,04. 지자체 위원회,강진군 축제 운영 및 지원 등에 관한 조례,강진군청,축제마케팅추진단,주무관,윤혜진,061-430-3354,
851,14. 전남,강진군,제4회 강진 하맥축제,03. 주민화합,강진종합운동장 일원,03. 수변형,14. 전남,강진군,군동면,2026,8,27,2026,8,29,3,,01. 매년,2023,400,0,400,0,해당없음,"75,019","75,019",모름,01. 계측,무인,강진군축제추진위원회,04. 지자체 위원회,강진군 축제 운영 및 지원 등에 관한 조례,강진군청,축제마케팅추진단,주무관,이승훈,061-430-3357,
852,14. 전남,강진군,제1회 강진 월출산 차(茶) & 정원 페스티벌(가칭),02. 자연생태,월출산 일원,02. 녹지형,14. 전남,강진군,성전면,2026,9,11,2026,9,13,3,,04. 최초,2026,290,0,290,0,해당없음,최초 개최,최초 개최,최초 개최,04. 기타,최초 개최,강진군축제추진위원회,04. 지자체 위원회,강진군 축제 운영 및 지원 등에 관한 조례,강진군청,축제마케팅추진단,주무관,최유라,061-430-3413,
853,14. 전남,강진군,제11회 강진만춤추는갈대축제,02. 자연생태,강진만생태공원 일원,02. 녹지형,14. 전남,강진군,강진읍,2026,10,24,2026,11,1,9,,01. 매년,2015,800,0,800,0,해당없음,"198,212","198,212",모름,01. 계측,무인,강진군축제추진위원회,04. 지자체 위원회,강진군 축제 운영 및 지원 등에 관한 조례,강진군청,축제마케팅추진단,주무관,최유라,061-430-3413,
854,14. 전남,고흥군,제16회고흥우주항공축제,03. 주민화합,나로우주과학관 일원,04. 독립형,14. 전남,고흥군,봉래면,2026,5,2,2026,5,5,4,,01. 매년,2004,600,0,600,0,해당없음,"116,480","116,480",모름,99. 무응답,기타,고흥군축제추진위원회,04. 지자체 위원회,고흥군 지역축제 운영에 관한 조례,고흥군청,관광정책실,주무관,이건호,061-830-5347,
855,14. 전남,고흥군,제 24회 녹동 바다불꽃축제,03. 주민화합,녹동 구항,03. 수변형,14. 전남,고흥군,도양읍,2026,5,,2026,6,,,미정,01. 매년,2000,200,0,100,100,해당없음,"49,151","49,151",모름,99. 무응답,기타,녹동청년회의소,05. 민간 협/단체,고흥군 지역축제 운영에 관한 조례,고흥군청,관광정책실,주무관,윤경호,061-830-5244,
856,14. 전남,고흥군 ,제5회 고흥유자축제,05. 지역특산물,풍양면 유자축제장 일원,01. 마을형,14. 전남,고흥군,풍양면,2026,11,,2026,11,,3,미정,01. 매년,2019,미확정,0,미확정,0,해당없음,"313,980","313,980",모름,99. 무응답,기타,고흥군축제추진위원회,04. 지자체 위원회,고흥군 지역축제 운영에 관한 조례,고흥군청,관광정책실,주무관,한다혜,061-830-5442,
857,14. 전남,곡성군,제16회 곡성세계장미축제,01. 문화예술,곡성섬진강기차마을,01. 마을형,14. 전남,곡성군,-,2026,5,22,2026,5,31,10,,01. 매년,1998,800,0,800,0,해당없음,"248,982","248,982",모름,01. 계측,티켓판매,곡성군 문화체육과,01. 정부/지자체,,곡성군청,문화체육과,주무관,노수양,061-360-8471,
858,14. 전남,곡성군,제26회 곡성심청어린이대축제,01. 문화예술,곡성섬진강기차마을,01. 마을형,14. 전남,곡성군,-,2026,10,8,2026,10,11,4,,01. 매년,2021,480,0,480,0,해당없음,"31,997","31,997",모름,01. 계측,티켓판매,곡성군 문화체육과,01. 정부/지자체,,곡성군청,문화체육과,주무관,노수양,061-360-8471,
859,14. 전남,광양시,제25회 광양매화축제,02. 자연생태,다압면 매화마을 일원,01. 마을형,14. 전남,광양시,다압면,2026,3,,2026,3,,10,미정,01. 매년,1997,676,0,676,0,해당없음,"642,339","642,339",모름,02. 추정,주차면수,광양매화축제추진위원회,04. 지자체 위원회,광양시 축제 발전 및 운영 조례,광양시,관광과,주무관,김정진,061-797-2721,
860,14. 전남,광양시,제9회 광양천년동백축제,02. 자연생태,옥룡사지 동백숲 일원,02. 녹지형,14. 전남,광양시,옥룡면,2026,4,,2026,4,,2,미정,01. 매년,2023,35,0,35,0,해당없음,"4,000","4,000",모름,02. 추정,주차면수,광양동백축제추진위원회,04. 지자체 위원회,광양시 축제 발전 및 운영 조례,광양시,관광과,주무관,김정진,061-797-2721,
861,14. 전남,광양시,제18회 백운산국사봉철쭉축제,02. 자연생태,옥구슬건강문화센터 광장 및 국사봉 일원,02. 녹지형,14. 전남,광양시,옥곡면,2026,4,,2026,4,,2,미정,01. 매년,2005,40,0,40,0,해당없음,"5,000","5,000",모름,02. 추정,주차면수,백운산국사봉철쭉축제추진위원회,04. 지자체 위원회,광양시 축제 발전 및 운영 조례,광양시,관광과,주무관,김정진,061-797-2721,
862,14. 전남,광양시,제25회 광양전어축제,05. 지역특산물,진월면 망덕포구 일원,03. 수변형,14. 전남,광양시,진월면,2026,9,,2026,9,,3,미정,01. 매년,1998,80,0,80,0,해당없음,"20,000","20,000",모름,02. 추정,주차면수,광양전어축제위원회,04. 지자체 위원회,광양시 축제 발전 및 운영 조례,광양시,관광과,주무관,김정진,061-797-2721,
863,14. 전남,광양시,제22회 광양전통숯불구이축제,05. 지역특산물,광양읍 서천변 일원,03. 수변형,14. 전남,광양시,광양읍,2026,10,,2026,10,,3,미정,01. 매년,1999,100,0,100,0,해당없음,"90,000","90,000",모름,02. 추정,주차면수,광양전통숯불구이축제추진위원회,04. 지자체 위원회,광양시 축제 발전 및 운영 조례,광양시,관광과,주무관,김정진,061-797-2721,
864,14. 전남,광양시,제6회 광양 K-POP 페스티벌,01. 문화예술,관내 일원(장소 미정),06. 미정,14. 전남,광양시,-,2026,10,,2026,10,,2,미정,01. 매년,2019,500,0,500,0,해당없음,"24,000","24,000",모름,01. 계측,티켓판매,광양시,01. 정부/지자체,,광양시,관광과,주무관,서형임,061-797-3714,
865,14. 전남,구례군,제27회 구례산수유꽃축제,02. 자연생태,산동면 일원,05. 기타,14. 전남,구례군,산동면,2026,3,14,2026,3,22,9,,01. 매년,1999,525,0,525,0,해당없음,"287,444","287,444",모름,01. 계측,무인,구례산수유꽃축제추진위원회,04. 지자체 위원회,구례군 축제추진위원회 설치 및 운영등에 관한 조례,구례군,문화관광실,주무관,서준석,061-780-2390,
866,14. 전남,구례군,2026 구례300리 벚꽃축제,02. 자연생태,"구례읍, 문척면 일원",05. 기타,14. 전남,구례군,구례읍,2026,3,27,2026,3,29,3,,01. 매년,2004,270,0,270,0,해당없음,"100,000","100,000",모름,99. 무응답,기타,구례300리벚꽃축제추진위원회,04. 지자체 위원회,구례군 축제추진위원회 설치 및 운영등에 관한 조례,구례군,문화관광실,주무관,김동곤,061-780-2255,
867,14. 전남,구례군,제82회 지리산남악제 및 제45회 군민의 날 행사,04. 전통역사,구례군 일원,05. 기타,14. 전남,구례군,마산면,2026,4,18,2026,4,20,3,,01. 매년,1945,345,0,345,0,해당없음,"2,000","2,000",모름,99. 무응답,기타,지리산남악제및군민의날행사축제추진위원회,04. 지자체 위원회,구례군 축제추진위원회 설치 및 운영등에 관한 조례,구례군,문화관광실,주무관,김단비,061-780-2431,
868,14. 전남,구례군,2026 구례동편소리축제,01. 문화예술,서시천체육공원 일원,02. 녹지형,14. 전남,구례군,구례읍,2026,9,16,2026,9,18,3,,01. 매년,2008,260,0,260,0,해당없음,"2,000","2,000",모름,99. 무응답,기타,구례동편소리축제추진위원회,04. 지자체 위원회,구례군 축제추진위원회 설치 및 운영등에 관한 조례,구례군,문화관광실,주무관,김단비,061-780-2431,
869,14. 전남,구례군,화엄음악제,01. 문화예술,화엄사 일원,04. 독립형,14. 전남,구례군,마산면,2026,10,3,2026,10,5,3,,01. 매년,2005,100,0,100,0,해당없음,"2,000","2,000",모름,99. 무응답,기타,화엄음악제집행위원회,04. 지자체 위원회,구례군 문화예술 육성 및 지원에 관한 조례,구례군,문화관광실,주무관,김단비,061-780-2431,
870,14. 전남,구례군,제50회 지리산피아골 단풍축제,02. 자연생태,토지면 일원,05. 기타,14. 전남,구례군,토지면,2026,10,31,2026,11,1,2,,01. 매년,1977,100,0,100,0,해당없음,"1,500","1,500",모름,99. 무응답,기타,지리산피아골단풍축제추진위원회,04. 지자체 위원회,구례군 관광진흥에 관한 조례,구례군,문화관광실,주무관,김동곤,061-780-2255,
871,14. 전남,나주시,천년나주목읍성문화축제,01. 문화예술,금성관 및 나주향교 일원,04. 독립형,14. 전남,나주시,남평읍,2026,4,,2026,4,,3,미정,01. 매년,2019,100,0,100,0,해당없음,"25,000","25,000",모름,02. 추정,통신 데이터,천년나주목읍성문화축제추진위원회,04. 지자체 위원회,,나주시,관광과,행정8급,지다영,061-339-8724,
872,14. 전남,나주시,영산포 홍어축제,05. 지역특산물,영산포 둔치 체육공원 일원,02. 녹지형,14. 전남,나주시,영산동,2026,5,,2026,5,,3,미정,01. 매년,2005,200,0,200,0,해당없음,"135,000","135,000",모름,99. 무응답,기타,영산포홍어축제추진위원회,04. 지자체 위원회,,나주시,관광과,공업9급,김정관,061-339-8723,
873,14. 전남,나주시,빛가람 빛 정원 페스타,01. 문화예술,나주 빛가람 호수공원 일원,02. 녹지형,14. 전남,나주시,빛가람동,2026,11,,2026,11,,3,미정,01. 매년,2024,30,0,30,0,해당없음,"20,000","20,000",모름,99. 무응답,,나주시,01. 정부/지자체,나주시 마을축제 지원조례,나주시,관광과,공업8급,김정관,061-339-8722,
874,14. 전남,나주시,2026 설맞이 연날리기 축제,04. 전통역사,나주 영산강정원 일원,02. 녹지형,14. 전남,나주시,영산동,2026,2,14,2026,2,15,2,,04. 최초,2026,25,0,25,0,해당없음,최초 개최,최초 개최,최초 개최,04. 기타,최초 개최,나주시,01. 정부/지자체,나주시 마을축제 지원조례,나주시,관광과,공업9급,김정관,061-339-8723,
875,14. 전남,나주시,2026 나주영산강 축제,01. 문화예술,영산강 정원 일원,02. 녹지형,14. 전남,나주시,영산동,2026,10,7,2026,10,11,5,,01. 매년,2023,"1,600",0,"1,600",0,해당없음,"511,000","510,000","1,000",01. 계측,무인,나주시축제추진위원회,04. 지자체 위원회,나주시 축제 운영 조례,나주시청,관광과,주무관,이새봄,061-339-8594,
876,14. 전남,나주시,제31회 남도음식문화큰잔치,04. 전통역사,나주 영산강정원 일원,02. 녹지형,14. 전남,나주시,영산동,2026,10,23,2026,10,25,3,,01. 매년,1994,"1,600",0,"1,600",0,해당없음,"270,000","270,000",모름,99. 무응답,기타,(재)남도음식문화큰잔치,02. 재단(관광/문화/예술),전라남도 재단법인 남도음식문화큰잔치 설립 및 운영 조례,전라남도,관광과,주무관,윤성욱,061-286-5351,
877,14. 전남,담양군,제25회 담양대나무축제,02. 자연생태,죽녹원 일원,04. 독립형,14. 전남,담양군,담양읍,2026,5,1,2026,5,5,5,,01. 매년,1999,710,0,710,0,해당없음,"694,928","692,149","2,779",01. 계측,무인,(사)담양대나무축제위원회,04. 지자체 위원회,담양군 축제 지원 및 운영 조례,담양군청,관광과,주무관,박하영,061-380-3152,
878,14. 전남,담양군,대전면 지역 축제(명칭미정),03. 주민화합,대전면 일원,05. 기타,14. 전남,담양군,대전면,2026,6,,2026,6,,,미정,02. 격년,2024,35,0,35,0,해당없음,"8,900","8,900",모름,01. 계측,유인,대전면축제추진위원회,04. 지자체 위원회,담양군 축제 지원 및 운영 조례,대전면,총괄팀,공무직,윤신비,061-380-3933,
879,14. 전남,담양군,월산면 지역 축제(명칭미정),03. 주민화합,월산면 일원,05. 기타,14. 전남,담양군,월산면,2026,10,,2026,10,,,미정,02. 격년,2024,35,0,35,0,해당없음,"4,000","4,000",모름,01. 계측,유인,월산면 축제추진위원회,04. 지자체 위원회,담양군 축제 지원 및 운영 조례,월산면,총괄팀,주무관,심범의,061-380-3892,
880,14. 전남,담양군,제12회 창평전통음식축제,01. 문화예술,창흥학당 일원,04. 독립형,14. 전남,담양군,창평면,2026,10,,2026,10,,2,미정,02. 격년,2024,35,0,35,0,해당없음,800,800,모름,99. 무응답,기타,창평면 주민자치회,05. 민간 협/단체,담양군 축제 지원 및 운영 조례,창평면,총괄팀,공무직,김유라,061-380-3794,
881,14. 전남,담양군,제8회 담양산타축제,01. 문화예술,"메타랜드, 중앙로 일원",05. 기타,14. 전남,담양군,담양읍,2026,12,,2026,12,,2,미정,01. 매년,2017,미확정,0,미확정,미확정,해당없음,"85,049","84,628",421,01. 계측,무인,담양산타축제추진위원회,04. 지자체 위원회,담양군 축제 지원 및 운영 조례,담양군청,관광과,주무관,박하영,061-380-3152,
882,14. 전남,목포시,2026 유달산봄소풍,02. 자연생태,유달산 일원,02. 녹지형,14. 전남,목포시,-,2026,4,4,2026,4,5,2,,01. 매년,1996,100,0,100,0,해당없음,"80,000","80,000",모름,02. 추정,주최측 추산,목포시,01. 정부/지자체,목포축제 추진위원회 설치 및 운영조례 ,목포시,관광과,주무관,박관우,061-270-8432,
883,14. 전남,목포시,2026 목포항구축제,01. 문화예술,목포항일원,03. 수변형,14. 전남,목포시,-,2026,10,16,2026,10,18,3,,01. 매년,2006,740,0,740,0,해당없음,"240,000","230,000","10,000",02. 추정,주최측 추산,목포시,01. 정부/지자체,목포축제 추진위원회 설치 및 운영조례 ,목포시,관광과,주무관,김현수,061-270-8441,
884,14. 전남,무안군,무안겨울숭어축제,05. 지역특산물,양간다리 수산시장 일원,01. 마을형,14. 전남,무안군,해제면,2026,1,24,2026,1,25,2,,01. 매년,2023,150,0,150,0,해당없음,"9,800","9,800",모름,01. 계측,티켓판매,전라남도 무안군,01. 정부/지자체,,무안군청,관광과,주무관,문형진,061-450-5472,
885,14. 전남,무안군,해제 유채꽃축제,02. 자연생태,해제면 도리포 해변 및 유채꽃 경관단지 일원,03. 수변형,14. 전남,무안군,해제면,2026,4,11,2026,4,12,2,,01. 매년,2023,22,0,22,0,해당없음,"1,000","1,000",모름,99. 무응답,기타,전라남도 무안군,01. 정부/지자체,,무안군청,운남면,주무관,김연주,061-450-4282,
886,14. 전남,무안군,운남 돈세고놀자축제,05. 지역특산물,운남농협자재센터 일원,04. 독립형,14. 전남,무안군,운남면,2026,4,18,2026,4,19,2,,01. 매년,2025,150,0,150,0,해당없음,"3,000","3,000",모름,99. 무응답,기타,전라남도 무안군,01. 정부/지자체,,무안군청,운남면,주무관,조은별,061-450-4292,
887,14. 전남,무안군,무안연꽃축제,02. 자연생태,회산백련지 일원,03. 수변형,14. 전남,무안군,일로읍,2026,6,25,2026,6,28,4,,01. 매년,1997,300,0,300,0,해당없음,"62,000","62,000",모름,01. 계측,티켓판매,전라남도 무안군,01. 정부/지자체,,무안군청,관광과,주무관,문형진,061-450-5472,
888,14. 전남,무안군, 황토갯벌축제,02. 자연생태,무안황토갯벌랜드 일원,04. 독립형,14. 전남,무안군,해제면,2026,9,5,2026,9,13,9,,01. 매년,2013,300,0,300,0,해당없음,"49,000","49,000",모름,01. 계측,티켓판매,전라남도 무안군,01. 정부/지자체,,무안군청,관광과,주무관,이희주,061-450-5473,
889,14. 전남,무안군,무안낙지축제,05. 지역특산물,무안읍 중앙로 및 뻘낙지거리 일원,05. 기타,14. 전남,무안군,무안읍,2026,10,31,2026,11,1,2,,01. 매년,2023,150,0,150,0,해당없음,"17,391","17,391",모름,01. 계측,티켓판매,전라남도 무안군,01. 정부/지자체,,무안군청,무안읍,주무관,송상봉,061-450-4318,
890,14. 전남,무안군,무안YD 페스티벌,01. 문화예술,남악중앙공원 일원,02. 녹지형,14. 전남,무안군,삼향읍,2026,11,20,2026,11,22,3,,01. 매년,2019,700,0,700,0,해당없음,"15,100","15,100",모름,01. 계측,티켓판매,전라남도 무안군,01. 정부/지자체,,무안군청,관광과,주무관,강지상,061-450-5474,
891,14. 전남,보성군,제49회 보성다향대축제,05. 지역특산물,한국차문화공원 일원,02. 녹지형,14. 전남,보성군,보성읍,2026,5,1,2026,5,5,5,,01. 매년,1975,"1,010",32,978,0,무응답,"610,000","610,000",모름,02. 추정,주최측 추산,민간단체,05. 민간 협/단체,보성군 지역축제 지원 및 운영 조례,보성군청,문화관광실,주무관,주낙춘,061-850-5211,
892,14. 전남,보성군,제13회 보성벚꽃축제,02. 자연생태,대원사 일원,04. 독립형,14. 전남,보성군,문덕면,2026,4,4,2026,4,5,2,,01. 매년,2006,22,0,20,2,해당없음,"3,000","3,000",모름,02. 추정,주최측 추산,민간단체,05. 민간 협/단체,보성군 지역축제 지원 및 운영 조례,보성군청,문화관광실,주무관,한휘관,061-850-5213,
893,14. 전남,보성군,제28회 서편제보성소리축제,01. 문화예술,보성문화예술회관,04. 독립형,14. 전남,보성군,보성읍,2026,5,2,2026,5,4,3,,01. 매년,1998,475,0,475,0,해당없음,"1,000","1,000",모름,02. 추정,주최측 추산,민간단체,05. 민간 협/단체,보성군 지역축제 지원 및 운영 조례,보성군청,문화관광실,주무관,안승희,061-850-5202,
894,14. 전남,보성군,제18회 감쪽같은 보성전어축제,05. 지역특산물,회천 율포솔밭해수욕장 일원,03. 수변형,14. 전남,보성군,회천면,2026,8,15,2026,8,16,2,,01. 매년,2004,77,0,70,7,해당없음,"3,000","3,000",모름,02. 추정,주최측 추산,민간단체,05. 민간 협/단체,보성군 지역축제 지원 및 운영 조례,보성군청,문화관광실,주무관,한휘관,061-850-5213,
895,14. 전남,보성군,제2회 보성열선루 이순신 역사문화축제,04. 전통역사,보성읍 열선루공원 일원,02. 녹지형,14. 전남,보성군 ,보성읍,2026,10,23,2026,10,25,3,,01. 매년,2025,290,0,290,0,해당없음,"69,000","69,000",모름,02. 추정,주최측 추산,민간단체,05. 민간 협/단체,보성군 지역축제 지원 및 운영 조례,보성군청,문화관광실,주무관,주낙춘,061-850-5213,
896,14. 전남,보성군,제22회 벌교꼬막축제,05. 지역특산물,벌교읍 일원,05. 기타,14. 전남,보성군 ,벌교읍,2026,11,20,2026,11,22,3,,01. 매년,2001,286,0,260,26,해당없음,"110,000","110,000",모름,02. 추정,주최측 추산,민간단체,05. 민간 협/단체,보성군 지역축제 지원 및 운영 조례,보성군청,문화관광실,주무관,한휘관,061-850-5213,
897,14. 전남,순천시,글로벌 콘텐츠 페스티벌 in 순천,01. 문화예술,오천그린광장 일원,04. 독립형,14. 전남,순천시,도사동,2026,,,2026,,,3,미정,01. 매년,2024,"1,190",0,"1,190",0,해당없음,"230,000","230,000",모름,99. 무응답,기타,순천시청 콘텐츠정책과,01. 정부/지자체,,순천시청,콘텐츠정책과,주무관,정승운,061-749-5593,
898,14. 전남,순천시,원도심 콘텐츠 축제 '원츠(Wants) 순천',01. 문화예술,남문터광장 일원,02. 녹지형,14. 전남,순천시,향동,2026,6,27,2026,6,28,2,미정,01. 매년,2025,290,0,290,0,해당없음,"50,000","50,000",모름,99. 무응답,기타,순천시청 콘텐츠정책과,01. 정부/지자체,,순천시청,콘텐츠정책과,주무관,윤형근,061-749-5594,
899,14. 전남,순천시,도심 해방로드 주말의광장,01. 문화예술,미정,06. 미정,14. 전남,순천시,중앙동,2026,7,,2026,12,,4,미정,01. 매년,2025,"1,200",600,600,0,문화체육관광부,"178,000","178,000",모름,01. 계측,유인,순천시청 문화예술과,01. 정부/지자체,,순천시청,문화예술과,주무관,양주은,061-749-6790,
900,14. 전남,순천시,제43회 팔마문화제,01. 문화예술,"남문터광장, 문화의거리 일원",01. 마을형,14. 전남,순천시,중앙동,2026,8,,2026,8,,2,미정,01. 매년,1968,"2,200",0,"2,200",0,해당없음,"25,000","25,000",모름,01. 계측,유인,순천시청 문화예술과,01. 정부/지자체,,순천시청,문화예술과,주무관,한우리,061-749-3222,
901,14. 전남,순천시,2026년 동천 야광 축제,01. 문화예술,동천 일원,03. 수변형,14. 전남,순천시,풍덕동,2026,8,,2026,8,,,미정,01. 매년,2025,500,0,500,0,해당없음,"100,000","100,000",모름,01. 계측,유인,순천시청 관광과,01. 정부/지자체,,순천시청,관광과,주무관,박채은,061-749-5798,
902,14. 전남,순천시,2026 제10회 순천 푸드앤아트페스티벌,01. 문화예술,중앙로 일원,05. 기타,14. 전남,순천시,중앙동,2026,10,,2026,,,3,미정,01. 매년,2016,700,0,700,0,해당없음,"370,700","370,700",모름,99. 무응답,기타,순천시청 관광과,01. 정부/지자체,,순천시청,관광과,주무관,배희숙,061-749-5796,
903,14. 전남,순천시,2026 순천국가유산야행,04. 전통역사,원도심 유산 일원,02. 녹지형,14. 전남,순천시,"매곡동, 향동, 중앙동",2026,,,2026,,,3,미정,03. 일회성,2022,250,100,150,0,국가유산청,미집계,미집계,미집계,03. 미집계,,순천시청 국가유산과,01. 정부/지자체,,순천시청,국가유산과,주무관,임세은,061-749-6811,
904,14. 전남,순천시,제31회 순천 낙안읍성 민속문화축제,04. 전통역사,순천 낙안읍성 일원,03. 수변형,14. 전남,순천시,낙안면,2026,10,10,2026,10,11,2,미정,01. 매년,1994,200,0,200,0,해당없음,"93,650","93,650",모름,01. 계측,티켓판매,순천시청 낙안읍성지원사업소,01. 정부/지자체,순천시 순천 낙안읍성 관리 운영 조례,순천시청,낙안읍성지원사업소,주무관,김한태,061-749-8838,
905,14. 전남,순천시,제27회 순천만 갈대축제,02. 자연생태,순천만습지 일원,03. 수변형,14. 전남,순천시,대대동,2026,4,,2026,12,,,미정,01. 매년,1997,150,0,150,0,해당없음,"58,000","58,000",모름,01. 계측,티켓판매,순천시청 순천만보전과,01. 정부/지자체,,순천시청,순천만보전과,주무관,최혜림,061-749-6082,
906,14. 전남,신안군,2026 섬 흑산홍어축제,05. 지역특산물,예리 물항장,03. 수변형,14. 전남,신안군,흑산면,2026,5,8,2026,5,9,2,,01. 매년,2015,57,0,57,0,해당없음,700,700,0,99. 무응답,기타,흑산면,01. 정부/지자체,신안군 축제 운영 및 지원 조례,신안군,해양수산과,팀장,박신영,061-240-8410,
907,14. 전남,신안군,섬 샤스타데이지 축제,02. 자연생태,장산면 화이트정원 일원,02. 녹지형,14. 전남,신안군,장산면,2026,5,1,2026,5,31,31,,01. 매년,2025,50,0,0,50,해당없음,"5,000","5,000",0,99. 무응답,기타,섬 샤스타데이지 축제추진위원회,04. 지자체 위원회,신안군 축제 운영 및 지원 조례,신안군,남부정원관리사업소,주무관,제갈영균,061-240-4197,
908,14. 전남,신안군,2026 섬 수선화축제,02. 자연생태,지도읍 선도리 수선화정원,02. 녹지형,14. 전남,신안군,지도읍,2026,4,3,2026,4,12,10,,01. 매년,2019,60,0,60,0,해당없음,"12,121","12,121",0,01. 계측,유인,섬 수선화 축제추진위원회,04. 지자체 위원회,신안군 수선화섬 조성 및 지원 등에 관한 조례,신안군,동부정원관리사업소,주무관,이지현,061-240-5410,
909,14. 전남,신안군,2026 섬크로코스미아꽃축제,02. 자연생태,1004섬 분재정원,02. 녹지형,14. 전남,신안군,압해읍,2026,7,,2026,7,,14,미정,01. 매년,2021,30,0,30,0,해당없음,"3,010","3,010",0,01. 계측,유인,섬겨울꽃애기동백축제추진위원회,04. 지자체 위원회,신안군 축제 운영 및 지원 조례,신안군,동부정원관리사업소,주무관,문치성,061-240-5445,
910,14. 전남,신안군,2026 섬겨울꽃축제,02. 자연생태,1005섬 분재정원,02. 녹지형,14. 전남,신안군,압해읍,2026,12,18,2027,1,17,31,,01. 매년,2012,60,0,60,0,해당없음,"40,788","40,788",0,01. 계측,유인,섬겨울꽃애기동백축제추진위원회,04. 지자체 위원회,신안군 축제 운영 및 지원 조례,신안군,동부정원관리사업소,주무관,문치성,061-240-5445,
911,14. 전남,신안군,2026 섬 홍매화축제,02. 자연생태,튤립홍매화정원,02. 녹지형,14. 전남,신안군,임자면,2026,3,6,2026,3,8,3,,01. 매년,2025,30,0,30,0,해당없음,"7,000","7,000",0,99. 무응답,기타,튤립및홍매화축제추진위원회,04. 지자체 위원회,신안군 축제 운영 및 지원 조례,신안군,북부정원관리사업소,주무관,조상현,061-240-4035,
912,14. 전남,신안군,2026 섬 튤립축제,02. 자연생태,튤립홍매화정원,02. 녹지형,14. 전남,신안군,임자면,2026,4,5,2026,4,14,10,,01. 매년,2025,80,0,80,0,해당없음,"50,000","50,000",0,99. 무응답,기타,튤립및홍매화축제추진위원회,04. 지자체 위원회,신안군 축제 운영 및 지원 조례,신안군,북부정원관리사업소,주무관,김유빈,061-240-4048,
913,14. 전남,신안군,2026 섬 맨드라미축제,02. 자연생태,병풍도 맨드라미정원,02. 녹지형,14. 전남,신안군,임자면,2026,10,16,2026,10,25,10,,01. 매년,2020,30,0,30,0,해당없음,"11,000","11,000",0,99. 무응답,기타,맨드라미축제추진위원회,04. 지자체 위원회,신안군 축제 운영 및 지원 조례,신안군,북부정원관리사업소,주무관,정형욱,061-240-5407,
914,14. 전남,신안군,신안 비금도 샴막예술축제,01. 문화예술, 비금면,05. 기타,14. 전남,신안군,비금면,2026,6,19,2026,6,20,2,,01. 매년,2024,200,0,200,0,해당없음,"1,000",500,500,99. 무응답,기타,(재)예술섬,02. 재단(관광/문화/예술),신안군 축제 운영 및 지원 조례,신안군,문화관광과,주무관,김인승,061-240-8679,
915,14. 전남,신안군,피아노섬 축제,01. 문화예술,자은면,05. 기타,14. 전남,신안군,자은면,2026,4,25,2026,4,26,2,,01. 매년,2023,50,0,50,0,해당없음,"20,000","20,000",0,99. 무응답,기타,(재)예술섬,02. 재단(관광/문화/예술),신안군 축제 운영 및 지원 조례,신안군,문화관광과,주무관,곽승혁,061-240-8353,
916,14. 전남,신안군,2026년 보물섬 함초축제,02. 자연생태,증도 태평염전 일원,03. 수변형,14. 전남,신안군,증도면,2026,10,23,2026,10,24,2,,01. 매년,2025,20,0,20,0,해당없음,600,600,0,99. 무응답,기타,증도면,01. 정부/지자체,신안군 축제 운영 및 지원 조례,신안군,증도면 총무팀,주무관,김미순,,
917,14. 전남,신안군,섬 낙지축제,05. 지역특산물,송공항(전남 신안군 압해읍 송공리 873),03. 수변형,14. 전남,신안군,압해읍,2026,5,22,2026,5,23,2,,01. 매년,2016,52,0,52,0,해당없음,"2,000","2,000",0,99. 무응답,기타,해양수산과,01. 정부/지자체,신안군 축제 운영 및 지원 조례,신안군,해양수산과,주무관,김세진,061-240-8588,
918,14. 전남,신안군,섬 병어축제,05. 지역특산물,젓갈타운(전남 신안군 지도읍 읍내리 350-8),03. 수변형,14. 전남,신안군,지도읍,2026,6,12,2026,6,13,2,,01. 매년,2016,52,0,52,0,해당없음,"2,000","2,000",0,99. 무응답,기타,해양수산과,01. 정부/지자체,신안군 축제 운영 및 지원 조례,신안군,해양수산과,주무관,김세진,061-240-8588,
919,14. 전남,신안군,섬 민어축제,05. 지역특산물,대광해수욕장(전남 신안군 임자면 대기리 2523-6),03. 수변형,14. 전남,신안군,임자면,2026,7,31,2026,8,1,2,,01. 매년,2009,52,0,52,0,해당없음,"1,500","1,500",0,99. 무응답,기타,해양수산과,01. 정부/지자체,신안군 축제 운영 및 지원 조례,신안군,해양수산과,주무관,김세진,061-240-8588,
920,14. 전남,신안군,섬 왕새우축제,05. 지역특산물,장목마을 일원(전남 신안군 팔금면 원산리 112-1),01. 마을형,14. 전남,신안군,팔금면,2026,10,17,2026,10,25,9,,01. 매년,2011,75,0,0,75,해당없음,"15,000","15,000",0,99. 무응답,기타,해양수산과,01. 정부/지자체,신안군 축제 운영 및 지원 조례,신안군,해양수산과,주무관,김세진,061-240-8588,
921,14. 전남,신안군,섬 새우젓축제,05. 지역특산물,젓갈타운(전남 신안군 지도읍 읍내리 350-8),03. 수변형,14. 전남,신안군,지도읍,2026,10,23,2026,10,24,2,,01. 매년,2013,47,0,0,47,해당없음,"2,400","2,400",0,99. 무응답,기타,해양수산과,01. 정부/지자체,신안군 축제 운영 및 지원 조례,신안군,해양수산과,주무관,김세진,061-240-8588,
922,14. 전남,여수시,제34회 여수영취산진달래축제,02. 자연생태,흥국사 산림공원 및 영취산 일원,02. 녹지형,14. 전남,여수시,삼일동,2026,3,28,2026,3,29,2,,01. 매년,1993,120,0,120,0,해당없음,"30,000","30,000",모름,99. 무응답,기타,여수영취산진달래축제추진위원회,04. 지자체 위원회,여수시 축제 운영 및 지원 조례,여수시청,문화예술과,주무관,장규현,061-659-4744,
923,14. 전남,여수시,제60회 여수거북선축제,04. 전통역사,이순신광장 및 중앙동 일원,02. 녹지형,14. 전남,여수시,중앙동,2026,5,1,2026,5,3,3,,01. 매년,1967,800,0,800,0,해당없음,"220,000","220,000",모름,99. 무응답,기타,여수거북선축제추진위원회,04. 지자체 위원회,여수시 축제 운영 및 지원 조례,여수시청,문화예술과,주무관,서혜민,061-659-4743,
924,14. 전남,여수시,제24회 거문도백도은빛바다체험행사,02. 자연생태,삼산면 거문도 일원,03. 수변형,14. 전남,여수시,삼산면,2026,7,31,2026,8,1,2,,01. 매년,2001,50,0,50,0,해당없음,"1,900","1,900",모름,99. 무응답,기타,거문도백도은빛바다체험행사추진위원회,04. 지자체 위원회,여수시 축제 운영 및 지원 조례,여수시청,문화예술과,주무관,박영준,061-659-4742,
925,14. 전남,여수시,제17회 여수여자만갯벌노을체험행사,02. 자연생태,소라면 장척마을 일원,01. 마을형,14. 전남,여수시,소라면,2026,9,12,2026,9,13,2,,01. 매년,2009,70,0,70,0,해당없음,"6,500","6,500",모름,99. 무응답,기타,여수여자만갯벌노을체험행사추진위원회,04. 지자체 위원회,여수시 축제 운영 및 지원 조례,여수시청,문화예술과,주무관,장규현,061-659-4744,
926,14. 전남,여수시,"2026 여수 섬 음식 축제
(여수섬슐랭페스타 명칭 변경)",01. 문화예술,여수세계박람회장 엑스포디지털갤러리(EDG),04. 독립형,14. 전남,여수시,만덕동,2026,10,9,2026,10,11,3,,01. 매년,2025,300,0,300,0,해당없음,"13,200","13,200",모름,99. 무응답,기타,여수시 문화예술과,01. 정부/지자체,-,여수시청,문화예술과,주무관,서혜민,061-659-4743,
927,14. 전남,여수시,2026 여수동동북축제,03. 주민화합,용기공원 및 선소 일원,02. 녹지형,14. 전남,여수시,쌍봉동,2026,10,31,2026,11,1,2,,01. 매년,2018,350,0,350,0,해당없음,"95,000","95,000",모름,99. 무응답,기타,여수시 문화예술과,01. 정부/지자체,-,여수시청,문화예술과,주무관,장규현,061-659-4744,
928,14. 전남,여수시,제31회 여수향일암일출제,03. 주민화합,돌산읍 임포마을(향일암 일원),02. 녹지형,14. 전남,여수시,돌산읍,2026,12,31,2027,1,1,2,,01. 매년,1996,66,0,66,0,해당없음,"20,000","20,000",모름,99. 무응답,기타,여수향일암일출제추진위원회,04. 지자체 위원회,여수시 축제 운영 및 지원 조례,여수시청,문화예술과,주무관,서혜민,061-659-4743,
929,14. 전남,여수시,2027년 새해 분산일출(일몰)제,03. 주민화합,관내 일출(일몰) 명소-20개소,05. 기타,14. 전남,여수시,-,2026,12,31,2027,1,1,2,,01. 매년,미상,68,0,68,0,해당없음,"17,650","17,650",모름,99. 무응답,기타,각 읍·면·동별 분산일출제추진위원회,04. 지자체 위원회,여수시 축제 운영 및 지원 조례,여수시청,문화예술과,주무관,박영준,061-659-4742,
930,14. 전남,여수시,2026 청년거리문화한마당,03. 주민화합,관내 일원(4개소-미정),05. 기타,14. 전남,여수시,-,2026,,,2026,,,4,미정,01. 매년,2018,30,0,30,0,해당없음,"1,400","1,400",모름,99. 무응답,기타,청년거리문화한마당추진위원회(미선정),04. 지자체 위원회,여수시 축제 운영 및 지원 조례,여수시청,문화예술과,주무관,장규현,061-659-4744,
931,14. 전남,영광군,제12회 영광찰보리축제,02. 자연생태,군남면 지내들 돌탑공원,02. 녹지형,14. 전남,영광군,군남면,2026,5,,2026,5,,2,미정,01. 매년,2011,85,0,55,30,해당없음,"15,000","15,000",모름,01. 계측,유인,영광찰보리축제추진위원회,04. 지자체 위원회,영광군 축제발전 및 운영에 관한 조례,영광군,군남면,주무관,김형근,061)350-5951,
932,14. 전남,영광군,2026 영광법성포단오제,04. 전통역사,단오제전수교육관 일원,04. 독립형,14. 전남,영광군,법성면,2026,6,18,2026,6,21,4,,01. 매년,1600,584,0,434,150,해당없음,"115,836","115,836",모름,01. 계측,유인,법성포단오제보존회,05. 민간 협/단체,문화체육관광부 및 문화재청 소관 비영리법인 설립 및 감독에 관한 규칙,영광군,문화관광과,주무관,최윤성,061)350-5752,
933,14. 전남,영광군,제26회 영광불갑산상사화축제,02. 자연생태,불갑산관광지 일원,02. 녹지형,14. 전남,영광군,불갑면,2026,9,18,2026,9,27,10,,01. 매년,2001,654,0,600,54,해당없음,"386,406","386,406",모름,01. 계측,무인,상사화축제추진위원회,04. 지자체 위원회,영광군 축제발전 및 운영에 관한 조례,영광군,문화관광과,주무관,최윤성,061)350-5752,
934,14. 전남,영암군,2026 영암왕인문화축제,01. 문화예술,영암왕인박사 유적지 일원,04. 독립형,14. 전남,영암군,군서면,2026,4,4,2026,4,12,9,,01. 매년,1997,"1,760",0,"1,760",0,해당없음,"163,706","163,706",모름,01. 계측,무인,영암문화관광재단,02. 재단(관광/문화/예술),영암군 문화관광재단 설립 및 운영에 관한 조례,영암군청,관광과,주무관,박수아,061-470-2259,
935,14. 전남,영암군,월출산 국화축제,02. 자연생태,월출산기찬랜드,04. 독립형,14. 전남,영암군,영암읍,2026,10,30,2026,11,15,17,,01. 매년,2009,미확정,0,미확정,미확정,해당없음,"83,516","83,516",모름,01. 계측,무인,영암군,01. 정부/지자체,영암군 향토축제 운영 및 지원 등에 관한 조례,영암군청,관광과,주무관,박수아,061-470-2259,
936,14. 전남,영암군,마한문화축제,04. 전통역사,마한 문화 역사공원,02. 녹지형,14. 전남,영암군,시종면,2026,10,16,2026,10,17,2,,01. 매년,2015,150,0,150,0,해당없음,"2,000","2,000",모름,02. 추정,통신 데이터,영암문화관광재단,02. 재단(관광/문화/예술),영암군 문화관광재단 설립 및 운영에 관한 조례,영암군청,문화예술과,주무관,김태인,061-470-2294 ,
937,14. 전남,영암군,영암무화과축제,05. 지역특산물,삼호읍 일원,05. 기타,14. 전남,영암군,삼호읍,2026,9,,2026,,,,미정,01. 매년,1997,미확정,0,미확정,미확정,해당없음,미집계,미집계,미집계,03. 미집계,,영암군,01. 정부/지자체,영암군 향토축제 운영 및 지원 등에 관한 조례,영암군청,농업정책과,주무관,류세빈,061-470-2384,
938,14. 전남,완도군,2026 청산도 슬로걷기축제,02. 자연생태,청산면 일원,05. 기타,14. 전남,완도군,청산면,2026,4,1,2026,4,30,30,,01. 매년,2009,380,0,380,0,해당없음,"52,047","52,047",모름,99. 무응답,기타,청산슬로걷기축제추진위원회,04. 지자체 위원회,완도군 지역축제 육성ㆍ지원에 관한 조례,완도군청,관광실,주무관,박용선,061-550-5431,
939,14. 전남,완도군,2026 청정완도 가을 섬 여행,02. 자연생태,완도 해변공원 및 완도 해양치유센터 일원,02. 녹지형,14. 전남,완도군,"완도읍, 신지면",2026,10,,2026,10,,3,미정,01. 매년,2015,500,0,500,0,해당없음,"18,581","18,581",모름,99. 무응답,기타,청정완도가을섬여행추진위원회,04. 지자체 위원회,완도군 지역축제 육성ㆍ지원에 관한 조례,완도군청,관광실,주무관,박용선,061-550-5431,
940,14. 전남,장성군,제25회 장성 황룡깅 길동무 꽃길 축제,02. 자연생태,장성읍 황룡강 일원,03. 수변형,14. 전남,장성군,장성읍,2026,5,23,2026,5,25,3,,01. 매년,1999,400,0,400,0,해당없음,"73,000","73,000",모름,01. 계측,무인,장성군축제위원회,04. 지자체 위원회,장성군 축제 운영 및 지원에 관한 조례,장성군청,관광과,주무관,조중훈,061-390-7252,
941,14. 전남,장성군,2026 장성 황룡강 가을꽃 축제,02. 자연생태,장성읍 황룡강 일원,03. 수변형,14. 전남,장성군,장성읍,2026,10,8,2026,10,11,4,,01. 매년,2015,800,0,800,0,해당없음,"400,000","400,000",모름,01. 계측,무인,장성군축제위원회,04. 지자체 위원회,장성군 축제 운영 및 지원에 관한 조례,장성군청,관광과,주무관,조중훈,061-390-7252,
942,14. 전남,장흥군,제19회 정남진 장흥 물축제,02. 자연생태,장흥군 장흥읍 탐진강 및 편백숲 우드랜드 일원,03. 수변형,14. 전남,장흥군,장흥읍,2026,7,25,2026,8,2,9,,01. 매년,2008,"2,600",0,"2,600",0,해당없음,"493,165","487,130","6,035",01. 계측,유인,재단법인 장흥축제관광재단,02. 재단(관광/문화/예술),장흥축제관광재단 설립 및 운영 지원에 관한 조례,장흥군,문화관광실,주무관,윤혜원,061-860-5771,
943,14. 전남,장흥군,2026년 장흥회령포이순신축제,04. 전통역사,회진항 물양장 및 회령진성,03. 수변형,14. 전남,장흥군,회진면,2026,9,,2026,10,,3,미정,01. 매년,2017,250,0,250,0,해당없음,"5,000","5,000",0,99. 무응답,기타,장흥회령포이순신축제 추진위원회,04. 지자체 위원회,장흥군 축제 발전 및 운영 조례,장흥군,문화관광실,주무관,문지은,061-860-5762,
944,14. 전남,장흥군,제23회 정남진 장흥 키조개축제,05. 지역특산물,장흥군 안양면 수문항 일원,03. 수변형,14. 전남,장흥군,안양면,2026,5,2,2026,5,5,4,,01. 매년,2004,72,0,50,22,해당없음,"6,400","6,400",모름,99. 무응답,기타,정남진장흥키조개축제추진위원회,04. 지자체 위원회,장흥군 축제 발전 및 운영조례,장흥군,해양수산과,주무관,박한음,061-860-5992,
945,14. 전남,장흥군,제15회 장평 명품호도축제,05. 지역특산물,장평체육공원 및 다목적회관(명품호도 전시관),02. 녹지형,14. 전남,장흥군,장평면,2026,10,1,2026,10,2,2,,01. 매년,2011,92,0,60,32,해당없음,850,800,50,99. 무응답,기타,장평면 명품호도축제 추진위원회,04. 지자체 위원회,장흥군 축제 발전 및 운영조례,장흥군,장평면,주무관,오수진,061-860-8387 ,
946,14. 전남,진도군,제46회 진도신비의바닷길축제,02. 자연생태,고군면 신비의바닷길 74,02. 녹지형,14. 전남,진도군,고군면,2026,4,17,2026,4,20,4,,01. 매년,1978,910,0,910,0,해당없음,"79,400","77,390","2,010",01. 계측,유인,진도군축제추진위원회,04. 지자체 위원회,진도군축제추진위원회 설치 및 운영조례,진도군청,관광과,주무관,이기복,061-540-3407,
947,14. 전남,진도군,2026보배섬유채꽃축제,02. 자연생태,조도면 관매도리 일원,05. 기타,14. 전남,진도군,조도면,2026,4,3,2026,4,20,18,,01. 매년,2024,88,0,88,0,해당없음,"2,705","2,705",모름,99. 무응답,기타,진도군,01. 정부/지자체,해당없음,진도군청,관광과,주무관,한승주,061-540-3404,
948,14. 전남,진도군,제10회 진도꽃게축제,05. 지역특산물,임회면 서망리 일원,05. 기타,14. 전남,진도군,임회면,2026,4,,2026,5,,3,미정,01. 매년,2010,250,0,100,150,해당없음,"32,412","32,412",모름,99. 무응답,기타,진도군수협,05. 민간 협/단체,해당없음,진도군청,수산지원과,주무관,조승현,061-540-3566,
949,14. 전남,진도군,2026대한민국진도개페스티벌,05. 지역특산물,진도읍 진도개테마파크 일원,04. 독립형,14. 전남,진도군,진도읍,2026,5,2,2026,5,3,2,,01. 매년,2012,200,0,200,0,해당없음,"13,000","13,000",모름,01. 계측,무인,진도군,01. 정부/지자체,해당없음,진도군청,진도개축산과,주무관,오대관,061-540-6312,
950,14. 전남,진도군,2026 진도 꽃양귀비(금영화)축제,02. 자연생태,진도읍 수유리(백조호수공원),02. 녹지형,14. 전남,진도군,진도읍,2026,5,,2026,6,,,미정,01. 매년,2025,20,0,20,0,해당없음,"3,000","3,000",모름,99. 무응답,기타,진도군,01. 정부/지자체,해당없음,진도군청,환경수질과,주무관,김성환,061-540-3704,
951,14. 전남,진도군,2026 진도운림수국축제,02. 자연생태,의신면 사천리(운림산림욕장),03. 수변형,14. 전남,진도군,의신면,2026,6,,2026,8,,,미정,01. 매년,2025,57,0,57,0,해당없음,"7,000","7,000",모름,99. 무응답,기타,진도군,01. 정부/지자체,해당없음,진도군청,산림휴양과,주무관,김민아,061-540-3772,
952,14. 전남,진도군,2026 진도 꽃무릇축제,02. 자연생태,의신면 사천리(운림산림욕장),03. 수변형,14. 전남,진도군,의신면,2026,9,,2026,10,,,미정,01. 매년,2025,15,0,15,0,해당없음,"4,000","4,000",모름,99. 무응답,기타,진도군,01. 정부/지자체,해당없음,진도군청,산림휴양과,주무관,김민아,061-540-3772,
953,14. 전남,진도군,2026 진도국제무형문화축전,01. 문화예술,진도읍 향토문화회관일원,01. 마을형,14. 전남,진도군,진도읍,2026,10,,2026,10,,3,미정,01. 매년,2012,120,0,120,0,해당없음,"19,730","19,600",130,99. 무응답,기타,진도군문화도시센터,05. 민간 협/단체,진도군 문화도시 조성 및 지원조례,진도군청,문화예술과,주무관,손지웅,061-540-3082,
954,14. 전남,진도군,2026 보배섬 국화축제,02. 자연생태,진도읍 진도개테마파크 일원,04. 독립형,14. 전남,진도군,진도읍,2026,10,,2026,11,,,미정,01. 매년,2024,"1,200",0,"1,200",0,해당없음,"120,100","120,000",100,99. 무응답,기타,진도군,01. 정부/지자체,해당없음,진도군청,농업기술센터,주무관,조예림,061-540-6155,
955,14. 전남,함평군,제28회 함평나비대축제,02. 자연생태,함평엑스포공원 일원,02. 녹지형,14. 전남,함평군,함평읍,2026,4,24,2026,5,5,12,,01. 매년,1999,"1,505",0,"1,505",0,해당없음,"224,098","224,098",모름,01. 계측,티켓판매,(재)함평축제관광재단,02. 재단(관광/문화/예술),함평축제관광재단 설립 및 운영 조례,함평군,관광정책실,주무관,유유미,061-320-2203,
956,14. 전남,함평군,2026 함평 물놀이 페스타,01. 문화예술,함평엑스포공원 물놀이장 일원,02. 녹지형,14. 전남,함평군,함평읍,2026,7,17,2026,8,16,31,,01. 매년,2025,300,0,300,0,해당없음,"22,936","22,936",모름,01. 계측,티켓판매,(재)함평축제관광재단,02. 재단(관광/문화/예술),함평축제관광재단 설립 및 운영 조례,함평군,관광정책실,주무관,유유미,061-320-2203,
957,14. 전남,함평군,제27회 함평모악산 꽃무릇축제,02. 자연생태,함평 해보면 용천사 꽃무릇공원 일원,02. 녹지형,14. 전남,함평군,해보면,2026,9,,2026,10,,7,미정,01. 매년,2000,300,0,300,0,해당없음,"23,087","23,087",0,99. 무응답,,(재)함평축제관광재단,02. 재단(관광/문화/예술),함평축제관광재단 설립 및 운영 조례,함평군,관광정책실,주무관,유유미,061-320-2203,방문자 수 재작년
958,14. 전남,함평군,2026 대한민국 국향대전,02. 자연생태,함평엑스포공원 일원,02. 녹지형,14. 전남,함평군,함평읍,2026,10,23,2026,11,8,17,,01. 매년,2004,"1,158",0,"1,158",0,해당없음,"177,000","177,000",모름,01. 계측,티켓판매,(재)함평축제관광재단,02. 재단(관광/문화/예술),함평축제관광재단 설립 및 운영 조례,함평군,관광정책실,주무관,유유미,061-320-2203,
959,14. 전남,함평군,2026 함평 겨울빛축제,01. 문화예술,함평엑스포공원 일원,02. 녹지형,14. 전남,함평군,함평읍,2026,11,,2027,1,,50,미정,01. 매년,2024,500,0,500,0,해당없음,"150,000","150,000",모름,01. 계측,무인,(재)함평축제관광재단,02. 재단(관광/문화/예술),함평축제관광재단 설립 및 운영 조례,함평군,관광정책실,주무관,유유미,061-320-2203,
960,14. 전남,해남군,달마고도 힐링축제,02. 자연생태,송지면 달마고도 일원,02. 녹지형,14. 전남,해남군,송지면,2026,3,28,2026,3,29,2,,01. 매년,2018,80,0,80,0,해당없음,"7,000","7,000",모름,01. 계측,무인,해남군,01. 정부/지자체,해남군 축제육성 및 지원조례,해남군,관광실,주무관,서현수,061-530-5159,
961,14. 전남,해남군,흑석산 소풍힐링축제,02. 자연생태,계곡면 가학리 1 일원,05. 기타,14. 전남,해남군,계곡면,2026,4,,2026,4,,2,미정,01. 매년,2021,20,0,20,0,해당없음,"1,000","1,000",모름,99. 무응답,,계곡면 축제추진위원회,04. 지자체 위원회,해남군 축제육성 및 지원조례,해남군,관광실,주무관,서현수,061-530-5159,
962,14. 전남,해남군,두륜산 왕벚꽃나무 막걸리축제,05. 지역특산물,삼산면 대흥사 일원,04. 독립형,14. 전남,해남군,삼산면,2026,4,,2026,4,,2,미정,01. 매년,2025,10,0,10,0,해당없음,"1,000","1,000",모름,99. 무응답,,삼산면 주민자치회,05. 민간 협/단체,해남군 축제육성 및 지원조례,해남군,관광실,주무관,서현수,061-530-5159,
963,14. 전남,해남군,해남 공룡대축제,01. 문화예술,황산면 공룡박물관 일원,04. 독립형,14. 전남,해남군,황산면,2026,5,2,2026,5,5,4,,01. 매년,2023,600,0,600,0,해당없음,"135,000","135,000",모름,01. 계측,무인,해남군,01. 정부/지자체,해남군 축제육성 및 지원조례,해남군,관광실,주무관,조연수,061-530-5158,
964,14. 전남,해남군,옥천 무궁화축제,04. 전통역사,옥천면 무궁화주차장 일원,03. 수변형,14. 전남,해남군,옥천면,2026,7,,2026,7,,2,미정,01. 매년,2018,15,0,15,0,해당없음,500,500,모름,99. 무응답,,옥천면 무궁화꽃축제추진위원회,04. 지자체 위원회,해남군 축제육성 및 지원조례,해남군,관광실,주무관,서현수,061-530-5159,
965,14. 전남,해남군,명량대첩축제,04. 전통역사,울돌목 일원,03. 수변형,14. 전남,해남군,문내면,2026,9,11,2026,9,13,3,,01. 매년,2008,700,0,700,0,해당없음,"150,000","150,000",모름,01. 계측,무인,해남군,01. 정부/지자체,해남군 축제육성 및 지원조례,해남군,관광실,주무관,조연수,061-530-5158,
966,14. 전남,해남군,해남 캠핑관광박람회,01. 문화예술,오시아노 관광단지 일원,04. 독립형,14. 전남,해남군,화원면,2026,10,9,2026,10,11,3,,01. 매년,2022,450,0,450,0,해당없음,"35,000","35,000",모름,01. 계측,무인,해남군,01. 정부/지자체,해남군 축제육성 및 지원조례,해남군,관광실,주무관,김태형,061-530-5919,
967,14. 전남,해남군,해남 미남축제,05. 지역특산물,삼산면 두륜산도립공원 일원,02. 녹지형,14. 전남,해남군,삼산면,2026,10,30,2026,11,1,3,,01. 매년,2019,860,0,860,0,해당없음,"243,000","243,000",모름,99. 무응답,,해남군 축제추진위원회,04. 지자체 위원회,해남군 축제육성 및 지원조례,해남군,관광실,주무관,조연수,061-530-5158,
968,14. 전남,해남군,땅끝해남 해넘이해맞이 축제,02. 자연생태,송지면 땅끝 관광지 일원,01. 마을형,14. 전남,해남군,송지면,2026,12,31,2027,1,1,2,,01. 매년,1995,130,0,130,0,해당없음,"20,000","20,000",모름,01. 계측,무인,해남군,01. 정부/지자체,해남군 축제육성 및 지원조례,해남군,관광실,주무관,조연수,061-530-5158,
969,14. 전남,화순군,2026 화순 봄꽃 축제,02. 자연생태,남산공원 및 꽃강길 일원,02. 녹지형,14. 전남,화순군,화순읍,2026,4,17,2026,4,26,10,,01. 매년,2025,900,0,900,0,해당없음,"306,000","306,000",모름,01. 계측,유인,관광체육실 축제기획팀,01. 정부/지자체,화순군 행정기구 설치조례,화순군청,관광체육실,주무관,이소연,061-379-3575,
970,14. 전남,화순군,2026 화순 고인돌 가을꽃 축제,04. 전통역사,고인돌 유적지 일원,04. 독립형,14. 전남,화순군,"도곡면, 춘양면",2026,10,,2026,11,,,미정,01. 매년,2023,"1,490",0,"1,490",0,해당없음,"710,000","710,000",모름,01. 계측,무인,관광체육실 축제기획팀,01. 정부/지자체,화순군 행정기구 설치조례,화순군청,관광체육실,주무관,이소연,061-379-3575,
971,14. 전남,화순군,제18회 화학산 철쭉제,02. 자연생태,화학산,02. 녹지형,14. 전남,화순군,청풍면,2026,5,,2026,5,,,미정,01. 매년,2008,25,0,20,5,해당없음,800,800,모름,01. 계측,유인,청풍면 청년회,05. 민간 협/단체,화순군 축제발전 및 운영에 관한 조례,화순군청,관광체육실,주무관,이은성,061-379-3577,
972,14. 전남,화순군,제29회 백아산 철쭉제,02. 자연생태,백아산,02. 녹지형,14. 전남,화순군,백아면,2026,5,,2026,5,,,미정,01. 매년,1999,25,0,20,5,해당없음,"1,000","1,000",모름,01. 계측,유인,백아면 청년회,05. 민간 협/단체,화순군 축제발전 및 운영에 관한 조례,화순군청,관광체육실,주무관,이은성,061-379-3577,
973,14. 전남,화순군,제27회 화순운주문화축제,03. 주민화합,운주사,04. 독립형,14. 전남,화순군,도암면,2026,10,,2026,11,,,미정,01. 매년,1996,70,0,70,0,해당없음,"5,000","5,000",모름,01. 계측,유인,(재)화순군문화관광재단,02. 재단(관광/문화/예술),화순군 문화관광재단 설립 및 운영에 관한 조례,(재)화순군문화관광재단,(재)화순군문화관광재단,주임,이효준,070-8839-6141,
974,14. 전남,화순군,제39회 화순적벽문화축제,03. 주민화합,이서커뮤니티센터,04. 독립형,14. 전남,화순군,이서면,2026,10,,2026,11,,,미정,01. 매년,1975,50,0,50,0,해당없음,"5,000","5,000",모름,01. 계측,유인,(재)화순군문화관광재단,02. 재단(관광/문화/예술),화순군 문화관광재단 설립 및 운영에 관한 조례,(재)화순군문화관광재단,(재)화순군문화관광재단,대리,김미희,061-373-5482,
975,14. 전남,화순군,2026 남산공원 로컬힙 프로젝트,03. 주민화합,남산공원,02. 녹지형,14. 전남,화순군,화순읍,2026,4,,2026,11,,,미정,01. 매년,2025,70,0,70,0,해당없음,"10,000","10,000",모름,01. 계측,유인,(재)화순군문화관광재단,02. 재단(관광/문화/예술),화순군 문화관광재단 설립 및 운영에 관한 조례,(재)화순군문화관광재단,(재)화순군문화관광재단,차장,임지연,070-8839-6142,
976,14. 전남,화순군,제1회 동복 숲정이 봄꽃 축제,02. 자연생태,연둔리 숲정이,02. 녹지형,14. 전남,화순군,동복면,2026,4,,2026,4,,,미정,04. 최초,2026,18,0,15,3,해당없음,최초 개최,최초 개최,최초 개최,04. 기타,최초 개최,동복면 번영회,05. 민간 협/단체,화순군 축제발전 및 운영에 관한 조례,화순군청,관광체육실,주무관,이은성,061-379-3577,
977,14. 전남,화순군,2026 미리미리 크리스마스,03. 주민화합,남산공원,02. 녹지형,14. 전남,화순군,화순읍,2026,11,,2026,11,,,미정,01. 매년,2024,200,0,200,0,해당없음,"31,000","31,000",모름,01. 계측,유인,(재)화순군문화관광재단,02. 재단(관광/문화/예술),화순군 문화관광재단 설립 및 운영에 관한 조례,(재)화순군문화관광재단,(재)화순군문화관광재단,차장,장경희,070-8839-6145,
978,15. 경북,포항시,포항캠핑페스타,01. 문화예술,영일대해수욕장 일원,03. 수변형,15. 경북,포항시,두호동,2026,5,,2026,5,,2,미정,01. 매년,2022,180,54,126,0,무응답,"15,000","15,000",0,99. 무응답,기타,㈜대구일보사,06. 민간 사업체,신문 등의 진흥에 관한 법률,포항시,관광산업과,주무관,함수정,054-270-2246,
979,15. 경북,포항시,포항철길숲야행축제,01. 문화예술,포항철길숲 일원,02. 녹지형,15. 경북,포항시,대이동,2026,6,,2026,6,,2,미정,01. 매년,2022,246,0,246,0,해당없음,"80,000","80,000",0,99. 무응답,기타,포항시 관광산업과,01. 정부/지자체,,포항시,관광산업과,주무관,함수정,054-270-2246,
980,15. 경북,포항시,포항 SUMMER 워터퐝 페스티벌,03. 주민화합,영일대 해상누각 광장,04. 독립형,15. 경북,포항시,두호동,2026,7,,2026,7,,2,미정,01. 매년,2025,209,34,175,0,무응답,"20,000","20,000",0,99. 무응답,기타,경북매일신문,06. 민간 사업체,,포항시,관광산업과,주무관,김나연,054-270-2247,
981,15. 경북,포항시,송도비치 레트로 페스티벌,03. 주민화합,송도해수욕장 일원,03. 수변형,15. 경북,포항시,송도동,2026,8,,2026,8,,2,미정,01. 매년,2023,200,60,140,0,무응답,"20,000","20,000",0,99. 무응답,기타,(주)영남일보,06. 민간 사업체,,포항시,관광산업과,주무관,허남주,054-270-2248,
982,15. 경북,포항시,포항국제불빛축제,01. 문화예술,영일대해수욕장 일원,03. 수변형,15. 경북,포항시,두호동,2026,11,,2026,11,,3,미정,01. 매년,2004,"1,895",55,"1,840",0,무응답,미집계,미집계,미집계,03. 미집계,,포항문화재단,02. 재단(관광/문화/예술),포항문화재단 설립 및 운영에 관련 조례,포항시,관광산업과,주무관,김한민,054-270-2243,
983,15. 경북,포항시,포항 낙화의 밤,01. 문화예술,포항시 일원,03. 수변형,15. 경북,포항시,-,2026,10,,2026,10,,2,미정,04. 최초,2026,200,0,200,0,해당없음,최초 개최,최초 개최,최초 개최,04. 기타,최초 개최,포항시,01. 정부/지자체,,포항시,관광산업과,주무관,김한민,054-270-2243,
984,15. 경북,포항시,포항해병대문화축제,03. 주민화합,오천읍 일원,03. 수변형,15. 경북,포항시,오천읍,2026,10,,2026,10,,2,미정,01. 매년,2017,500,145,355,0,무응답,"60,000","60,000",0,99. 무응답,기타,포항시 관광산업과,01. 정부/지자체,,포항시,관광산업과,주무관,함수정,054-270-2246,
985,15. 경북,포항시,호미곶한민족해맞이축전,01. 문화예술,호미곶해맞이광장,02. 녹지형,15. 경북,포항시,호미곶면,2026,12,31,2027,1,1,2,,01. 매년,1999,365,34,331,0,무응답,"50,000","50,000",0,99. 무응답,기타,포항문화재단,02. 재단(관광/문화/예술),포항문화재단 설립 및 운영에 관련 조례,포항시,관광산업과,주무관,함수정,054-270-2246,
986,15. 경북,포항시,2026 포항 수제맥주페스티벌,03. 주민화합,미정,06. 미정,15. 경북,포항시,-,2026,9,18,2026,9,19,2,,01. 매년,2024,180,0,180,0,해당없음,"9,000","9,000",0,99. 무응답,기타,포항시,01. 정부/지자체,,포항시,경제노동정책과,주무관,임현우,054-270-2413,
987,15. 경북,포항시,2026년 영일만친구 야시장,03. 주민화합,포항 중앙상가 일원,01. 마을형,15. 경북,포항시,중앙동,2026,8,,2026,9,,,미정,01. 매년,2019,60,0,60,0,해당없음,"8,000","8,000",0,99. 무응답,기타,포항시,01. 정부/지자체,,포항시,경제노동정책과,주무관,백강현,054-270-2435,
988,15. 경북,포항시,호미반도 유채꽃 개장식,02. 자연생태,호미곶 해맞이광장 행사장,02. 녹지형,15. 경북,포항시,호미곶면,2026,3,28,2026,3,29,2,,01. 매년,2019,30,0,30,0,해당없음,"100,000","95,000","5,000",01. 계측,무인,포항시,01. 정부/지자체,,포항시,농촌활력과,주무관,이미예,054-270-3953,
989,15. 경북,포항시,맛으로 보는 경관 푸드 페스티벌,05. 지역특산물,호미곶 해맞이광장 행사장,02. 녹지형,15. 경북,포항시,호미곶면,2026,9,5,2026,9,7,3,,01. 매년,2025,30,0,30,0,해당없음,"2,000","1,900",100,01. 계측,무인,포항시,01. 정부/지자체,,포항시,농촌활력과,주무관,이미예,054-270-3953,
990,15. 경북,포항시,포은문화축제,03. 주민화합,오천읍 냉천수변공원,03. 수변형,15. 경북,포항시,오천읍,2026,10,17,2026,10,18,2,,01. 매년,2011,40,12,28,0,무응답,"9,000","9,000",0,01. 계측,유인,오천청년회,05. 민간 협/단체,,포항시,문화예술과,주무관,심인혜,054-270-2264,
991,15. 경북,포항시,부조장터 문화축제,01. 문화예술,신부조장터공원,02. 녹지형,15. 경북,포항시,연일읍,2026,10,17,2026,10,18,2,,01. 매년,2008,80,24,56,0,무응답,"9,000","9,000",0,01. 계측,유인,연일향토청년회,05. 민간 협/단체,,포항시,문화예술과,주무관,심인혜,054-270-2264,
992,15. 경북,포항시,연오랑세오녀 축제,03. 주민화합,"연오랑세오녀테마파크, 동해면민운동장 ",04. 독립형,15. 경북,포항시,동해면,2026,10,17,2026,10,18,2,,01. 매년,2010,23,7,16,0,무응답,800,800,0,01. 계측,유인,동해면 문화체육회,05. 민간 협/단체,,포항시,문화예술과,주무관,심인혜,054-270-2264,
993,15. 경북,포항시,포항칠포재즈페스티벌,01. 문화예술,칠포해수욕장 상설공연장,04. 독립형,15. 경북,포항시,흥해읍,2026,6,13,2026,6,14,2,,01. 매년,2007,623,267,356,0,무응답,"6,000","6,000",0,01. 계측,티켓판매,칠포재즈운영위원회,04. 지자체 위원회,,포항시,문화예술과,주무관,김희현,054-270-2873,
994,15. 경북,포항시,2026 포항 벤토나이트 축제,05. 지역특산물,영일대 해수욕장 해상누각 앞 일원,03. 수변형,15. 경북,포항시,두호동,2026,7,24,2026,7,25,2,,01. 매년,2018,140,40,100,0,무응답,900,900,0,01. 계측,유인,일간대구신문㈜,06. 민간 사업체,신문 등의 진흥에 관한 법률,포항시,바이오미래산업과,주무관,김소정,054-270-3144,
995,15. 경북,포항시,포항 구룡포 대게 축제,05. 지역특산물,구룡포아라광장,02. 녹지형,15. 경북,포항시,구룡포읍,2026,3,,2026,3,,3,미정,01. 매년,2019,66,33,33,0,무응답,미집계,미집계,미집계,03. 미집계,,구룡포수산업협동조합,05. 민간 협/단체,,포항시,수산정책과,수산9급,정광희,054-270-2854,
996,15. 경북,포항시,포항 호미곶 돌문어 축제,05. 지역특산물,호미곶새천년광장,02. 녹지형,15. 경북,포항시,호미곶면,2026,4,,2026,4,,2,미정,01. 매년,2012,15,0,15,0,해당없음,"1,000","1,000",0,99. 무응답,기타,호미곶돌문어축제추진위원회,04. 지자체 위원회,,포항시,수산정책과,수산9급,정광희,054-270-2854,
997,15. 경북,포항시,포항 영일만 검은돌장어 축제,05. 지역특산물,동해면 도구해수욕장 또는 영일대특설행사장,03. 수변형,15. 경북,포항시,동해면,2026,7,,2026,7,,3,미정,01. 매년,2014,20,0,20,0,해당없음,"1,000","1,000",0,99. 무응답,기타,경북매일신문,06. 민간 사업체,,포항시,수산정책과,수산9급,정광희,054-270-2854,
998,15. 경북,포항시,포항 구룡포 과메기 축제,05. 지역특산물,구룡포아라광장,02. 녹지형,15. 경북,포항시,구룡포읍,2026,11,,2026,11,,2,미정,01. 매년,1998,32,0,32,0,해당없음,"2,000","2,000",0,99. 무응답,기타,포항구룡포과메기협동조합,05. 민간 협/단체,,포항시,수산정책과,수산9급,정광희,054-270-2854,
999,15. 경북,포항시,2026 포항독서대전,01. 문화예술,포항시립포은중앙도서관,04. 독립형,15. 경북,포항시,중앙동,2026,9,12,2026,9,13,2,,01. 매년,2025,104,0,104,0,해당없음,"10,000","10,000",0,99. 무응답,기타,포항시 시립도서관,01. 정부/지자체,도서관법 제29조(공공도서관의 설치 등),포항시,시립도서관,주무관,이예민,054-270-4612,
1000,15. 경북,포항시,제14회 포항맛앤락페스티벌,01. 문화예술,영일대 해상누각 일원,04. 독립형,15. 경북,포항시,두호동,2026,10,16,2026,10,17,2,,01. 매년,2013,54,0,54,0,해당없음,"1,000",950,50,02. 추정,주차면수,포항시,01. 정부/지자체,,포항시,식품산업과,주무관,이무헌,054-270-3273,
1001,15. 경북,포항시,호미반도 국수 맛 기행,01. 문화예술,구룡포 아라광장 일원,02. 녹지형,15. 경북,포항시,구룡포읍,2026,10,2,2026,10,4,3,,04. 최초,2026,400,100,300,0,무응답,최초 개최,최초 개최,최초 개최,04. 기타,최초 개최,포항시,01. 정부/지자체,,포항시,식품산업과,주무관,임지수,054-270-3274,
1002,15. 경북,포항시,치맥 페스티벌,03. 주민화합,미정,06. 미정,15. 경북,포항시,-,2026,8,7,2026,8,8,2,,03. 일회성,2025,76,0,76,0,해당없음,"1,000",800,200,02. 추정,주차면수,포항시,01. 정부/지자체,,포항시,식품산업과,팀장,윤동규,054-270-3272,
1003,15. 경북,경주시,2026 경주대릉원돌담길,02. 자연생태,경주 대릉원돌담길,01. 마을형,15. 경북,경주시,-,2026,3,,2026,4,,3,미정,01. 매년,2017,290,0,290,0,해당없음,"140,000","140,000",0,01. 계측,무인,경주문화재단,02. 재단(관광/문화/예술),경주문화재단 설립 및 지원 조례,경주시,관광컨벤션과,주무관,오신영,054-779-6078,
1004,15. 경북,경주시,윈터포차라이트,03. 주민화합,경주문화관 1918 앞 광장,04. 독립형,15. 경북,경주시,-,2026,11,,2026,11,,3,미정,01. 매년,2024,150,0,150,0,해당없음,"16,000","16,000",0,99. 무응답,기타,경주화백컨벤션뷰로,02. 재단(관광/문화/예술),경주화백컨벤션뷰로 설립 및 지원에 관한 조례,경주시,관광컨벤션과,주무관,오신영,054-779-6078,
1005,15. 경북,김천시,2026 김천김밥축제,01. 문화예술,"사명대사공원, 직지문화공원 일원",02. 녹지형,15. 경북,김천시,대항면,2026,10,23,2026,10,25,3,,01. 매년,2024,677,0,677,0,해당없음,"150,000","150,000",0,02. 추정,통신 데이터,김천시,01. 정부/지자체,,김천시,관광마케팅과,주무관,안유희,054-420-6714,
1006,15. 경북,김천시,2026 연화지 벚꽃 축제,02. 자연생태,연화지 일원,03. 수변형,15. 경북,김천시,대신동,2026,4,1,2026,4,10,10,,01. 매년,2025,170,0,170,0,해당없음,"250,000","250,000",0,02. 추정,통신 데이터,김천시,01. 정부/지자체,,김천시,관광마케팅과,주무관,정현정,054-420-6547,
1007,15. 경북,김천시,2026 김천 전국 그래피티 페스타,01. 문화예술,감천 백사장 맨발걷기길,03. 수변형,15. 경북,김천시,지좌동,2026,6,13,2026,6,14,2,,04. 최초,2026,200,0,200,0,해당없음,최초 개최,최초 개최,최초 개최,04. 기타,최초 개최,김천시,01. 정부/지자체,,김천시,관광정책팀,주무관,류유,054-420-6633,
1008,15. 경북,김천시,제 15회 농촌체험페스티벌,05. 지역특산물,농업기술센터,04. 독립형,15. 경북,김천시,구성면,2026,9,,2026,9,,2,미정,01. 매년,2010,80,0,80,0,해당없음,"20,000","20,000",0,01. 계측,유인,김천시,01. 정부/지자체,,김천시,농촌지원과,주무관,장혜리,054-421-2553,
1009,15. 경북,김천시,2026 김천포도축제,05. 지역특산물,김천종합스포츠 타운,03. 수변형,15. 경북,김천시,대신동,2026,8,21,2026,8,23,3,,01. 매년,1998,650,0,650,0,해당없음,"80,000","80,000",0,99. 무응답,기타,김천시,01. 정부/지자체,,김천시,농식품유통과,주무관,최은옥,054-421-2532,
1010,15. 경북,김천시,한여름밤의 김천 페스타,01. 문화예술,율곡동 일원,05. 기타,15. 경북,김천시,율곡동,2026,8,21,2026,8,22,2,,04. 최초,2026,30,0,30,0,해당없음,최초 개최,최초 개최,최초 개최,04. 기타,최초 개최,김천시,01. 정부/지자체,,김천시,농식품유통과,주무관,장세정,054-421-2544,
1011,15. 경북,안동시,2026년 안동벚꽃축제,02. 자연생태,축제장길 200 일원,01. 마을형,15. 경북,안동시,중구동,2026,4,1,2026,4,5,5,,01. 매년,2008,150,0,150,0,해당없음,"200,000","200,000",0,99. 무응답,기타,(재)한국정신문화재단,02. 재단(관광/문화/예술),안동시 한국정신문화재단 설립 및 지원 조례,안동시,관광정책과,주무관,김익현,054-840-5511,
1012,15. 경북,안동시,2026년 차전장군노국공주축제,04. 전통역사,경동로 684 일원,05. 기타,15. 경북,안동시,중구동,2026,5,1,2026,5,5,5,,01. 매년,1968,"1,200",0,"1,200",0,해당없음,"250,000","250,000",0,99. 무응답,기타,안동문화원,02. 재단(관광/문화/예술),지방문화원진흥법,안동시,문화예술과,주무관,김준호,054-840-5220,
1013,15. 경북,안동시,2026년 안동수(水)페스타,03. 주민화합,정하동 635 일원,05. 기타,15. 경북,안동시,강남동,2026,7,25,2026,8,2,9,,01. 매년,2024,800,80,720,0,무응답,"186,000","186,000",0,99. 무응답,기타,(재)한국정신문화재단,02. 재단(관광/문화/예술),안동시 한국정신문화재단 설립 및 지원 조례,안동시,관광정책과,주무관,이현영,054-840-5514,
1014,15. 경북,안동시,2026년 안동국제탈춤페스티벌,04. 전통역사,축제장길 200 일원,01. 마을형,15. 경북,안동시,중구동,2026,9,25,2026,10,4,10,,01. 매년,1997,"2,000","1,160",840,0,무응답,"1,600,000","1,600,000",0,99. 무응답,기타,(재)한국정신문화재단,02. 재단(관광/문화/예술),안동시 한국정신문화재단 설립 및 지원 조례,안동시,관광정책과,주무관,김익현,054-840-5511,
1015,15. 경북,안동시,2026년 안동암산얼음축제,02. 자연생태,암산 안전체험 유원지 일원,02. 녹지형,15. 경북,안동시,남후면,2026,1,17,2026,1,25,9,,01. 매년,2009,150,0,150,0,해당없음,"297,000","297,000",0,99. 무응답,기타,(재)한국정신문화재단,02. 재단(관광/문화/예술),안동시 한국정신문화재단 설립 및 지원 조례,안동시,관광정책과,주무관,김익현,054-840-5511,
1016,15. 경북,안동시,2026 안동국가유산 야행사업(월영야행),04. 전통역사,월영교 일원,03. 수변형,15. 경북,안동시,용상동,2026,7,31,2026,8,9,10,,01. 매년,2017,530,32,499,0,국가유산청,"280,000","280,000",0,99. 무응답,기타,(재)한국정신문화재단,02. 재단(관광/문화/예술),안동시 한국정신문화재단 설립 및 지원 조례,안동시,문화유산과,주무관,임혜은,054-840-5238,
1017,15. 경북,안동시,2026 하회선유줄불놀이,04. 전통역사,하회마을 일원,01. 마을형,15. 경북,안동시,풍천면,2026,,,2026,,,,미정,01. 매년,1997,150,45,105,0,문화체육관광부,"30,000","30,000",0,99. 무응답,기타,(사)안동하회마을보존회,05. 민간 협/단체,안동시 하회마을 보전협의체 설치·운영 및 지원 조례,안동시,문화유산과,주무관,최은아,054-840-5231,
1018,15. 경북,구미시,구미국제조각페스티벌,01. 문화예술,다온숲 일원,02. 녹지형,15. 경북,구미시,양포동,2026,7,4,2026,7,5,2,,04. 최초,2026,500,0,500,0,해당없음,최초 개최,최초 개최,최초 개최,04. 기타,최초 개최,구미시,01. 정부/지자체,,구미시,문화예술과,주무관,박다인,054-480-6612,
1019,15. 경북,구미시,금오예술제,01. 문화예술,금오산 분수광장,02. 녹지형,15. 경북,구미시,선주원남동,2026,9,18,2026,9,20,3,,01. 매년,2014,240,25,215,0,무응답,"8,000","8,000",0,99. 무응답,기타,(사)한국예총 구미지회,05. 민간 협/단체,,구미시,문화예술과,주무관,박다인,054-480-6612,
1020,15. 경북,구미시,2026년 구미 일선정품 한마당 대잔치,05. 지역특산물,선산 복개천 일원(예정),03. 수변형,15. 경북,구미시,선산읍,2026,10,1,2026,10,2,2,,01. 매년,2025,80,0,80,0,해당없음,미집계,미집계,미집계,03. 미집계,,구미시,01. 정부/지자체,"지역농산물 이용촉진 등 농산물 직거래 활성화에 관한 법률,
구미시 농산물 이용촉진 등 농산물 직거래 활성화에 관한 조례",구미시,농식품산업과,주무관,김이영,054-480-5912,
1021,15. 경북,구미시,2026 구미라면축제,01. 문화예술,구미역 일원,05. 기타,15. 경북,구미시,원평동,2026,11,6,2026,11,8,3,,01. 매년,2022,850,0,850,0,해당없음,"349,705","339,825","9,880",02. 추정,통신 데이터,구미시,01. 정부/지자체,,구미시,낭만관광과,주무관,신민우,054-480-2652,
1022,15. 경북,구미시,2027 구미시 새희망 카운트다운,03. 주민화합,동락공원 일원,02. 녹지형,15. 경북,구미시,진미동,2026,12,31,2027,1,1,2,,01. 매년,2003,미확정,0,미확정,미확정,해당없음,"15,000","15,000",0,99. 무응답,기타,구미시,01. 정부/지자체,,구미시,총무과,주무관,이용석,054-480-6753,
1023,15. 경북,구미시,2026 구미푸드&테크페스티벌,01. 문화예술,송정맛길 일원,01. 마을형,15. 경북,구미시,송정동,2026,,,2026,,,,미정,01. 매년,2022,596,346,250,0,무응답,"204,372","204,372",0,02. 추정,통신 데이터,구미시,01. 정부/지자체,,구미시,위생과,주무관,신동완,054-480-5593,
1024,15. 경북,구미시,반려동물문화축제,01. 문화예술,동락공원,02. 녹지형,15. 경북,구미시,-,2026,10,,2026,10,,,미정,01. 매년,2018,30,9,21,0,무응답,700,700,0,01. 계측,유인,구미시,01. 정부/지자체,,구미시,축산과,주무관,우용덕,054-480-5847,
1025,15. 경북,구미시,2026년 구미 달달한 낭만 야시장,03. 주민화합,"새마을중앙시장, 인동시장",01. 마을형,15. 경북,구미시,"원평동, 인동동",2026,4,24,2026,10,24,12,기간 중 12회,01. 매년,2024,280,0,280,0,해당없음,"147,530","147,530",0,02. 추정,통신 데이터,구미시,01. 정부/지자체,전통시장 및 상점가 육성에 관한 특별법,구미시,일자리경제과,주무관,박지연,054-480-2633,
1026,15. 경북,구미시,고향시장행복어울림마당(새마을중앙시장),01. 문화예술,새마을중앙시장,01. 마을형,15. 경북,구미시,원평동,2026,9,,2026,9,,2,미정,01. 매년,2025,20,6,14,0,무응답,"1,000","1,000",0,99. 무응답,기타,새마을중앙시장 상인연합회,05. 민간 협/단체,전통시장 및 상점가 육성에 관한 특별법,구미시,일자리경제과,주무관,박지연,054-480-2633,
1027,15. 경북,구미시,고향시장행복어울림마당(형곡중앙시장),01. 문화예술,형곡중앙시장,01. 마을형,15. 경북,구미시,형곡동,2026,9,,2026,9,,2,미정,04. 최초,2026,20,6,14,0,무응답,최초 개최,최초 개최,최초 개최,04. 기타,최초 개최,형곡중앙시장 상인회,05. 민간 협/단체,전통시장 및 상점가 육성에 관한 특별법,구미시,일자리경제과,주무관,박지연,054-480-2633,
1028,15. 경북,구미시,고향시장행복어울림마당(선산봉황시장),01. 문화예술,선산봉황시장,02. 녹지형,15. 경북,구미시,선산읍,2026,9,,2026,9,,2,미정,01. 매년,2025,20,6,14,0,무응답,"1,000","1,000",0,99. 무응답,기타,선산봉황시장 상인회,05. 민간 협/단체,전통시장 및 상점가 육성에 관한 특별법,구미시,일자리경제과,주무관,박지연,054-480-2633,
1029,15. 경북,구미시,고향시장행복어울림마당(인동시장),01. 문화예술,인동시장,01. 마을형,15. 경북,구미시,인동동,2026,9,,2026,9,,2,미정,01. 매년,2025,20,0,20,0,해당없음,"1,000","1,000",0,99. 무응답,기타,인동시장 상인회,05. 민간 협/단체,전통시장 및 상점가 육성에 관한 특별법,구미시,일자리경제과,주무관,박지연,054-480-2633,
1030,15. 경북,구미시,문화로 상권활성화 축제,01. 문화예술,문화로 자율상권구역 일원,05. 기타,15. 경북,구미시,원평동,2026,10,,2026,10,,3,미정,04. 최초,2026,80,40,40,0,중소벤처기업부,최초 개최,최초 개최,최초 개최,04. 기타,최초 개최,구미시문화로자율상권조합,05. 민간 협/단체,"전통시장 및 상점가 육성에 관한 특별법
지역상권 상생 및 활성화에 관한 법률",구미시,일자리경제과,주무관,박민정,054-480-2622,
1031,15. 경북,영주시,영주 한국선비문화축제,01. 문화예술,"선비촌 일원(선비세상, 소수서원 등)",04. 독립형,15. 경북,영주시,순흥면,2026,5,,2026,5,,4,미정,01. 매년,2008,900,0,900,0,해당없음,"101,276","101,276",0,99. 무응답,기타,영주문화관광재단,02. 재단(관광/문화/예술),영주문화관광재단 설립 및 지원 조례,영주시,관광진흥과,주무관,장하윤,054-639-6612,
1032,15. 경북,영주시,영주 소백산철쭉제,02. 자연생태,소백산 일원,02. 녹지형,15. 경북,영주시,풍기읍,2026,5,,2026,5,,2,미정,01. 매년,1983,290,0,290,0,해당없음,"48,061","48,061",0,99. 무응답,기타,영주문화관광재단,02. 재단(관광/문화/예술),영주문화관광재단 설립 및 지원 조례,영주시,관광진흥과,주무관,장하윤,054-639-6612,
1033,15. 경북,영주시,영주 시원(ONE)페스타,03. 주민화합,문정둔치 일원,03. 수변형,15. 경북,영주시,가흥1동,2026,7,,2026,8,,3,미정,01. 매년,2023,600,0,600,0,해당없음,"57,553","57,553",0,99. 무응답,기타,영주문화관광재단,02. 재단(관광/문화/예술),영주문화관광재단 설립 및 지원 조례,영주시,관광진흥과,주무관,장하윤,054-639-6612,
1034,15. 경북,영주시,영주 무섬외나무다리축제,04. 전통역사,무섬마을 일원,01. 마을형,15. 경북,영주시,문수면,2026,10,,2026,10,,2,미정,01. 매년,2005,280,0,280,0,해당없음,"17,834","17,834",0,99. 무응답,기타,영주문화관광재단,02. 재단(관광/문화/예술),영주문화관광재단 설립 및 지원 조례,영주시,관광진흥과,주무관,조경식,054-639-6613,
1035,15. 경북,영주시,경북영주 풍기인삼축제,05. 지역특산물,풍기읍 남원천 및 인삼문화팝업공원 일원,02. 녹지형,15. 경북,영주시,풍기읍,2026,10,,2026,10,,9,미정,01. 매년,1998,"1,070",0,"1,070",0,해당없음,"497,419","497,419",0,99. 무응답,기타,영주풍기인삼축제조직위원회,04. 지자체 위원회,영주시 축제 육성 및 지원에 관한 조례,영주시,관광진흥과,주무관,장하윤,054-639-6612,
1036,15. 경북,영주시,영주장날 농특산물대축제,05. 지역특산물,미정,06. 미정,15. 경북,영주시,-,2026,11,,2026,11,,3,미정,01. 매년,2023,600,0,600,0,해당없음,"74,068","74,068",0,99. 무응답,기타,영주문화관광재단,02. 재단(관광/문화/예술),영주문화관광재단 설립 및 지원 조례,영주시,관광진흥과,주무관,황운경,054-639-6614,
1037,15. 경북,영천시,제24회 영천한약축제,05. 지역특산물,영천한의마을(예정),01. 마을형,15. 경북,영천시,화룡동,2026,,,2026,,,3,미정,01. 매년,2003,400,0,400,0,해당없음,"50,000","50,000",0,01. 계측,유인,영천한방산업발전협의회,05. 민간 협/단체,"경상북도 지역축제 지원 조례 제2조
영천시 농어업,농어촌 및 식품산업 지원에 관한 조례
제7조(농어업, 농어촌 및 식품산업 발전)",영천시,친환경농업과,주무관,윤병찬,054-339-7276,
1038,15. 경북,영천시,2026년 영천별빛한우 구이축제,05. 지역특산물,영천강변공원 일원,02. 녹지형,15. 경북,영천시,중앙동,2026,9,,2026,9,,2,미정,01. 매년,2020,35,0,35,0,해당없음,"40,000","40,000",0,01. 계측,유인,영천별빛한우사업단,05. 민간 협/단체,축산농협한우브랜드 사업단 정관,영천시,축산과,주무관,한철환,054-339-7322,
1039,15. 경북,영천시,제14회 영천와인페스타,05. 지역특산물,영천강변공원,03. 수변형,15. 경북,영천시,중앙동,2026,10,,2026,10,,2,미정,01. 매년,2013,150,0,150,0,해당없음,"30,000","30,000",0,99. 무응답,기타,(사)영천와인사업단,05. 민간 협/단체,내부규정,영천시,기술지원과,주무관,황인영,054-339-7407,
1040,15. 경북,영천시,제23회 영천보현산별빛축제,05. 지역특산물,영천보현산천문과학관 일원,03. 수변형,15. 경북,영천시,화북면,2026,10,,2026,10,,3,미정,01. 매년,2002,405,55,350,0,무응답,"32,106","32,106",0,01. 계측,유인,영천보현산별빛축제위원회,04. 지자체 위원회,내부규정,영천시,관광진흥과,주무관,최진섭,054-330-6702,
1041,15. 경북,영천시,제6회 중악 팔공산 은빛문화제,03. 주민화합,은해사,04. 독립형,15. 경북,영천시,청통면,2026,9,19,2026,9,20,2,,01. 매년,2021,342,49,293,0,무응답,"4,000","4,000",0,99. 무응답,기타,영천시,01. 정부/지자체,,영천시,문화예술과,주무관,전은영,054-330-6867,
1042,15. 경북,영천시,제52회 영천문화예술제,01. 문화예술,영천강변공원 일원,02. 녹지형,15. 경북,영천시,중앙동,2026,10,,2026,10,,,미정,01. 매년,1974,260,0,260,0,해당없음,"30,000","30,000",0,99. 무응답,기타,영천문화예술제 추진위원회,04. 지자체 위원회,내부규정,영천시,문화예술과,주무관,이기봉,054-330-6365,
1043,15. 경북,영천시,신성일기념관 영화제,01. 문화예술,신성일기념관 광장,04. 독립형,15. 경북,영천시,괴연동,2026,9,16,2026,9,18,3,,04. 최초,2026,200,20,180,0,무응답,최초 개최,최초 개최,최초 개최,04. 기타,최초 개최,영천시,01. 정부/지자체,,영천시,문화예술과,주무관,이다연,054-330-6366,
1044,15. 경북,상주시,2026 상주곶감축제,05. 지역특산물,태평성대 경상감영공원,02. 녹지형,15. 경북,상주시,복룡동,2026,1,23,2026,1,25,3,,01. 매년,2006,795,0,795,0,해당없음,"111,100","111,100",0,02. 추정,통신 데이터,상주시곶감축제추진위원회,04. 지자체 위원회,상주시 축제추진위원회 설치 및 운영조례,상주시 ,산림녹지과,주무관,이환구,054-537-7529,
1045,15. 경북,상주시,2026 벚꽃에 물든 상상주도 비박 페스티벌,03. 주민화합,북천시민공원 일원,02. 녹지형,15. 경북,상주시,복룡동,2026,4,4,2026,4,5,2,,01. 매년,2023,107,32,75,0,무응답,"1,000","1,000",0,01. 계측,유인,경북 상주시,01. 정부/지자체,상주시 지방보조금 관리 조례,상주시 ,관광진흥과,주무관,김예진,054-537-7108,
1046,15. 경북,상주시,2026 상주 슬로라이프 페스티벌,03. 주민화합,함창명주테마파크 일원,04. 독립형,15. 경북,상주시,함창읍,2026,9,12,2026,9,13,2,,01. 매년,2023,80,10,70,0,무응답,"11,000","11,000",0,01. 계측,유인,상주슬로시티주민협의회,05. 민간 협/단체,상주시 슬로시티 지원 및 운영에 관한 조례,상주시 ,관광진흥과,주무관,구순목,054-537-7103,
1047,15. 경북,상주시,2026 낙동강 수상레저 페스타,03. 주민화합,상주보수상레저센터 및 경천섬 일원,03. 수변형,15. 경북,상주시,도남동,2026,,,2026,,,,미정,01. 매년,2023,150,45,105,0,무응답,"2,500","2,500",0,01. 계측,유인,한국해양소년단연맹,05. 민간 협/단체,한국해양소년단연맹 육성에 관한 법률,상주시 ,관광진흥과,주무관,배정아,054-537-7109,
1048,15. 경북,상주시,2026 상주세계 모자페스티벌,03. 주민화합,태평성대 경상감영공원,02. 녹지형,15. 경북,상주시,복룡동,2026,,,2026,,,,미정,01. 매년,2023,"1,560",0,"1,560",0,해당없음,"102,943","102,615",328,01. 계측,유인,상주시 축제추진위원회,04. 지자체 위원회,상주시 축제추진위원회 설치 및 운영조례,상주시 ,관광진흥과,주무관,김예진,054-537-7108,
1049,15. 경북,상주시,만화웹툰페스티벌(전국 중고등 웹툰왕전),01. 문화예술,"상주시립도서관, 시민문화공원",02. 녹지형,15. 경북,상주시,복룡동,2026,,,2026,,,2,미정,01. 매년,2024,60,0,60,0,해당없음,"3,000","3,000",0,01. 계측,무인,평생학습원,01. 정부/지자체,지역 진흥시책 기본지침(문화체육관광부),상주시 ,평생학습원,주무관,김혜경,054-537-5572,
1050,15. 경북,문경시,제28회 문경찻사발축제,01. 문화예술,문경새재오픈세트장 일원,02. 녹지형,15. 경북,문경시,문경읍,2026,5,1,2026,5,10,10,,01. 매년,1999,"1,500",870,630,0,무응답,"240,957","240,957",0,01. 계측,무인,문경관광공사,02. 재단(관광/문화/예술),문경시 문경관광공사 설립 및 운영에 관한 조례,문경시,관광진흥과,주무관,김상수,054-550-6395,
1051,15. 경북,문경시,제22회 문경오미자축제,05. 지역특산물,문경시 동로면 일대,05. 기타,15. 경북,문경시,적성리,2026,9,,2026,9,,3,미정,01. 매년,2005,400,0,400,0,해당없음,"67,000","67,000",0,01. 계측,무인,문경관광공사,02. 재단(관광/문화/예술),문경시 문경관광공사 설립 및 운영에 관한 조례,문경시,농정과,주무관,황석현,054-550-6889,
1052,15. 경북,문경시,제15회 문경약돌한우축제,05. 지역특산물,문경새재 일원,02. 녹지형,15. 경북,문경시,문경읍,2026,10,9,2026,10,11,3,,01. 매년,2010,450,0,450,0,해당없음,"130,000","130,000",0,01. 계측,무인,문경관광공사,02. 재단(관광/문화/예술),문경시 문경관광공사 설립 및 운영에 관한 조례,문경시,유통축산과,팀장,배찬의,054-550-6288,
1053,15. 경북,문경시,제21회 문경사과축제,05. 지역특산물,문경새재 일원,02. 녹지형,15. 경북,문경시,문경읍,2026,10,,2026,10,,16,미정,01. 매년,2006,670,0,670,0,해당없음,"463,000","463,000",0,01. 계측,무인,문경관광공사,02. 재단(관광/문화/예술),문경시 문경관광공사 설립 및 운영에 관한 조례,문경시,농정과,주무관,이진주,054-550-6886,
1054,15. 경북,문경시,2026 문경 좀비워터나이트,01. 문화예술,문경 에코월드 일원,04. 독립형,15. 경북,문경시,가은읍,2026,8,14,2026,8,15,2,,01. 매년,2019,90,0,90,0,해당없음,"4,500","4,500",0,01. 계측,무인,문경관광공사,02. 재단(관광/문화/예술),문경시 문경관광공사 설립 및 운영에 관한 조례,문경시,관광진흥과,주무관,박지현,054-550-6393,
1055,15. 경북,문경시,제2회 점촌점빵길 빵 축제,05. 지역특산물,점촌점빵길 일원,05. 기타,15. 경북,문경시,점촌동,2026,4,24,2026,4,26,3,,01. 매년,2025,290,0,290,0,해당없음,"30,000","30,000",0,99. 무응답,기타,(재)문경시상권활성화재단,02. 재단(관광/문화/예술),문경시 상권활성화재단 설립 및 운영에 관한 조례,문경시,일자리경제과,주무관,최유리,054-550-6487,
1056,15. 경북,경산시,2026년 제48회 경산자인단오제,04. 전통역사,자인면 계정숲 일원,02. 녹지형,15. 경북,경산시,자인면,2026,6,19,2026,6,21,3,,01. 매년,1970,617,185,432,0,무응답,"50,000","50,000",0,99. 무응답,기타,(사)경산자인단오제보존회,05. 민간 협/단체,문화체육관광부 및 문화재청 소관 비영리 법인의 설립 및 감독에 관한규칙,경산시,문화관광과,주무관,손미영,053-810-5357,
1057,15. 경북,경산시,2026년 제25회 경산갓바위소원성취축제,04. 전통역사,경산 갓바위 공영 주차장 일원,02. 녹지형,15. 경북,경산시,자인면,2026,9,,2026,9,,2,미정,01. 매년,1998,260,10,250,0,무응답,"10,307","10,307",0,01. 계측,유인,(재)경산문화관광재단,02. 재단(관광/문화/예술),경산문화관광재단 설립 및 운영에 관한 조례,경산시,문화관광과,주무관,손미영,053-810-5357,
1058,15. 경북,경산시,제3회 경산반려문화축제,01. 문화예술,남천강변 일원,03. 수변형,15. 경북,경산시,옥곡동,2026,,,2026,,,2,미정,02. 격년,2023,100,0,100,0,해당없음,"6,000","6,000",0,99. 무응답,기타,(재)경산문화관광재단,02. 재단(관광/문화/예술),경산문화관광재단 설립 및 운영에 관한 조례,경산시,문화관광과,주무관,손미영,053-810-5357,
1059,15. 경북,경산시,제16회 경산대추축제,05. 지역특산물,경산생활체육공원 온마루 광장,02. 녹지형,15. 경북,경산시,상방동,2026,10,16,2026,10,18,3,,01. 매년,2012,170,0,170,0,해당없음,"35,000","35,000",0,99. 무응답,기타,(재)경산문화관광재단,02. 재단(관광/문화/예술),경산문화관광재단 설립 및 운영에 관한 조례,경산시,농정유통과,팀장,최미영,053-810-6707,
1060,15. 경북,의성군,제19회 산수유마을꽃맞이행사,02. 자연생태,의성군 사곡면 화전리 일원,05. 기타,15. 경북,의성군,사곡면,2026,3,21,2026,3,29,9,,01. 매년,2007,250,0,250,0,해당없음,"200,000","200,000",0,02. 추정,통신 데이터,의성군축제추진위원회,04. 지자체 위원회,의성군 축제 지원 및 운영 조례,의성군,관광문화과,주무관,윤지후,054-830-6578,방문자 수 재작년
1061,15. 경북,의성군,제4회 남대천벚꽃축제,02. 자연생태,의성군 의성읍 남대천 일원,03. 수변형,15. 경북,의성군,의성읍,2026,4,4,2026,4,5,2,,01. 매년,2021,150,0,150,0,해당없음,"5,000","5,000",0,02. 추정,통신 데이터,의성청년회의소,05. 민간 협/단체,청년위원회의 설치 및 운영에 관한 규정,의성군,관광문화과,주무관,윤지후,054-830-6578,방문자 수 재작년
1062,15. 경북,의성군,제9회 의성슈퍼푸드마늘축제,05. 지역특산물,의성군 의성읍 남대천 일원,03. 수변형,15. 경북,의성군,의성읍,2026,9,11,2026,9,13,3,,01. 매년,2018,"1,000",0,"1,000",0,해당없음,"53,104","53,104",0,02. 추정,통신 데이터,의성군축제추진위원회,04. 지자체 위원회,의성군 축제 지원 및 운영 조례,의성군,관광문화과,주무관,윤지후,054-830-6578,
1063,15. 경북,청송군,제20회 청송사과축제,05. 지역특산물,청송군 청송읍 용전천 현비암 일원,03. 수변형,15. 경북,청송군,청송읍,2026,10,28,2026,11,1,5,,01. 매년,2004,955,55,900,0,무응답,"310,317","310,317",0,01. 계측,유인,청송군축제추진위원회,03. 기타 공공,청송군 축제추진위원회 설치 및 운영 조례,청송군,관광정책과,주무관,김세림,054-870-6237,
1064,15. 경북,청송군,청송백자 축제,01. 문화예술,도예촌 일원(청송군 주왕산면 주왕산로 494),01. 마을형,15. 경북,청송군,주왕산면,2026,9,11,2026,9,13,3,,01. 매년,2023,230,10,220,0,무응답,미집계,미집계,미집계,03. 미집계,,(재)청송문화관광재단,02. 재단(관광/문화/예술),청송군 (재)청송문화관광재단 설립에 관한 조례,(재)청송문화관광재단,사업운영팀,대리,김지환,054-874-9006,
1065,15. 경북,영양군,제3회 영양꽁꽁겨울축제,03. 주민화합,영양읍 현리 빙상장 일원,04. 독립형,15. 경북,영양군,영양읍,2026,1,9,2026,1,25,17,,01. 매년,2024,225,0,225,0,해당없음,"30,521","30,521",0,01. 계측,티켓판매,영양군체육회,05. 민간 협/단체,영양군 체육진흥협의회 조직 운영에 관한 조례,영양군,문화관광과,주무관,김상유,054-680-6453,
1066,15. 경북,영양군,제21회 영양 산나물축제,05. 지역특산물,영양 군청 및 읍 시가지 일원,04. 독립형,15. 경북,영양군,영양읍,2026,5,7,2026,5,10,4,,01. 매년,2005,792,0,792,0,해당없음,"35,296","35,280",16,02. 추정,통신 데이터,영양축제관광재단,02. 재단(관광/문화/예술),영양군 재단법인 영양축제관광재단 설립 및 지원에 관한 조례,영양군,문화관광과,주무관,김윤라,054-680-6411,
1067,15. 경북,영양군,제3회 선바위퐁당퐁당물놀이축제,03. 주민화합,입암 선바위 관광지 일원,04. 독립형,15. 경북,영양군,입암면,2026,7,25,2026,8,9,16,,01. 매년,2023,150,0,150,0,해당없음,"6,400","6,400",0,02. 추정,주차면수,영양군체육회,05. 민간 협/단체,영양군 체육진흥협의회 조직 운영에 관한 조례,영양군,문화관광과,주무관,김상유,054-680-6453,
1068,15. 경북,영양군,2026년 별빛반딧불이체험축제,02. 자연생태,밤하늘보호공원 일원,02. 녹지형,15. 경북,영양군,수비면,2026,8,28,2026,8,29,2,,01. 매년,2019,60,0,60,0,해당없음,"1,500","1,500",0,02. 추정,주차면수,영양축제관광재단,02. 재단(관광/문화/예술),영양군 재단법인 영양축제관광재단 설립 및 지원에 관한 조례,영양군,생태공원사업소,주무관,김경호,054-680-5331,
1069,15. 경북,영양군,제18회 영양고추 H.O.T Festival,05. 지역특산물,서울광장,02. 녹지형,01. 서울,중구,-,2026,8,29,2026,8,31,3,,01. 매년,2007,450,0,450,0,해당없음,"150,000","150,000",0,99. 무응답,기타,영양축제관광재단,02. 재단(관광/문화/예술),,영양군,유통지원과,주무관,김아람,054-680-6381,
1070,15. 경북,영덕군,제29회 영덕대게축제,05. 지역특산물,강구 해파랑공원,02. 녹지형,15. 경북,영덕군,강구면,2026,3,26,2026,3,29,4,,01. 매년,1998,800,0,800,0,해당없음,"100,821","100,821",0,99. 무응답,기타,영덕대게축제추진위원회,04. 지자체 위원회,영덕군 지역축제 육성 및 운영에 관한 조례,영덕군,문화관광과,주무관,박대경,054-730-6393,
1071,15. 경북,영덕군,제20회 영덕물가자미축제,05. 지역특산물,영덕군 축산면 축산항,03. 수변형,15. 경북,영덕군,축산면,2026,5,,2026,5,,3,미정,01. 매년,2007,250,0,250,0,해당없음,"13,700","13,700",0,99. 무응답,기타,영덕물가자미축제추진위원회,04. 지자체 위원회,영덕군 지역축제 육성 및 운영에 관한 조례,영덕군,일자리경제과,주무관,신충식,054-730-6233,
1072,15. 경북,영덕군,영덕황금은어축제,05. 지역특산물,영덕읍 오십천,03. 수변형,15. 경북,영덕군,영덕읍,2026,7,,2026,8,,3,미정,01. 매년,1999,250,0,250,0,해당없음,"15,790","15,790",0,99. 무응답,기타,영덕황금은어축제추진위원회,04. 지자체 위원회,영덕군 지역축제 육성 및 운영에 관한 조례,영덕군,해양수산과,주무관,송승욱,054-730-6756,
1073,15. 경북,청도군,청도유천문화거리축제,01. 문화예술,유천문화마을,01. 마을형,15. 경북,청도군,청도읍,2026,3,,2026,3,,2,미정,04. 최초,2026,105,25,80,0,무응답,최초 개최,최초 개최,최초 개최,04. 기타,최초 개최,청도군,01. 정부/지자체,청도군 축제 등에 관한 육성 및 운영 조례,청도군,관광정책과,주무관,윤정희,054-370-2211,
1074,15. 경북,청도군,청도반시축제,01. 문화예술,청도야외공연장 일원,04. 독립형,15. 경북,청도군,화양읍,2026,10,,2026,10,,3,미정,01. 매년,2007,500,20,480,0,무응답,"350,000","350,000",0,99. 무응답,기타,청도반시축제추진위원회,04. 지자체 위원회,청도군 축제 등에 관한 육성 및 운영 조례,청도군,관광정책과,주무관,윤정희,054-370-2211,
1075,15. 경북,청도군,청도세계코미디아트페스티벌,01. 문화예술,청도야외공연장 일원,04. 독립형,15. 경북,청도군,화양읍,2026,10,,2026,10,,3,미정,01. 매년,2015,648,218,430,0,무응답,"350,000","350,000",0,99. 무응답,기타,청도군,01. 정부/지자체,청도군 축제 등에 관한 육성 및 운영 조례,청도군,관광정책과,주무관,윤정희,054-370-2211,
1076,15. 경북,고령군,고령 대가야축제,04. 전통역사,고령 지산동 고분군 및 대가야박물관 일원,04. 독립형,15. 경북,고령군,대가야읍,2026,3,27,2026,3,29,3,,01. 매년,2005,"1,340",40,"1,300",0, 문화체육관광부 ,미집계,미집계,미집계,03. 미집계,,(재)고령문화관광재단,02. 재단(관광/문화/예술),고령문화관광재단 설립 및 운영에 관한 조례,고령군,관광진흥과,주무관,강선희,054-950-6654,
1077,15. 경북,성주군,2026 성주참외&생명문화축제,05. 지역특산물,성주 성밖숲 일원,02. 녹지형,15. 경북,성주군,성주읍,2026,5,14,2026,5,17,4,,01. 매년,2004,"1,145",25,"1,120",0,무응답,"247,625","247,625",0,02. 추정,통신 데이터,성주군 축제추진위원회,04. 지자체 위원회,성주군 축제추진위원회 설치 및 운영 조례,성주군,관광과,주무관,백은솔,054-930-6982,
1078,15. 경북,성주군,2026 성주가야산 황금들녘 메뚜기 축제,02. 자연생태,성주 수성리 어울림 마당 일원,04. 독립형,15. 경북,성주군,수륜면,2026,10,,2026,10,,2,미정,01. 매년,2014,130,10,120,0,무응답,"50,000","50,000",0,02. 추정,주차면수,성주가야산황금들녘메뚜기축제추진위원회,04. 지자체 위원회,,성주군,관광과,주무관,우지연,054-930-6984,
1079,15. 경북,칠곡군,제3회 칠곡 꿀맥 페스티벌,05. 지역특산물,칠곡평화분수,02. 녹지형,15. 경북,칠곡군,왜관읍,2026,7,11,2026,7,12,2,,01. 매년,2024,200,0,200,0,해당없음,"20,000","20,000",0,01. 계측,유인,칠곡문화관광재단,02. 재단(관광/문화/예술),칠곡문화관광재단 설립에 관한 조례,칠곡군,문화관광과,팀장,박신호,054-979-6101,
1080,15. 경북,칠곡군,왜관 홀리 페스티벌,01. 문화예술,왜관수도원 일원,02. 녹지형,15. 경북,칠곡군,왜관읍,2026,9,4,2026,9,5,2,,01. 매년,2025,200,60,140,0,무응답,"12,000","12,000",0,99. 무응답,기타,경상북도 칠곡군,01. 정부/지자체,,칠곡군,문화관광과,행정7/주무관,장성민,054-979-6087,
1081,15. 경북,칠곡군,2026 향사국악제 및 가야금 병창전국대회,01. 문화예술,향사아트센터,04. 독립형,15. 경북,칠곡군,석적읍,2026,9,,2026,5,,2,미정,01. 매년,2014,83,25,58,0,무응답,214,214,0,01. 계측,유인,칠곡문화관광재단,02. 재단(관광/문화/예술),칠곡문화관광재단 설립에 관한 조례,칠곡문화관광재단,문화콘텐츠팀,차장,이대훈,054-979-3222,
1082,15. 경북,칠곡군,제4회 칠곡트랜스미디어 축제,01. 문화예술,미정,06. 미정,15. 경북,칠곡군,-,2026,9,,2026,10,,50,미정,01. 매년,2023,175,53,123,0, 문화체육관광부 ,"13,000","13,000",0,99. 무응답,기타,칠곡문화관광재단,02. 재단(관광/문화/예술),칠곡문화관광재단 설립에 관한 조례,칠곡문화관광재단,인문문화도시팀,대리,양수현,070-4109-7977,
1083,15. 경북,칠곡군,제13회 칠곡낙동강평화축제,04. 전통역사,칠곡보 생태공원,02. 녹지형,15. 경북,칠곡군,석적읍,2026,10,15,2026,10,18,4,,01. 매년,2013,"1,900",720,"1,180",0,무응답,"400,000","400,000",0,01. 계측,무인,칠곡문화관광재단,02. 재단(관광/문화/예술),칠곡문화관광재단 설립에 관한 조례,칠곡군,문화관광과,팀장,박신호,054-979-6101,
1084,15. 경북,칠곡군,제17회 낙동강지구 전투 전승행사,04. 전통역사,칠곡보 오토캠핑장,04. 독립형,15. 경북,칠곡군,석적읍,2026,10,16,2026,10,18,3,,01. 매년,2009,238,72,166,0,무응답,"400,000","400,000",0,01. 계측,무인,칠곡문화관광재단,02. 재단(관광/문화/예술),칠곡문화관광재단 설립에 관한 조례,칠곡군,문화관광과,팀장,박신호,054-979-6101,
1085,15. 경북,칠곡군,205 칠곡 문화거리 페스타,01. 문화예술,왜관읍 중앙로 일대,05. 기타,15. 경북,칠곡군,왜관읍,2026,10,,2026,10,,2,미정,01. 매년,2025,175,53,123,0, 문화체육관광부 ,"40,000","40,000",0,99. 무응답,기타,칠곡문화관광재단,02. 재단(관광/문화/예술),칠곡문화관광재단 설립에 관한 조례,칠곡문화관광재단,인문문화도시팀,대리,김은비,054-979-7977,
1086,15. 경북,칠곡군,2026 럭키칠곡 크리스마스 마켓,01. 문화예술,왜관역 광장,02. 녹지형,15. 경북,칠곡군,왜관읍,2026,12,,2026,12,,,미정,01. 매년,2025,200,60,140,0,무응답,"13,000","13,000",0,99. 무응답,기타,칠곡문화관광재단,02. 재단(관광/문화/예술),칠곡문화관광재단 설립에 관한 조례,칠곡군,문화관광과,팀장,박신호,054-979-6101,
1087,15. 경북,예천군,회룡포 봄꽃축제,02. 자연생태,회룡포 일원,05. 기타,15. 경북,예천군,용궁면,2026,4,25,2026,4,26,2,,01. 매년,2023,50,0,50,0,해당없음,"80,000","80,000",0,01. 계측,유인,예천군 문화관광과,01. 정부/지자체,,예천군,문화관광과,주무관,이명재,054-650-6391,
1088,15. 경북,예천군,예천치맥페스티벌,03. 주민화합,경북도청 신도시 일원,05. 기타,15. 경북,예천군,호명읍,2026,7,18,2026,7,25,8,,04. 최초,2026,30,0,30,0,해당없음,최초 개최,최초 개최,최초 개최,04. 기타,최초 개최,에천문화관광재단,02. 재단(관광/문화/예술),예천군 재단법인 예천문화관광재단 설립 및 지원에 관한 조례,예천군,문화관광과,주무관,이명재,054-650-6391,
1089,15. 경북,예천군,용궁순대축제,05. 지역특산물,용궁면 전통시장 일원,01. 마을형,15. 경북,예천군,용궁면,2026,4,25,2026,4,26,2,,01. 매년,2012,200,0,200,0,해당없음,"15,000","15,000",0,01. 계측,유인,에천문화관광재단,02. 재단(관광/문화/예술),예천군 재단법인 예천문화관광재단 설립 및 지원에 관한 조례,예천군,문화관광과,주무관,이명재,054-650-6391,
1090,15. 경북,예천군,금당야행,03. 주민화합,금당실마을 일원,01. 마을형,15. 경북,예천군,용문면,2026,5,8,2026,5,9,2,,01. 매년,2019,60,18,42,0,무응답,"11,765","11,765",0,01. 계측,유인,에천문화관광재단,02. 재단(관광/문화/예술),예천군 재단법인 예천문화관광재단 설립 및 지원에 관한 조례,예천군,문화관광과,주무관,이명재,054-650-6391,
1091,15. 경북,예천군,삼강나루주막축제,01. 문화예술,삼강문화단지 일원,03. 수변형,15. 경북,예천군,풍양면,2026,9,25,2026,9,27,3,,01. 매년,2018,210,0,210,0,해당없음,"54,678","54,678",0,01. 계측,유인,에천문화관광재단,02. 재단(관광/문화/예술),예천군 재단법인 예천문화관광재단 설립 및 지원에 관한 조례,예천군,문화관광과,주무관,이명재,054-650-6391,
1092,15. 경북,예천군,활축제,01. 문화예술,한천체육공원 일원,02. 녹지형,15. 경북,예천군,예천읍,2026,10,30,2026,11,1,3,,01. 매년,2014,600,200,400,0,무응답,"178,287","178,287",0,01. 계측,유인,에천문화관광재단,02. 재단(관광/문화/예술),예천군 재단법인 예천문화관광재단 설립 및 지원에 관한 조례,예천군,문화관광과,주무관,이명재,054-650-6391,
1093,15. 경북,예천군,농산물축제,05. 지역특산물,한천체육공원 일원,02. 녹지형,15. 경북,예천군,예천읍,2026,10,30,2026,11,1,3,,01. 매년,1998,300,0,300,0,해당없음,"178,287","178,287",0,99. 무응답,기타,예천농산물축제추진위원회,04. 지자체 위원회,,예천군,농정과,주무관,김민우,054-650-6271,
1094,15. 경북,예천군,어린이날 행사,03. 주민화합,곤충생태원 일원,04. 독립형,15. 경북,예천군,효자면,2026,5,3,2026,5,5,3,,01. 매년,2007,50,0,50,0,해당없음,"4,961","4,961",0,01. 계측,티켓판매,예천군,01. 정부/지자체,,예천군,곤충연구소,주무관,손형원,054-650-6467,
1095,15. 경북,예천군,여름방학 곤충페스티벌,02. 자연생태,곤충생태원 일원,04. 독립형,15. 경북,예천군,효자면,2026,8,14,2026,8,17,4,,01. 매년,2007,150,0,150,0,해당없음,"6,393","6,393",0,01. 계측,티켓판매,예천군,01. 정부/지자체,,예천군,곤충연구소,주무관,손형원,054-650-6467,
1096,15. 경북,봉화군,제28회 봉화은어축제,02. 자연생태,내성천 일원,03. 수변형,15. 경북,봉화군,봉화읍,2026,7,25,2026,8,2,9,,01. 매년,1999,"2,115",25,"2,090",0,무응답,"225,380","225,380",0,02. 추정,통신 데이터,(재)봉화축제관광재단,02. 재단(관광/문화/예술),봉화군 재단법인 봉화축제관광재단 설립 및 지원에 관한 조례,봉화군,문화관광과,주무관,문미리,054-679-6343,
1097,15. 경북,봉화군,제30회 봉화송이축제,05. 지역특산물,내성천 일원,03. 수변형,15. 경북,봉화군,봉화읍,2026,10,,2026,10,,4,미정,01. 매년,1997,699,0,699,0,해당없음,"87,121","87,121",0,02. 추정,통신 데이터,(재)봉화축제관광재단,02. 재단(관광/문화/예술),봉화군 재단법인 봉화축제관광재단 설립 및 지원에 관한 조례,봉화군,문화관광과,주무관,문미리,054-679-6343,
1098,15. 경북,봉화군,2026-2027 한겨울 분천산타마을,01. 문화예술,분천산타마을,01. 마을형,15. 경북,봉화군,소천면,2026,12,19,2027,2,14,58,,01. 매년,2014,400,90,310,0,무응답,미집계,미집계,미집계,03. 미집계,,(재)봉화축제관광재단,02. 재단(관광/문화/예술),봉화군 재단법인 봉화축제관광재단 설립 및 지원에 관한 조례,봉화군,문화관광과,주무관,문미리,054-679-6343,
1099,15. 경북,울진군,2026 울진대게와 붉은대게축제,05. 지역특산물,후포항 일원,03. 수변형,15. 경북,울진군,후포면,2026,2,27,2026,3,3,5,,01. 매년,2000,400,0,400,0,해당없음,"60,000","60,000",0,02. 추정,통신 데이터,울진군 축제발전위원회,04. 지자체 위원회,울진군 축제발전위원회의 설치 및 운영 조례,울진군,해양수산과,주무관,황미진,054-789-6851,
1100,15. 경북,울진군,2026 죽변항 수산물축제,05. 지역특산물,죽변항 일원,03. 수변형,15. 경북,울진군,죽변면,2026,11,,2026,11,,3,미정,01. 매년,2019,425,25,400,0,무응답,"60,000","60,000",0,02. 추정,통신 데이터,울진군 축제발전위원회,04. 지자체 위원회,울진군 축제발전위원회의 설치 및 운영 조례,울진군,해양수산과,주무관,황미진,054-789-6851,
1101,15. 경북,울릉군,울릉 스노우 컬처 페스티벌,02. 자연생태,울릉군 일원,05. 기타,15. 경북,울릉군,-,2026,2,13,2026,2,21,9,,03. 일회성,2023,250,0,250,0,해당없음,미집계,미집계,미집계,03. 미집계,,울릉군축제위원회,04. 지자체 위원회,울릉군 축제 육성 및 지원에 관한 조례,울릉군,문화체육과,행정7,김예슬,054-790-6426,
1102,15. 경북,울릉군,제23회 울릉도오징어축제,05. 지역특산물,울릉군 일원,05. 기타,15. 경북,울릉군,-,2026,7,,2026,7,,3,미정,01. 매년,2001,370,25,345,0,무응답,"13,700","13,700",0,99. 무응답,기타,울릉군축제위원회,04. 지자체 위원회,울릉군 축제 육성 및 지원에 관한 조례,울릉군,문화체육과,행정7,김예슬,054-790-6426,
1103,16. 경남,창원시,문화다양성축제 MAMF(맘프) 2026,01. 문화예술,"용지문화공원, 중앙대로 일원",02. 녹지형,16. 경남,창원시,성산구,2026,10,23,2026,10,25,3,,01. 매년,2005,850,250,600,0,문화체육관광부,"310,000","230,000","80,000",99. 무응답,기타,경남이주민노동복지센터,05. 민간 협/단체,-,창원시,인구정책담당관,주무관,이원재,055-225-7504,
1104,16. 경남,창원시,제8회 무점마을 코스모스축제,03. 주민화합,동판저수지 코스모스길,03. 수변형,16. 경남,창원시,의창구,2026,,,2026,,,,미정,01. 매년,2019,"2,100",0,"2,100",0,해당없음,"30,000","30,000",모름,99. 무응답,기타,무점마을코스모스축제위원회,04. 지자체 위원회,,창원시,동읍,주무관,김수곤,055-212-5116,
1105,16. 경남,창원시,천주산진달래축제,02. 자연생태,천주산 일원,03. 수변형,16. 경남,창원시,의창구,2026,4,4,2026,4,5,2,,01. 매년,2011,32,0,22,10,해당없음,"6,000","6,000",0,99. 무응답,,천주산진달래축제위원회,04. 지자체 위원회,-,창원시,문화예술과,주무관,박유민,055-225-3655,방문자 수 재작년
1106,16. 경남,창원시,2026 창원 k-pop 월드페스티벌,01. 문화예술,창원광장(미정),02. 녹지형,16. 경남,창원시,성산구,2026,10,,2026,10,,,미정,01. 매년,2011,"1,300",100,"1,100",100,문화체육관광부,"8,000","8,000",모름,01. 계측,티켓판매,KBS서울,06. 민간 사업체,,창원시,문화예술과,주무관,이상지,055-225-3665,
1107,16. 경남,창원시,제64회 진해군항제,02. 자연생태,진해구 일원,05. 기타,16. 경남,창원시,진해구,2026,3,27,2026,4,5,10,,01. 매년,1963,"1,565",0,"1,565",0,해당없음,"3,251,000","3,200,000","51,000",02. 추정,통신 데이터,(사)이충무공선양군항제위원회,04. 지자체 위원회,창원시 축제의 육성 및 지원에 관한 조례,창원시,관광과,주무관,김종완,055-225-2345,
1108,16. 경남,창원시,제26회 마산가고파국화축제,02. 자연생태,마산합포구 일원(미정),05. 기타,16. 경남,창원시,마산합포구,2026,10,,2026,11,,9,미정,01. 매년,2000,"1,050",0,"1,050",0,해당없음,"765,000","765,000",모름,99. 무응답,기타,마산국화축제위원회,04. 지자체 위원회,창원시 축제의 육성 및 지원에 관한 조례,창원시,관광과,주무관,김연규,055-225-2343,
1109,16. 경남,창원시,창동 라면축제,03. 주민화합,마산합포구 창동거리길 32 창동통합상가 일원,01. 마을형,16. 경남,창원시,마산합포구,2026,11,1,2026,11,7,7,,01. 매년,2025,50,0,미확정,50,해당없음,"35,000","35,000",모름,01. 계측,티켓판매,창동통합상가상인회,05. 민간 협/단체,전통시장법,창원시,지역경제과,주무관,신주경,055-225-3228,
1110,16. 경남,진주시,제25회 진주논개제,04. 전통역사,"진주성
일원",04. 독립형,16. 경남,진주시,본성동,2026,5,2,2026,5,5,4,,01. 매년,2002,620,0,620,0,해당없음,"122,811","122,811",모름,02. 추정,통신 데이터,진주문화관광재단,02. 재단(관광/문화/예술),진주문화관광재단 설립 및 운영에 관한 조례,진주시,관광진흥과,주무관 ,김은정 ,055-749-8589,
1111,16. 경남,진주시,2026 진주남강유등축제,04. 전통역사,"진주성,
남강 일원",03. 수변형,16. 경남,진주시,본성동,2026,10,,2026,,,,미정,01. 매년,2002,"4,200",0,"2,665","1,535",해당없음,"647,530","645,541","1,989",02. 추정,통신 데이터,진주문화예술재단,02. 재단(관광/문화/예술),"민법 제32조, 문화체육관광부 및 문화재청 소관 비영리법인의 설립 및 감독에 관한 규칙 제3조",진주시,관광진흥과,주무관 ,안대윤,055-749-8588,
1112,16. 경남,진주시,제75회 개천예술제,01. 문화예술,진주시 일원,05. 기타,16. 경남,진주시,본성동,2026,10,,2026,,,,미정,01. 매년,1949,"2,211",0,"1,591",620,해당없음,"647,530","645,541","1,989",02. 추정,통신 데이터,한국예총진주지회,05. 민간 협/단체,"민법 제32조, 문화체육관광부 및 문화재청 소관 비영리법인의 설립 및 감독에 관한 규칙 제3조",진주시,관광진흥과,주무관 ,김은정 ,055-749-8589,
1113,16. 경남,진주시,2026 코리아드라마페스티벌,01. 문화예술,"장대동
남강둔치
일원",03. 수변형,16. 경남,진주시,장대동,2026,10,,2026,,,,미정,01. 매년,2006,890,250,600,40,문화체육관광부,"647,530","645,541","1,989",02. 추정,통신 데이터,"코리아
드라마
페스티벌
조직위원회",04. 지자체 위원회,"민법 제32조, 문화체육관광부 및 문화재청 소관 비영리법인의 설립 및 감독에 관한 규칙 제3조",진주시,관광진흥과,주무관 ,이용화,055-749-8590,
1114,16. 경남,진주시,2026 진주 M2 페스티벌,01. 문화예술,"망경동
남강둔치
일원",03. 수변형,16. 경남,진주시,망경동,2026,8,,2026,,,,미정,01. 매년,2019,360,0,360,0,해당없음,"9,753","9,753",모름,02. 추정,통신 데이터,진주문화관광재단,02. 재단(관광/문화/예술),진주문화관광재단 설립 및 운영에 관한 조례,진주시,관광진흥과,주무관 ,김은정 ,055-749-8589,
1115,16. 경남,통영시,2026 통영어부장터축제,05. 지역특산물,도남동 트라이애슬론광장 ,02. 녹지형,16. 경남,통영시,-,2026,10,8,2026,10,11,4,미정,01. 매년,2024,무응답,무응답,무응답,무응답,무응답,"320,000","320,000",0,02. 추정,통신 데이터,통영시청,01. 정부/지자체,통영시 행정기구 설치 조례,통영시,해양관광과,주무관,이수현,055-650-0614,
1116,16. 경남,통영시,제21회 봉숫골꽃나들이 축제,01. 문화예술,봉평동(봉숫골 아름다운 거리 및 용화사 광장 일원),05. 기타,16. 경남,통영시,봉평동,2026,3,28,2026,3,29,2,,01. 매년,2003,56,0,40,16,해당없음,"25,500","25,500",0,02. 추정,통신 데이터,봉숫골벚꽃축제위원회,04. 지자체 위원회,봉숫골축제위원회 회칙,통영시,봉평동,주무관,강연수,055-650-3843,
1117,16. 경남,통영시,제65회 통영한산대첩축제,04. 전통역사,통영시 일원,05. 기타,16. 경남,통영시,-,2026,8,12,2026,8,16,5,,01. 매년,1962,"1,802",0,"1,802",0,해당없음,"233,297","232,180","1,117",02. 추정,통신 데이터,통영문화재단,02. 재단(관광/문화/예술),통영문화재단 설립 및 운영에 관한 조례,통영시,문화예술과,주무관,오국헌,055-650-4532,
1118,16. 경남,사천시,제11회 사천비토섬별주부전축제,01. 문화예술,비토해양낚시공원 앞 주차장,02. 녹지형,16. 경남,사천시,서포면,2026,3,27,2026,3,28,2,,01. 매년,2014,90,0,70,20,해당없음,"2,000","2,000",모름,99. 무응답,,별주부전축제추진위원회,04. 지자체 위원회,자체정관,사천시,서포면,부면장,정미숙,055-831-5234,
1119,16. 경남,사천시,제7회 선진리성 벚꽃축제,01. 문화예술,선진리성 일원,04. 독립형,16. 경남,사천시,용현면,2026,4,3,2026,4,5,3,,01. 매년,2017,50,0,40,10,해당없음,"7,000","7,000",모름,99. 무응답,기타,선진리성벚꽃축제추진위원회,04. 지자체 위원회,선진리성벚꽃축제추진위원회 정관,사천시,용현면,주무관,김재홍,055-831-5111,
1120,16. 경남,사천시,제28회 와룡문화제,01. 문화예술,사천시청 광장 일원,02. 녹지형,16. 경남,사천시,용현면,2026,4,24,2026,4,26,3,,01. 매년,1995,620,0,620,0,해당없음,"230,000","230,000",모름,99. 무응답,기타,사천문화재단,02. 재단(관광/문화/예술),사천시 사천문화재단 설립 및 운영조례,사천시,문화예술과,주무관,황정기,055-831-2711,
1121,16. 경남,사천시,2026 사천에어쇼,01. 문화예술,사천비행장 일원,03. 수변형,16. 경남,사천시,사천읍,2026,10,22,2026,10,25,4,,02. 격년,2004,"4,500",0,"4,500",0,해당없음,"411,000","411,000",모름,01. 계측,유인,사천에어쇼추진위원회,03. 기타 공공,사천에어쇼 추진위원회 설치 및 운영조례,사천시,우주항공과,주무관,김경원,055-831-2061,
1122,16. 경남,사천시,제17회 사천시농업한마당축제,03. 주민화합,사천시청 노을광장 일원,02. 녹지형,16. 경남,사천시,용현면,2026,10,31,2026,11,2,3,,01. 매년,2007,500,0,500,0,해당없음,"95,000","95,000",모름,01. 계측,유인,사천시농업한마당축제추진위원회,04. 지자체 위원회,사천시농업한마당축제추진위원회 운영규약,사천시,농축산과,주무관,조광훈,055-831-3760,
1123,16. 경남,사천시,제23회 사천시 삼천포항 자연산 전어축제,05. 지역특산물,팔포음식특화지구 일원,04. 독립형,16. 경남,사천시,동서금동,2026,8,,2026,8,,4,미정,01. 매년,2002,145,0,145,0,해당없음,"90,000","90,000",모름,99. 무응답,기타,"사천시삼천포항자연산전어축제
추진위원회",04. 지자체 위원회,사천시삼천포항자연산전어축제 추진위원회 운영규약,사천시,해양수산과,주무관,이권영,055-831-3111,
1124,16. 경남,김해시,제10회 김해꽃축제,05. 지역특산물,미정,06. 미정,16. 경남,김해시,-,2026,9,,2026,9,,4,미정,01. 매년,1993,510,0,210,300,해당없음,"121,090","121,090",모름,99. 무응답,기타,김해꽃축제추진위원회,04. 지자체 위원회,김해시 농업농촌 및 식품산업지원에 관한 조례,김해시,농식품유통과,팀장,김원만,055-350-4082,
1125,16. 경남,김해시,제42회 김해진영단감축제,05. 지역특산물,진영공설운동장 일원,04. 독립형,16. 경남,김해시,진영읍,2026,10,30,2026,11,1,3,,01. 매년,1985,230,0,210,20,해당없음,"50,000","50,000",모름,99. 무응답,기타,김해진영단감축제위원회,04. 지자체 위원회,김해시 농업농촌 및 식품산업지원에 관한 조례,김해시,농식품유통과,팀장,김주미,055-350-4092,
1126,16. 경남,김해시,2026 가야문화축제,04. 전통역사,대성동고분군 일원,05. 기타,16. 경남,김해시,대성동,2026,4,30,2026,5,3,4,,01. 매년,1962,"1,100",0,"1,100",0,해당없음,"226,134","226,134",모름,02. 추정,통신 데이터,(사)가야문화축제제전위원회,04. 지자체 위원회,가야문화축제제전위원회 설치 및 운영 조례,김해시,문화예술과,주무관,박성복,055-330-3945,
1127,16. 경남,김해시,2026 김해 국가유산 야행,04. 전통역사,"수로왕릉 , 대성동고분군 외 가야유적지 일원",04. 독립형,16. 경남,김해시,봉황동,2026,10,16,2026,10,18,3,,01. 매년,2017,450,180,270,0,국가유산청,"64,000","64,000",모름,02. 추정,통신 데이터,(재)김해문화관광재단,02. 재단(관광/문화/예술),김해문화관광재단 설립 및 운영에 관한 조례,김해시,문화유산과,주무관,신혜경,055-330-3923,
1128,16. 경남,김해시,제6회 율하벚꽃축제,01. 문화예술,율하천 만남교 광장 및 율하 카페거리 일원,03. 수변형,16. 경남,김해시,장유3동,2026,3,28,2026,3,29,2,,01. 매년,2019,30,0,30,0,해당없음,"20,000","20,000",모름,99. 무응답,,장유3동 주민자치회,05. 민간 협/단체,김해시 주민자치회 및 주민자치센터 설치·운영에 관한 조례,김해시,장유3동,주무관,김희경,055-359-8923,
1129,16. 경남,김해시,제2회 김해한우축제,05. 지역특산물,롯데가든파크(장유롯데아울렛),04. 독립형,16. 경남,김해시,신문동,2026,3,26,2026,3,29,4,,01. 매년,2024,600,0,150,450,해당없음,"58,000","58,000",모름,01. 계측,유인,김해축산업협동조합,05. 민간 협/단체,김해시 농특산물 지정 및 육성에 관한 조례,김해시,축산과,주무관,이윤경,055-350-4144,
1130,16. 경남,김해시,제1회 김해 한돈페스티벌,05. 지역특산물,롯데가든파크(장유롯데아울렛),04. 독립형,16. 경남,김해시,신문동,2026,10,,2026,10,,4,미정,04. 최초,2026,800,0,200,600,해당없음,최초 개최,최초 개최,최초 개최,04. 기타,최초 개최,부경양돈협동조합,05. 민간 협/단체,김해시 농특산물 지정 및 육성에 관한 조례,김해시,축산과,주무관,조현철,055-350-4143,
1131,16. 경남,김해시,제31회 김해분청도자기축제,01. 문화예술,롯데가든파크(장유롯데아울렛)(예정),04. 독립형,16. 경남,김해시,신문동,2026,11,5,2026,11,8,4,,01. 매년,1996,300,0,300,0,해당없음,"57,833","57,833",모름,01. 계측,유인,"(사)김해도예협회,(재)김해문화관광재단",02. 재단(관광/문화/예술),문화예술진흥법,김해시,관광과,주무관,박소라,055-330-3244,
1132,16. 경남,밀양시,제3회 MY아리나드림페스티벌,01. 문화예술,밀양아리랑아트센터 일원,04. 독립형,16. 경남,밀양시,-,2026,3,21,2026,3,22,2,,01. 매년,2024,100,0,100,0,해당없음,"20,930","20,930",모름,02. 추정,통신 데이터,밀양문화관광재단,02. 재단(관광/문화/예술),밀양문화관광재단 설립에 관한 조례(2015년),밀양시,문화예술과,주무관,강경찬,055-359-5633,
1133,16. 경남,밀양시,제14회 밀양삼랑진 딸기시배지 축제,05. 지역특산물,작원관지 인근 검세체육공원,02. 녹지형,16. 경남,밀양시,삼랑진읍,2026,3,,2026,3,,2,미정,01. 매년,2001,20,0,20,미확정,해당없음,"4,000","4,000",0,99. 무응답,,밀양삼랑진 딸기시배지 발전협의회,05. 민간 협/단체,해당없음,밀양시,스마트유통과,주무관,이영경,055-359-7147,방문자 수 재작년
1134,16. 경남,밀양시,제68회 밀양아리랑대축제,01. 문화예술,영남루 및 밀양강변 일원,03. 수변형,16. 경남,밀양시 ,-,2026,5,7,2026,5,10,4,,01. 매년,1957,"2,590",40,"2,550",0,문화체육관광부,"416,065","416,065",모름,02. 추정,통신 데이터,밀양문화관광재단,02. 재단(관광/문화/예술),밀양문화관광재단 설립에 관한 조례(2015년),밀양시,관광진흥과,주무관,김미정,055-359-5787,
1135,16. 경남,밀양시,제26회 밀양공연예술축제,01. 문화예술,"밀양아리랑아트센터, 밀양아리나 일원",04. 독립형,16. 경남,밀양시,-,2026,7,21,2026,8,1,12,,01. 매년,2001,800,0,800,0,해당없음,"16,000","16,000",모름,02. 추정,통신 데이터,밀양문화관광재단,02. 재단(관광/문화/예술),밀양문화관광재단 설립에 관한 조례(2015년),밀양시,문화예술과,주무관,배기득,055-359-5635,
1136,16. 경남,밀양시,제2회 밀양 물축제,03. 주민화합,삼문동 밀양강변 일원,03. 수변형,16. 경남,밀양시,-,2026,8,,2026,8,,3,미정,01. 매년,2025,290,0,290,0,해당없음,"77,633","77,633",모름,02. 추정,통신 데이터,밀양문화관광재단,02. 재단(관광/문화/예술),밀양문화관광재단 설립에 관한 조례(2015년),밀양시,관광진흥과,주무관,김미정,055-359-5787,
1137,16. 경남,밀양시,2026년 밀양 국가유산 야행,04. 전통역사,"밀양관아, 영남루, 밀양강 일원",03. 수변형,16. 경남,밀양시,-,2026,9,4,2026,9,6,3,,01. 매년,2020,323,129,194,0,국가유산청,"36,426","36,426",모름,02. 추정,통신 데이터,밀양시 문화도시센터,01. 정부/지자체,밀양시 문화도시 조성 및 지원 조례,밀양시,문화예술과,주무관,유지원,055-359-5640,
1138,16. 경남,밀양시,제7회 외계인대축제,01. 문화예술,삼문동 밀양강변 일원,03. 수변형,16. 경남,밀양시,-,2026,9,,2026,9,,3,미정,01. 매년,2020,180,0,180,0,해당없음,"12,165","12,165",모름,02. 추정,통신 데이터,밀양문화관광재단,02. 재단(관광/문화/예술),밀양문화관광재단 설립에 관한 조례(2015년),밀양시,관광진흥과,주무관,백희운,055-359-5788,
1139,16. 경남,밀양시,제2회 밀양 선샤인 농산물대전,05. 지역특산물,선샤인밀양테마파크,04. 독립형,16. 경남,밀양시,단장면,2026,10,,2026,11,,,미정,01. 매년,2025,50,0,50,0,해당없음,"62,704","62,704",모름,02. 추정,통신 데이터,밀양시 스마트유통과,01. 정부/지자체,지방자치법,밀양시,스마트유통과,주무관,송재홍,055-359-7146,
1140,16. 경남,밀양시,제16회 밀양대추축제 ,05. 지역특산물,"단장면 체육공원 일원
(아불2길 20)",02. 녹지형,16. 경남,밀양시,단장면,2026,10,17,2026,10,18,2,,01. 매년,2008,20,0,20,0,해당없음,"3,000","3,000",모름,02. 추정,주차면수,밀양대추축제추진위원회,04. 지자체 위원회,축제의 원활한 운영을 위한 자체 결성,밀양시,산림녹지과,주무관,윤송현,055-359-5364,
1141,16. 경남,밀양시,제1회 밀양 매운맛 축제(가칭),03. 주민화합,삼문동 밀양강변 일원,03. 수변형,16. 경남,밀양시,-,2026,10,,2026,10,,3,미정,04. 최초,2026,290,170,120,0,행정안전부,최초 개최,최초 개최,최초 개최,04. 기타,최초 개최,밀양문화관광재단,02. 재단(관광/문화/예술),밀양문화관광재단 설립에 관한 조례(2015년),밀양시,관광진흥과,주무관,백희운,055-359-5788,
1142,16. 경남,밀양시,제28회 밀양얼음골사과축제,05. 지역특산물,"선샤인밀양테마파크, 얼음골공영주차장",04. 독립형,16. 경남,밀양시,"단장면, 산내면",2026,11,,2026,11,,2,미정,01. 매년,1999,60,0,30,30,해당없음,"15,000","15,000",모름,99. 무응답,기타,얼음골사과발전협의회,05. 민간 협/단체,해당없음,밀양시,스마트유통과,주무관,이영경,055-359-7147,
1143,16. 경남,거제시,남부면 수국축제,02. 자연생태,저구항 일원,03. 수변형,16. 경남,거제시,남부면,2026,6,20,2026,6,21,2,,01. 매년,2018,30,0,30,0,해당없음,"31,319","31,319",모름,02. 추정,통신 데이터,남부면발전협의회,05. 민간 협/단체,-,거제시,남부면,주무관,김정민,055-639-6532,
1144,16. 경남,거제시,거제둔덕포도&한우축제,05. 지역특산물,둔덕가족생활체육공원,02. 녹지형,16. 경남,거제시,둔덕면,2026,9,13,2026,9,14,2,,01. 매년,2011,90,0,90,0,해당없음,"25,000","25,000",모름,01. 계측,유인,거제둔덕포도축제추진위원회,04. 지자체 위원회,거제시 축제의 지원 및 운영에 관한 조례,거제시,둔덕면,팀장,한상윤,055-639-6611,
1145,16. 경남,거제시,2026년 거제 맥주축제,01. 문화예술,장승포동 일원,05. 기타,16. 경남,거제시,장승포동,2026,8,23,2026,8,24,2,,01. 매년,2017,95,0,95,0,해당없음,"7,500","7,500",모름,02. 추정,통신 데이터,거제해양관광개발공사,03. 기타 공공,거제해양관광개발공사 설립 및 운영 조례,거제시,홍보실,주무관,남은진,055-639-3365,
1146,16. 경남,거제시,2026년 거제여름해양축제,01. 문화예술,지세포 일원,05. 기타,16. 경남,거제시,일운면,2026,7,25,2026,7,26,2,,01. 매년,1994,603,0,603,0,해당없음,"25,800","25,800",0,99. 무응답,,거제해양관광개발공사,03. 기타 공공,거제해양관광개발공사 설립 및 운영 조례,거제시,관광과,주무관,김가영,055-639-4164,방문자 수 재작년
1147,16. 경남,거제시,제19회 거제섬꽃축제,01. 문화예술,거제시농업개발원 일원,02. 녹지형,16. 경남,거제시,거제면,2026,10,31,2026,11,8,9,,01. 매년,2006,570,0,570,0,해당없음,"236,448",모름,모름,02. 추정,통신 데이터,거제시(거제시농업기술센터),01. 정부/지자체,-,거제시,농업지원과,주무관,김부근,055-639-6443,
1148,16. 경남,거제시,거제옥포대첩 축제,04. 전통역사,"옥포대첩기념공원 및 
옥포수변공원 일원",02. 녹지형,16. 경남,거제시,"옥포1동, 옥포2동",2026,6,12,2026,6,14,3,,01. 매년,1957,700,0,700,0,해당없음,"50,119","50,000",119,99. 무응답,기타,거제시문화예술재단,02. 재단(관광/문화/예술),거제시문화예술재단 설립 및 운영에 관한 조례,거제시,문화예술과,주무관,안혜경,055-639-3393,
1149,16. 경남,거제시,거제맹종대나무축제,05. 지역특산물,거제맹종죽테마파크 일원,02. 녹지형,16. 경남,거제시,하청면,2026,4,25,2026,4,26,2,,01. 매년,2012,7,0,7,0,해당없음,"3,000","2,900",100,99. 무응답,,맹종죽영농조합법인,05. 민간 협/단체,농업ㆍ농촌 및 식품산업 기본법,거제시,농식품유통과,주무관,김혜민,055-639-6354,방문자 수 재작년
1150,16. 경남,양산시,2026 원동매화축제,05. 지역특산물,원동면 주말장터 및 쌍포다목적광장 일원,02. 녹지형,16. 경남,양산시,원동면,2026,3,14,2026,3,15,2,,01. 매년,2007,295,0,295,0,해당없음,"33,496","33,496",모름,02. 추정,통신 데이터,양산문화재단,02. 재단(관광/문화/예술),양산문화재단 설립 및 운영에 관한 조례,양산시,관광과,주무관,정성희,055-392-3292,
1151,16. 경남,양산시,2026 물금벚꽃축제,01. 문화예술,물금 황산공원 일원,02. 녹지형,16. 경남,양산시,물금읍,2026,4,4,2026,4,5,2,,01. 매년,2013,299,0,299,0,해당없음,"63,796","63,796",0,99. 무응답,,양산문화재단,02. 재단(관광/문화/예술),양산문화재단 설립 및 운영에 관한 조례,양산시,문화예술과,주무관,강효경,055-392-2543,방문자 수 재작년
1152,16. 경남,양산시,2026 양산웅상회야제,03. 주민화합,웅상체육공원,02. 녹지형,16. 경남,양산시,평산동,2026,5,,2026,5,,,미정,01. 매년,2015,550,0,550,0,해당없음,"50,495","50,495",모름,02. 추정,통신 데이터,양산문화재단,02. 재단(관광/문화/예술),양산문화재단 설립 및 운영에 관한 조례,양산시,문화복지과,주무관,정은주,055-392-6182,
1153,16. 경남,양산시,통도사 미디어아트,04. 전통역사,통도사 일원,04. 독립형,16. 경남,양산시,하북면,2026,9,28,2026,10,18,21,,04. 최초,2026,"1,400",700,700,0,국가유산청,최초 개최,최초 개최,최초 개최,04. 기타,최초 개최,통도사,05. 민간 협/단체,,양산시,문화예술과,주무관,이호정,055-392-3555,
1154,16. 경남,양산시,2026 양산삽량문화축제,04. 전통역사,양산천 둔치 및 양산종합운동장 일원,03. 수변형,16. 경남,양산시,북부동,2026,10,,2026,,,,미정,01. 매년,1986,"1,050",0,"1,050",0,해당없음,"90,317","90,317",모름,02. 추정,통신 데이터,양산문화재단,02. 재단(관광/문화/예술),양산문화재단 설립 및 운영에 관한 조례,양산시,문화예술과,주무관,강효경,055-392-2543,
1155,16. 경남,양산시,2026 양산에그야페스타,05. 지역특산물,황산공원,02. 녹지형,16. 경남,양산시,물금읍,2026,10,,2026,10,,,미정,01. 매년,2025,300,0,270,30,해당없음,"47,000","47,000",모름,02. 추정,통신 데이터,양산시 관광과,01. 정부/지자체,-,양산시,관광과,주무관,정성희,055-392-3292,
1156,16. 경남,양산시,2026 양산국화축제,02. 자연생태,황산공원 중부광장 일원,02. 녹지형,16. 경남,양산시,물금읍,2026,10,30,2026,11,15,17,,01. 매년,2005,311,0,311,0,해당없음,"276,982","276,982",모름,02. 추정,통신 데이터,양산시 농업기술과,01. 정부/지자체,-,양산시,농업기술과,주무관,문차영,055-392-5342,
1157,16. 경남,양산시,2026년 양산시 독서문화축제,01. 문화예술,양산시립 중앙도서관 야외광장 일원,02. 녹지형,16. 경남,양산시,물금읍,2026,10,,2026,10,,,미정,01. 매년,2025,60,0,60,0,해당없음,"2,200","2,200",모름,99. 무응답,기타,시립도서관,01. 정부/지자체,양산시 독서문화진흥 조례,양산시,시립도서관,주무관,안유정,055-392-5913,
1158,16. 경남,양산시,2026 배내골 사과축제,05. 지역특산물,배내골 고로쇠 홍보관,04. 독립형,16. 경남,양산시,원동면,2026,11,,2026,11,,,미정,01. 매년,2010,11,0,10,1,해당없음,최근 미개최,최근 미개최,최근 미개최,04. 기타,최근 미개최,배내골주민자치위원회,04. 지자체 위원회,댐건설 및 주변지역지원 등에 관한 법률,양산시,관광과,주무관,문종철,055-392-3293,
1159,16. 경남,의령군,제51회 의령 홍의장군축제,04. 전통역사,의령읍 서동생활공원 일원,02. 녹지형,16. 경남,의령군,의령읍,2026,4,16,2026,4,19,4,,01. 매년,1973,"1,025",0,"1,025",0,해당없음,"181,000","180,000","1,000",01. 계측,유인,의병기념사업회,05. 민간 협/단체,해당없음,의령군,문화관광과,주무관,문귀련,055-570-2502,
1160,16. 경남,의령군,제23회 의령토요애수박축제,05. 지역특산물,의령읍 서동생활공원 일원,02. 녹지형,16. 경남,의령군,의령읍,2026,4,16,2026,4,19,4,,01. 매년,2000,126,0,126,0,해당없음,"10,200","10,000",200,01. 계측,유인,의령토요애수박축제위원회,04. 지자체 위원회,해당없음,의령군,농업기술과,주무관,박상균,055-570-4252,
1161,16. 경남,의령군,제5회 의령 리치리치 페스티벌,01. 문화예술,의령읍 서동생활공원 일원,02. 녹지형,16. 경남,의령군,의령읍,2026,10,1,2026,10,4,4,,01. 매년,2022,"1,200",0,"1,200",0,해당없음,"350,000","340,000","10,000",01. 계측,유인,의령 리치리치 페스티벌 추진위원회,04. 지자체 위원회,해당없음,의령군,문화관광과,주무관,신성민,055-570-2512,
1162,16. 경남,의령군,2026년 의령 신반한지우륵문화축제,01. 문화예술,부림면 일원,05. 기타,16. 경남,의령군,부림면,2026,10,,2026,10,,2,미정,01. 매년,2022,미확정,0,미확정,0,해당없음,"4,100","4,000",100,01. 계측,유인,의령군,01. 정부/지자체,해당없음,의령군,문화관광과,주무관,강경민,055-570-2505,
1163,16. 경남,의령군,2026 의령 기강 리치 꽃 축제,02. 자연생태,지정면 일원,05. 기타,16. 경남,의령군,의령읍,2026,10,,2026,10,,,미정,01. 매년,2022,미확정,0,미확정,0,해당없음,"201,102","200,000","1,102",01. 계측,유인,의령군,01. 정부/지자체,해당없음,의령군,미래전략담당관,주무관,허찬영,055-570-2764,
1164,16. 경남,함안군,함안곶감축제,05. 지역특산물,함안체육관,04. 독립형,16. 경남,함안군,가야읍,2026,1,23,2026,1,25,3,,01. 매년,2012,60,0,60,0,해당없음,"14,800","14,800",모름,01. 계측,유인,산림녹지과,01. 정부/지자체,농어촌 식품산업기본법 제8조,함안군,산림녹지과,주무관,이윤희,055-580-4554,
1165,16. 경남,함안군,대한민국 함안수박축제,05. 지역특산물,함주공원 다목적 잔디구장,02. 녹지형,16. 경남,함안군,가야읍,2026,5,1,2026,5,3,3,,01. 매년,1993,798,0,794,4,해당없음,"75,000","75,000",모름,99. 무응답,기타,원예유통과,01. 정부/지자체,함안군 지역문화 진흥에 관한 조례,함안군,원예유통과,주무관,신승환,055-580-4514,
1166,16. 경남,함안군,칠서생태공원 청보리 작약축제,02. 자연생태,칠서면 강나루생태공원,02. 녹지형,16. 경남,함안군,칠서면,2026,5,8,2026,5,10,3,,01. 매년,2023,95,0,95,0,해당없음,"135,000","135,000",모름,99. 무응답,기타,칠서생태공원 청보리작약축제 추진위원회,04. 지자체 위원회,함안군 지역문화 진흥에 관한 조례,함안군,관광교육과,주무관,김미화,055-580-3414,
1167,16. 경남,함안군,강주해바라기 축제,02. 자연생태,법수면 강주마을,01. 마을형,16. 경남,함안군,법수면,2026,6,18,2026,7,6,19,,01. 매년,2013,181,0,181,0,해당없음,"71,100","71,100",모름,01. 계측,티켓판매,강주해바라기축제위원회,04. 지자체 위원회,함안군 지역문화 진흥에 관한 조례,함안군,농업정책과,주무관,이지수,055-580-4406,
1168,16. 경남,함안군,아라가야문화제,04. 전통역사,"함안박물관, 말이산고분군",04. 독립형,16. 경남,함안군,가야읍,2026,9,18,2026,9,20,3,,01. 매년,1988,550,0,550,0,해당없음,"43,806","43,806",모름,02. 추정,통신 데이터,문화공보체육과,01. 정부/지자체,아라가야문화제위원회 설치·운영에 관한조례,함안군,문화공보체육과,주무관,성태원,055-580-2303,
1169,16. 경남,창녕군,제21회 창녕낙동강유채축제,02. 자연생태,남지체육공원 일원,02. 녹지형,16. 경남,창녕군,남지읍,2026,4,9,2026,4,12,4,,01. 매년,2006,660,0,640,20,해당없음,"360,000","360,000",모름,01. 계측,유인,(사)창녕낙동강유채축제위원회,04. 지자체 위원회,-,창녕군,관광체육과,주무관,박경민,055-530-1523,
1170,16. 경남,창녕군,제31회 부곡온천축제,02. 자연생태,부곡온천 관광특구 일원,03. 수변형,16. 경남,창녕군,부곡면,2026,3,27,2026,3,29,3,,01. 매년,1994,200,0,180,20,해당없음,"30,000","30,000",모름,99. 무응답,기타,(사)부곡온천관광협의회,05. 민간 협/단체,창녕군 관광진흥에 관한 조례,창녕군,관광체육과,주무관,문현주,055-530-1593,
1171,16. 경남,창녕군,제65회 3.1민속문화제,04. 전통역사,영산면 일원,05. 기타,16. 경남,창녕군,영산면,2026,2,28,2026,3,3,4,,01. 매년,1961,170,0,170,0,해당없음,"28,000","28,000",모름,99. 무응답,,(사)3･1민속문화향상회,05. 민간 협/단체,-,창녕군,문화예술과,주무관,김성철,055-530-1463,
1172,16. 경남,창녕군,제40회 비사벌문화제,01. 문화예술,창녕읍 일원,05. 기타,16. 경남,창녕군,창녕읍,2026,10,23,2026,10,25,3,,01. 매년,1987,268,0,268,0,해당없음,"25,500","25,500",모름,99. 무응답,,(사)비사벌문화제전회,05. 민간 협/단체,-,창녕군,문화예술과,주무관,김성철,055-530-1463,
1173,16. 경남,고성군,고성가리비수산물축제,05. 지역특산물,고성읍 공룡로 3070(남포항 일원),03. 수변형,16. 경남,고성군,고성읍,2026,10,,2026,10,,3,미정,01. 매년,2017,150,0,100,50,해당없음,"60,000","59,500",500,99. 무응답,,고성가리비수산물축제추진위원회,04. 지자체 위원회,,고성군,해양수산과,주무관,김동욱,055-670-2453,
1174,16. 경남,고성군,고성기월안뜰 경관농업 가을꽃 축제,02. 자연생태,고성기월안뜰 경관농업단지,04. 독립형,16. 경남,고성군,고성읍,2026,9,,2026,9,,3,미정,01. 매년,2020,10,0,10,0,해당없음,"3,000","3,000",모름,99. 무응답,기타,경관농업추진협의회,05. 민간 협/단체,고성군 경관농업지구 조성 및 지원 조례,고성군,농업기술과,담당,이현숙,055-670-4222,
1175,16. 경남,고성군,소가야문화제,04. 전통역사,송학동 고분군 및 고성군종합운동장 일원,04. 독립형,16. 경남,고성군,고성읍,2026,10,,2026,10,,3,미정,01. 매년,1959,241,0,241,0,해당없음,"2,000","2,000",모름,99. 무응답,기타,소가야문화보존회,05. 민간 협/단체,86년 문화공보부장관 허가 535호,고성군,문화예술과,주무관,김민정,055-670-2203,
1176,16. 경남,고성군,고성독수리생태축제,02. 자연생태,고성읍 기월리 독수리식당 일원,01. 마을형,16. 경남,고성군,고성읍,2026,12,,2026,12,,,미정,01. 매년,2020,22,0,20,2,해당없음,"2,700","2,700",모름,99. 무응답,기타,고성생태관광협회,05. 민간 협/단체,해당없음,고성군,관광진흥과,주무관,허광도,055-670-2804,
1177,16. 경남,고성군,2026경남고성공룡세계엑스포,01. 문화예술,당항포관광지 일원,04. 독립형,16. 경남,고성군,회화면,2026,9,,2026,11,,,미정,01. 매년,2006,"3,200",0,0,"3,200",해당없음,"200,000","200,000",모름,01. 계측,티켓판매,(재)고성문화관광재단,02. 재단(관광/문화/예술),출자출연법,고성군,관광진흥과,주무관,허광도,055-670-2804,
1178,16. 경남,고성군,당항포대첩축제,04. 전통역사,당항포관광지 일원,04. 독립형,16. 경남,고성군,회화면,2026,5,,2026,5,,3,미정,01. 매년,2002,70,0,70,0,해당없음,"3,200","3,200",모름,01. 계측,티켓판매,(재)고성문화관광재단,02. 재단(관광/문화/예술),출자출연법,고성군,관광진흥과,주무관,허광도,055-670-2804,
1179,16. 경남,남해군,꽃 피는 남해,02. 자연생태,남해대교 일원,03. 수변형,16. 경남,남해군,-,2026,4,4,2026,4,5,2,,01. 매년,2023,70,0,70,0,해당없음,"8,456","8,456",모름,01. 계측,무인,남해군 관광진흥과,01. 정부/지자체,-,남해군,관광진흥과,주무관,김미진,055-860-8603,
1180,16. 경남,남해군,제8회 창선고사리축제,05. 지역특산물,창선생활체육공원 일원,02. 녹지형,16. 경남,남해군,창선면,2026,4,,2026,4,,2,미정,01. 매년,2015,77,0,70,7,해당없음,"10,860","10,860",모름,01. 계측,무인,창선고사리축제추진위원회,04. 지자체 위원회,남해군 축제 관리 및 지원 조례,남해군,관광진흥과,주무관,김미진,055-860-8603,
1181,16. 경남,남해군,제20회 보물섬 해산물 축제,05. 지역특산물,미조항 일원,03. 수변형,16. 경남,남해군,-,2026,5,9,2026,5,10,2,,01. 매년,2000,120,0,100,20,해당없음,"20,000","20,000",모름,01. 계측,무인,보물섬해산물축제공동추진위원회,04. 지자체 위원회,남해군 축제 관리 및 지원 조례,남해군,수산자원과,팀장,차지웅,055-860-8987,
1182,16. 경남,남해군,제21회 남해마늘한우 축제,05. 지역특산물,남해유배문학관 일원,04. 독립형,16. 경남,남해군,-,2026,6,,2026,6,,3,미정,01. 매년,2005,782,0,782,0,해당없음,"58,424","58,424",모름,01. 계측,무인,남해군 농축산과,01. 정부/지자체,남해군 축제 관리 및 지원 조례,남해군,농축산과,주무관,이지나,055-860-3908,
1183,16. 경남,남해군,제14회 독일마을 맥주축제,04. 전통역사,독일마을 일원,01. 마을형,16. 경남,남해군,-,2026,10,,2026,10,,3,미정,01. 매년,2010,720,0,720,0,해당없음,"64,087","63,781",306,02. 추정,통신 데이터,남해군 관광진흥과,01. 정부/지자체,-,남해군,관광진흥과,주무관,김미진,055-860-8603,
1184,16. 경남,하동군,제28회 화개장터 벚꽃축제,05. 지역특산물,화개면 그린나래광장,02. 녹지형,16. 경남,하동군,화개면,2026,3,27,2026,3,29,3,,01. 매년,1992,30,0,30,0,해당없음,"15,670","15,670",0,99. 무응답,,화개장터벚꽃축제추진위원회,04. 지자체 위원회,하동군 관광진흥에 관한 조례,하동군농업기술센터,농산물유통과,주무관,김세희,880-6584,방문자 수 재작년
1185,16. 경남,하동군,제29회 하동야생차문화축제,05. 지역특산물,화개면 일원,05. 기타,16. 경남,하동군,화개면,2026,5,,2026,5,,,미정,01. 매년,1996,659,0,659,0,해당없음,"35,000","35,000",모름,99. 무응답,기타,사)하동야생차문화축제조직위원회,04. 지자체 위원회,하동군 차 산업 발전 및 차 문화 진흥 지원 조례,하동군농업기술센터,농산물유통과,주무관,황소남,880-6583,
1186,16. 경남,하동군,"하동을 먹다, 하동별맛축제",05. 지역특산물,하동송림공원,02. 녹지형,16. 경남,하동군,하동읍,2026,10,,2026,10,,,미정,01. 매년,2024,280,0,280,0,해당없음,"45,000","45,000",모름,02. 추정,주차면수,사)하동별맛축제추진위원회,04. 지자체 위원회,하동군 관광진흥에 관한 조례,하동군농업기술센터,농산물유통과,주무관,황소남,880-6583,
1187,16. 경남,하동군,제9회 하동섬진강문화재첩축제,05. 지역특산물,하동송림 일원,02. 녹지형,16. 경남,하동군,하동읍,2026,6,,2026,6,,3,미정,01. 매년,2015,476,0,476,0,해당없음,"37,158","37,158",모름,99. 무응답,,하동섬진강문화재첩축제추진위원회,04. 지자체 위원회,문화체육관광부 및 문화재청 소관 비영리법인의 설립 및 감독에 관한 규칙,하동군,해양수산과,주무관,조성은,880-2444,
1188,16. 경남,하동군,제11회 하동북천 꽃양귀비 축제,02. 자연생태,북천면 일원,03. 수변형,16. 경남,하동군,북천면,2026,5,,2026,5,,,미정,01. 매년,2015,64,0,64,0,해당없음,"57,576","57,576",모름,02. 추정,통신 데이터,하동 북천 코스모스 메밀꽃 영농조합법인,05. 민간 협/단체,"하동군 농어업,농어촌 지원에 관한 기본 조례",하동군,농축산과,주무관,양인혁,055-880-2415,
1189,16. 경남,하동군,"제19회 하동 북천 코스모스,메밀꽃 축제",02. 자연생태,북천면 일원,03. 수변형,16. 경남,하동군,북천면,2026,10,,2026,10,,,미정,01. 매년,2007,219,0,219,0,해당없음,"122,062","122,062",모름,02. 추정,통신 데이터,하동 북천 코스모스 메밀꽃 영농조합법인,05. 민간 협/단체,"하동군 농어업,농어촌 지원에 관한 기본 조례",하동군,농축산과,주무관,양인혁,055-880-2415,
1190,16. 경남,산청군,산청황매산철쭉제,02. 자연생태,황매산 일원,02. 녹지형,16. 경남,산청군,차황면,2026,5,1,2026,5,11,11,,01. 매년,1982,232,0,232,0,해당없음,"43,554","43,554",모름,01. 계측,유인,산청황매산철쭉제위원회,04. 지자체 위원회,,산청군,관광진흥과,주무관,김시연,055-970-7202,
1191,16. 경남,산청군,ON산청 빛나는 여름밤 페스티벌,01. 문화예술,산청읍 조산공원 일원,02. 녹지형,16. 경남,산청군,산청읍,2026,7,31,2026,8,1,2,,01. 매년,2023,300,0,300,0,해당없음,미집계,미집계,미집계,03. 미집계,,산청군,01. 정부/지자체,,산청군,관광진흥과,주무관,김시연,055-970-7202,
1192,16. 경남,산청군,생초국제조각공원꽃잔디축제,02. 자연생태,생초국제조각공원,02. 녹지형,16. 경남,산청군,생초면,2026,4,17,2026,4,26,10,,01. 매년,2017,60,0,60,0,해당없음,미집계,미집계,미집계,03. 미집계,,산청군,01. 정부/지자체,,산청군,관광진흥과,주무관,정수경,055-970-7203,
1193,16. 경남,산청군,산청한방약초축제,05. 지역특산물,동의보감촌,01. 마을형,16. 경남,산청군,금서면,2026,10,2,2026,10,11,10,,01. 매년,2001,"2,040",0,"2,040",0,해당없음,미집계,미집계,미집계,03. 미집계,,산청축제관광재단,02. 재단(관광/문화/예술),산청축제관광재단 설립 및 운영에 관한 조례,산청군,한방항노화과,주무관,황경미,055-970-6602,
1194,16. 경남,산청군,지리산산청곶감축제,05. 지역특산물,산청곶감유통센터 일원,04. 독립형,16. 경남,산청군,시천면,2026,1,8,2026,1,11,4,,01. 매년,2008,250,0,180,70,해당없음,"17,686","17,686",모름,02. 추정,통신 데이터,지리산산청곶감축제위원회,04. 지자체 위원회,,산청군,산림녹지과,농업6급,신정은,055-970-6931,
1195,16. 경남,산청군,산청 농특산물 대제전,05. 지역특산물,동의보감촌 일원,04. 독립형,16. 경남,산청군,금서면,2026,4,10,2026,4,12,3,,01. 매년,2024,400,0,400,0,해당없음,"43,612","43,612",모름,99. 무응답,기타,(사)한국양봉협회 산청군지부,05. 민간 협/단체,,산청군,농축산과,주무관,최상현,055-970-7802,
1196,16. 경남,함양군,제7회 지리산 마천골흑돼지&산나물 축제,05. 지역특산물,마천면 생활체육공원 일원,04. 독립형,16. 경남,함양군,마천면,2026,4,,2026,4,,2,미정,01. 매년,2019,22,0,20,2,해당없음,"8,600","8,600",모름,99. 무응답,기타,지리산마천농협,03. 기타 공공,함양군 농업농촌 및 식품산업 지원에 관한 기본 조례,함양군,농산물유통과,지방농촌지도사,한윤찬,055-960-8342,
1197,16. 경남,함양군,제11회 지리산함양 백전오미자 축제,05. 지역특산물,백전면 다목적광장 일원,04. 독립형,16. 경남,함양군,백전면,2026,9,,2026,9,,2,미정,01. 매년,2016,22,0,20,2,해당없음,"1,000","1,000",모름,99. 무응답,기타,지리산백적오미자작목반,05. 민간 협/단체,함양군 농업농촌 및 식품산업 지원에 관한 기본 조례,함양군,농산물유통과,지방농촌지도사,한윤찬,055-960-8342,
1198,16. 경남,함양군,제65회 천령문화제,01. 문화예술,상림공원 일원,02. 녹지형,16. 경남,함양군,함양읍,2026,5,,2026,5,,,미정,01. 매년,1962,500,0,500,0,해당없음,"20,000","20,000",모름,99. 무응답,기타,천령문화제위원회,04. 지자체 위원회,함양군 문화예술 진흥 지원조례 및 천령문화제위원회 운영규정,함양군,문화체육과,주무관,임민규,055-960-4612,
1199,16. 경남,함양군,제23회 함양연암문화제,01. 문화예술,안의면 체육공원,02. 녹지형,16. 경남,함양군,안의면,2026,9,12,2026,9,13,2,,01. 매년,2004,100,0,100,0,해당없음,"2,000","2,000",모름,99. 무응답,기타,함양연암문화제위원회,04. 지자체 위원회,함양군 문화예술 진흥 지원조례 및 함양연암문화제위원회 운영규정,함양군,문화체육과,주무관,임민규,055-960-4612,
1200,16. 경남,함양군,제21회 함양산삼축제,05. 지역특산물,상림공원 일원,02. 녹지형,16. 경남,함양군 ,함양읍,2026,,,2026,,,,미정,01. 매년,2004,"1,600",0,"1,580",20,해당없음,"211,978","211,978",모름,02. 추정,주차면수,함양군 산삼항노화과,01. 정부/지자체,함양군 지역축제 지원에 관한 조례,함양군,산삼항노화과,주무관,김강현,055-960-6432,
1201,16. 경남,함양군,제3회 서상면 남덕유산 대축제,03. 주민화합,서상면 대남리 1750-1 일원,05. 기타,16. 경남,함양군,서상면,2026,4,11,2026,4,12,2,,01. 매년,2024,30,0,30,0,해당없음,"4,000","4,000",모름,99. 무응답,기타,서상남덕유산축제위원회,04. 지자체 위원회,"면민간 유대강화, 향우회 및 출향민간 화합 단결 도모",함양군,서상면,행정8,김지수,,
1202,16. 경남,거창군,제7회 거창 아리미아 꽃 축제,02. 자연생태,거창창포원,02. 녹지형,16. 경남,거창군,남상면,2026,5,14,2026,5,17,4,,01. 매년,2019,62,0,62,0,해당없음,"54,980","54,980",모름,02. 추정,체험객수,거창군,01. 정부/지자체,,거창군농업기술센터,농업축산과,주무관,김태림,055-940-8125,
1203,16. 경남,거창군,제36회 거창국제연극제,01. 문화예술,수승대일원,05. 기타,16. 경남,거창군,위천면,2026,7,24,2026,8,2,10,,01. 매년,1989,"1,600",0,"1,600",0,해당없음,"22,879","22,822",57,01. 계측,"티켓판매, 주차면수",거창문화재단,02. 재단(관광/문화/예술),거창군 거창문화재단 설립 및 운영조례,(재)거창문화재단,문화사업2단,팀장,이경애,055-940-8455,
1204,16. 경남,거창군,2026 거창한마당대축제,01. 문화예술,거창스포츠파크 및 거창읍 일원,04. 독립형,16. 경남,거창군,거창읍,2026,,,2026,,,,미정,01. 매년,2015,975,0,975,0,해당없음,"54,035","54,025",10,02. 추정,통신 데이터,거창문화재단,02. 재단(관광/문화/예술),거창군 거창문화재단 설립 및 운영조례,(재)거창문화재단,문화사업1단,단원,배주연,055-940-8458,
1205,16. 경남,거창군,제6회 감악산 꽃별여행,02. 자연생태,신원면 연수사길 452,05. 기타,16. 경남,거창군,신원면,2026,9,18,2026,10,11,24,,01. 매년,2021,398,0,398,0,해당없음,"257,424","257,375",49,02. 추정,통신 데이터,거창군,01. 정부/지자체,,거창군농업기술센터,행복농촌과,주무관,차봉섭,055-940-8227,
1206,16. 경남,합천군,제42회 대야문화제,01. 문화예술,합천읍 일원,03. 수변형,16. 경남,합천군,-,2026,9,,2026,9,,,미정,01. 매년,1982,680,0,680,0,해당없음,최근 미개최,최근 미개최,최근 미개최,04. 기타,최근 미개최,대야문화제전위원회,04. 지자체 위원회,합천군 문화예술진흥 조례,합천군,문화예술과,주무관,이진록,055-930-3172,
1207,16. 경남,합천군,2026 대장경기록문화축제,01. 문화예술,대장경테마파크,04. 독립형,16. 경남,합천군,-,2026,10,,2026,10,,,미정,01. 매년,2011,200,0,200,0,해당없음,"8,468","8,468",모름,01. 계측,티켓판매,합천군 관광진흥과,01. 정부/지자체,,합천군,관광진흥과,주무관,윤희성,055-930-4696,
1208,16. 경남,합천군,고스트파크 축제,01. 문화예술,합천영상테마파크,02. 녹지형,16. 경남,합천군,-,2026,8,,2026,8,,,미정,01. 매년,2014,"1,000",0,"1,000",0,해당없음,"20,855","20,855",모름,01. 계측,티켓판매,합천군 관광진흥과,01. 정부/지자체,,합천군,관광진흥과,주무관,문미선,055-930-4697,
1209,16. 경남,합천군,제30회 황매산철쭉제,02. 자연생태,황매산군립공원 일원,02. 녹지형,16. 경남,합천군,-,2026,5,,2026,5,,11,미정,01. 매년,1997,150,0,150,0,해당없음,"154,527","154,527",모름,01. 계측,무인,황매산축제위원회,04. 지자체 위원회,,합천군,산림과,주무관,김지현,055-930-4753,
1210,16. 경남,합천군,제5회 황매산억새축제,02. 자연생태,황매산군립공원 일원,02. 녹지형,16. 경남,합천군,-,2026,10,,2026,10,,9,미정,01. 매년,2022,150,0,150,0,해당없음,"55,506","55,506",모름,01. 계측,무인,황매산축제위원회,04. 지자체 위원회,,합천군,산림과,주무관,김지현,055-930-4753,
1211,16. 경남,합천군,제4회 합천황토한우축제,05. 지역특산물,합천군민체육공원,02. 녹지형,16. 경남,합천군,-,2026,10,,2026,10,,3,미정,01. 매년,2023,500,0,400,100,해당없음,"79,000","79,000",모름,02. 추정,통신 데이터,합천축산업협동조합,05. 민간 협/단체,농업협동조합법,합천군,축산과,주무관,박수지,055-930-3573,
1212,17. 제주,-,2026 제주들불축제,04. 전통역사,새별오름 일원,02. 녹지형,17. 제주,제주시,애월읍,2026,3,9,2026,3,14,6,,01. 매년,1997,"1,358",0,"1,358",0,해당없음,"44,368","44,368",모름,01. 계측,유인,제주시 관광진흥과,01. 정부/지자체,해당없음,제주시,관광진흥과,주무관,이효령,064-728-2753,
1213,17. 제주,-,제8회 애월읍 왕벚꽃축제,03. 주민화합,장전리벚꽃거리,01. 마을형,17. 제주,제주시,애월읍,2026,3,,2026,3,,2,미정,01. 매년,2016,90,0,90,0,해당없음,"20,000","20,000",모름,99. 무응답,기타,애월읍연합청년회,05. 민간 협/단체,-,제주시,애월읍,주무관,김민영,064-728-8817,
1214,17. 제주,-,2026년 제3회 제주마 입목 문화 축제,02. 자연생태,제주마 방목지,02. 녹지형,17. 제주,제주시,용강동,2026,4,18,2026,4,19,2,,01. 매년,2024,245,0,245,0,해당없음,"40,000","40,000",모름,99. 무응답,기타,제주특별자치도 측산생명연구원,01. 정부/지자체,-,제주특별자치도 축산생명연구원,축산생명과,주무관,황순회,064-710-7942,
1215,17. 제주,-,제23회 방선문축제,04. 전통역사,방선문 일원,04. 독립형,17. 제주,제주시,오라동,2026,5,,2026,5,,2,미정,01. 매년,2004,42,0,30,12,해당없음,800,800,모름,99. 무응답,기타,방선문축제위원회,04. 지자체 위원회,근거없음,제주시,오라동,주무관,강연지,064-728-4796,
1216,17. 제주,-,제27회 제주과학축전,01. 문화예술,제주시민복지타운,04. 독립형,17. 제주,제주시,도남동,2026,6,26,2026,6,28,3,,01. 매년,2000,240,0,120,120,해당없음,"43,920","43,920",모름,01. 계측,유인,제주과학문화협회,05. 민간 협/단체,과학기술정보통신부 소관 비영리법인의 설립에 관한 규칙,제주특별자치도,미래성장과,주무관,김한결,064-710-8883,
1217,17. 제주,-,2026 제주레저힐링축제,01. 문화예술,제주시 일원,05. 기타,17. 제주,제주시,-,2026,7,,2026,10,,,미정,01. 매년,2022,367,0,367,0,해당없음,"36,900","36,900",모름,01. 계측,무인,제주시 관광진흥과,01. 정부/지자체,해당없음,제주시,관광진흥과,주무관,고하나,064-728-2757,
1218,17. 제주,-,제21회 제주이호테우축제,04. 전통역사,이호테우해수욕장,03. 수변형,17. 제주,제주시,이호동,2026,7,,2026,7,,3,미정,01. 매년,2004,30,0,30,0,해당없음,"5,923","5,923",모름,02. 추정,통신 데이터,이호테우축제위원회,04. 지자체 위원회,-,제주시,이호동,주무관,강정윤,064-728-4922,
1219,17. 제주,-,2026년 천연염색 홍보행사,01. 문화예술,서귀포농업기술센터,04. 독립형,17. 제주,제주시,-,2026,8,1,2026,8,2,2,,01. 매년,2012,80,0,80,0,해당없음,"1,830","1,818",12,99. 무응답,기타,서귀포농업기술센터,01. 정부/지자체,-,제주특별자치도 농업기술원,서귀포농업기술센터,지방농촌지도사,이미숙,064-760-7831,
1220,17. 제주,-,제11회 월대천축제,03. 주민화합,월대천 광장 일원,03. 수변형,17. 제주,제주시,외도동,2026,8,,2026,8,,3,미정,01. 매년,2013,40,0,20,20,해당없음,"2,000","2,000",모름,99. 무응답,기타,월대천축제추진위원회,04. 지자체 위원회,-,제주시,외도동,주무관,김태연,064-728-4892,
1221,17. 제주,-,2026 제주수학축전,01. 문화예술,제주 ICC,04. 독립형,17. 제주,서귀포시,중문동,2026,9,12,2026,9,13,2,,01. 매년,2000,179,0,43,136,해당없음,미집계,미집계,미집계,03. 미집계,,제주중등수학교과교육연구회,05. 민간 협/단체,과학기술정보통신부 소관 비영리법인의 설립에 관한 규칙,제주특별자치도,미래성장과,주무관,김한결,064-710-8883,
1222,17. 제주,-,제19회 제주해녀축제,01. 문화예술,해녀박물관 일원,04. 독립형,17. 제주,제주시,구좌읍,2026,9,19,2026,9,20,2,,01. 매년,2007,210,0,210,0,해당없음,"34,000","28,100","5,900",01. 계측,티켓판매,제주특별자치도 해녀문화유산과,01. 정부/지자체,-,제주특별자치도,해녀문화유산과,주무관,전봉근,064-710-3982,
1223,17. 제주,-,2026년 애월읍 농수축박람회,03. 주민화합, 새별오름,02. 녹지형,17. 제주,제주시,애월읍,2026,11,,2026,11,,2,미정,01. 매년,2018,100,0,100,0,해당없음,"1,700","1,700",모름,99. 무응답,기타,애월읍농수축박람회추진위원회,04. 지자체 위원회,-,제주시,애월읍,주무관,김민영,064-728-8817,
1224,17. 제주,-,제11회 고마로마문화축제,01. 문화예술,신산공원,02. 녹지형,17. 제주,제주시,일도2동,2026,10,,2026,10,,3,미정,01. 매년,2014,130,0,130,0,해당없음,"6,000","6,000",모름,99. 무응답,기타,일도2동고마로마문화축제추진위원회,04. 지자체 위원회,-,제주시,일도2동,주무관,오민화,064-728-4442,
1225,17. 제주,-,제26회 최남단 방어 축제,05. 지역특산물,모슬포항 일원,03. 수변형,17. 제주,서귀포시,대정읍,2026,11,,2026,11,,4,미정,01. 매년,2001,328,0,230,98,해당없음,"100,000","100,000",모름,01. 계측,유인,최남단방어축제위원회,04. 지자체 위원회,-,제주특별자치도,수산정책과,주무관,김미나,064-710-3245,
1226,17. 제주,-,제7회 서귀포 은갈치 축제,05. 지역특산물,서귀포항 일원,03. 수변형,17. 제주,서귀포시,서귀동,2026,10,,2026,10,,3,미정,01. 매년,2018,48,0,24,24,해당없음,"40,000","40,000",모름,01. 계측,유인,서귀포은갈치축제위원회,04. 지자체 위원회,-,제주특별자치도,수산정책과,주무관,김미나,064-710-3245,
1227,17. 제주,-,제18회 추자도 참굴비 대축제,05. 지역특산물,추자항 일원,03. 수변형,17. 제주,제주시,추자면,2026,10,,2026,10,,3,미정,01. 매년,2008,150,0,150,0,해당없음,"8,000","8,000",모름,01. 계측,유인,추자면축제추진위원회,04. 지자체 위원회,-,제주특별자치도,수산정책과,주무관,현규환,064-710-3243,
1228,17. 제주,-,제9회 제주광어 대축제,05. 지역특산물,제주어류양식수산업협동조합,04. 독립형,17. 제주,제주시,오라동,2026,10,2,2026,10,4,3,,01. 매년,2016,100,0,50,50,해당없음,"20,000","20,000",모름,01. 계측,티켓판매,제주어류양식수산업협동조합,05. 민간 협/단체,-,제주특별자치도,수산정책과,주무관,강지훈,064-710-3233,
1229,17. 제주,-,네 번째 서홍동 웃물교 벚꽃구경,02. 자연생태,서홍동 웃물교 일원,03. 수변형,17. 제주,서귀포시,서홍동,2026,4,,2026,4,,2,미정,01. 매년,2023,50,0,50,0,해당없음,"4,000","4,000",모름,99. 무응답,기타,제주시 서귀포시,01. 정부/지자체,,서귀포시,서홍동,주무관,고지수,064-760-4742,
1230,17. 제주,-,제18회 솜반천 청소년 문화축제,01. 문화예술,서홍동 솜반천 일원,03. 수변형,17. 제주,서귀포시,서홍동,2026,7,,2026,7,,2,미정,01. 매년,2008,28,0,25,3,해당없음,800,800,모름,99. 무응답,,서홍동 청소년지도협의회,05. 민간 협/단체,제주특별자치도 청소년 육성 및 지원 조례,서귀포시,서홍동,주무관,양지은,064-760-4725,
1231,17. 제주,-,"제5회 화북, 포구문화제",01. 문화예술,화북포구 일원,03. 수변형,17. 제주,제주시,화북동,2026,,,2026,,,,미정,01. 매년,2022,100,0,100,0,해당없음,"3,000","3,000",모름,99. 무응답,기타,화북동,01. 정부/지자체,-,제주시청,화북동,주무관,권현정,064-728-4682,
1232,17. 제주,-,제17회 금능원담축제,04. 전통역사,금능해수욕장 일원,03. 수변형,17. 제주,제주시,한림읍,2026,,,2026,,,,미정,01. 매년,2010,86,0,60,26,해당없음,"1,800","1,700",100,99. 무응답,기타,금능리마을회,05. 민간 협/단체,제주특별자치도 축제육성 및 지원에 관한 조례,제주시,한림읍,수산8급,임서연,064-728-7675,
1233,17. 제주,-,제5회 월정한모살축제,03. 주민화합,월정해수욕장,03. 수변형,17. 제주,제주시,구좌읍,2026,7,1,2026,7,30,2,미정,01. 매년,2020,60,0,30,30,해당없음,"2,000","1,800",200,99. 무응답,기타,월정한모살축제주친위원회,04. 지자체 위원회,제주특별자치도 축제육성 및 지원에 관한 조례,제주시,구좌읍,주무관,강도윤,064-728-7712,
1234,17. 제주,-,제주 성읍마을 정의현감 행차재현 및 전통민요공연 축제,04. 전통역사,제주 성읍마을 일원,01. 마을형,17. 제주,서귀포시,표선면,2026,4,1,2026,10,31,4,기간 중 프로그램 지속,01. 매년,2016,70,0,70,0,해당없음,미집계,미집계,미집계,03. 미집계,,(사)성읍민속마을보존회,05. 민간 협/단체,제주특별자치도 성읍민속마을 보존 및 지원 조례,제주특별자치도,세계유산본부,팀장,이선호,064-710-6791,
1235,17. 제주,-,제17회 거문오름 트레킹,02. 자연생태,거문오름 일원,02. 녹지형,17. 제주,제주시,조천읍,2026,7,1,2026,7,6,6,,01. 매년,2008,93,0,93,0,해당없음,"4,000","4,000",모름,01. 계측,티켓판매,세계자연유산 거문오름 국제트레킹위원회,04. 지자체 위원회,제주특별자치도 유네스코 등록유산 관리에 관한 조례,제주특별자치도 세계유산본부,세계유산과,주무관,현정보,064-710-8994,
1236,17. 제주,-,2026 세계유산축전,02. 자연생태,세계유산지구 일대,01. 마을형,17. 제주,제주시,조천읍,2026,7,19,2026,7,29,11,,01. 매년,2020,"1,900",950,950,0, 국가유산청 ,"40,569","36,960","3,609",99. 무응답,기타,(사)제주국가유산미래가치연구원,05. 민간 협/단체,"민법, 문화체육관광부 및 국가유산청 소관 비영리법인의 설립 및 감독에 관한 규칙",제주특별자치도,세계유산본부,팀장,허진이,064-710-6974,
1237,17. 제주,-,제32회 제주 성읍마을 전통민속 재현축제,04. 전통역사,제주 성읍마을 일원,01. 마을형,17. 제주,서귀포시,표선면,2026,10,10,2026,10,11,2,,01. 매년,1993,70,0,70,0,해당없음,미집계,미집계,미집계,03. 미집계,,(사)성읍민속마을보존회,05. 민간 협/단체,제주특별자치도 성읍민속마을 보존 및 지원 조례,제주특별자치도,세계유산본부,팀장,이선호,064-710-6791,
1238,17. 제주,-,제16회 혼인지 축제,04. 전통역사,제주 혼인지 내,02. 녹지형,17. 제주,서귀포시,성산읍,2026,10,17,2026,10,18,2,,01. 매년,2009,110,0,110,0,해당없음,미집계,미집계,미집계,03. 미집계,,온평리마을회,05. 민간 협/단체,제주특별자치도 혼인지 보존 및 지원 조례,제주특별자치도,세계유산본부,팀장,이선호,064-710-6791,
1239,17. 제주,-,제주 무형유산 대전,04. 전통역사,도 일원,05. 기타,17. 제주,제주시,-,2026,10,,2026,10,,2,미정,01. 매년,2022,182,0,182,0,해당없음,"2,946",모름,모름,01. 계측,유인,세계유산본부,01. 정부/지자체,제주특별자치도 무형유산의 보전 및 진흥에 관한 조례,제주특별자치도,세계유산본부,주무관,변성훈,064-710-6973,
1240,17. 제주,-,제34회 성산일출축제,03. 주민화합,성산일출봉 일원,02. 녹지형,17. 제주,서귀포시,성산읍,2026,12,31,2027,1,1,2,,01. 매년,1994,254,0,254,0,해당없음,"20,000","20,000",모름,01. 계측,유인,성산일출축제위원회,04. 지자체 위원회,제주특별자치도 유네스코 등록유산 관리에 관한 조례,제주특별자치도 세계유산본부,세계유산과,주무관,현정보,064-710-8994,
1241,17. 제주,-,2026 제21회 중문칠선녀축제,03. 주민화합,중문 천제연공원 일원,02. 녹지형,17. 제주,서귀포시,중문동,2026,,,2026,,,,미정,01. 매년,1995,97,0,48,48,해당없음,"3,000","3,000",모름,99. 무응답,기타,중문칠선녀축제위원회,04. 지자체 위원회,-,서귀포시,중문동,주무관,최희주,064-760-4824,
1242,17. 제주,-,제21회 제주마축제,04. 전통역사,렛츠런파크 제주,04. 독립형,17. 제주,제주시,애월읍,2026,10,17,2026,10,18,2,,01. 매년,2003,18,0,13,5,해당없음,"17,124","17,124",모름,01. 계측,티켓판매,한국마사회(제주본부),03. 기타 공공,한국마사회법 제1조,제주특별자치도,친환경축산정책과,주무관,김정웅,064-710-4832,
1243,17. 제주,-,2026년 제주 도새기 축제,05. 지역특산물,제주새별오름,02. 녹지형,17. 제주,제주시,애월읍,2026,10,,2026,10,,2,미정,01. 매년,2003,260,0,130,130,해당없음,"27,350","27,350",모름,01. 계측,유인,제주양돈농협,03. 기타 공공,농업협동조합법 제1조,제주특별자치도,친환경축산정책과,주무관,정세영,064-710-2123,
1244,17. 제주,-,제1회 송산동 부시리 축제,05. 지역특산물,자구리 공원,02. 녹지형,17. 제주,서귀포시,송산동,2026,2,6,2026,2,7,2,,04. 최초,2026,45,0,40,5,해당없음,최초 개최,최초 개최,최초 개최,04. 기타,최초 개최,송산동서귀마을회,05. 민간 협/단체,제주특별자치도 주민참여예산제 운영 조례 ,서귀포시,송산동,주무관,강수나,064-760-4502,
1245,17. 제주,-,제22회 보목자리돔 축제,05. 지역특산물,보목포구,03. 수변형,17. 제주,서귀포시,송산동,2026,5,,2026,5,,3,미정,01. 매년,2000,88,0,88,0,해당없음,"15,000","15,000",모름,99. 무응답,기타,자리돔축제추진위원회,04. 지자체 위원회,제주특별자치도 축제육성 및 지원에 관한 조례,서귀포시,송산동,주무관,강수나,064-760-4502,
1246,17. 제주,-,제2회 도두 썸머리 워터 페스티벌,03. 주민화합,오래물광장,02. 녹지형,17. 제주,제주시,도두동,2026,8,14,2026,8,16,3,,01. 매년,2025,20,0,10,10,해당없음,"2,000","2,000",모름,99. 무응답,,도두동연합청년회,05. 민간 협/단체,-,제주시,도두동,주무관,강성균,064-728-4952,
1247,17. 제주,-,제43회 서귀포유채꽃축제,02. 자연생태,표선면 가시리 유채꽃광장 일대,02. 녹지형,17. 제주,서귀포시,표선면,2026,4,4,2026,4,5,2,,01. 매년,1983,250,0,250,0,해당없음,"20,865","20,865",모름,01. 계측,유인,서귀포유채꽃축제조직위원회,04. 지자체 위원회,제주특별자치도 축제육성 및 지원에 관한 조례,서귀포시,관광진흥과,주무관,이수현,064-760-3942,
1248,17. 제주,-,제32회 서귀포칠십리축제,01. 문화예술,서귀포 천지연폭포 주차장 일대,03. 수변형,17. 제주,서귀포시,-,2026,10,23,2026,10,25,3,,01. 매년,1995,558,0,558,0,해당없음,"72,000","72,000",모름,01. 계측,유인,서귀포칠십리축제추진위원회,04. 지자체 위원회,산,서귀포시,관광진흥과,주무관,이수현,064-760-3942,
1249,17. 제주,-,제19회 전농로 왕벚꽃 축제,02. 자연생태,삼도1동 전농로 일대,05. 기타,17. 제주,제주시,삼도1동,2026,3,27,2026,3,29,3,,01. 매년,1991,100,0,100,0,해당없음,"255,700","255,700",모름,01. 계측,유인,삼도1동 축제추진위원회,04. 지자체 위원회,-,제주시,삼도1동,팀장,강경표,064-728-4531,
1250,17. 제주,-,제24회 예래생태체험축제,02. 자연생태,논짓물 일원,02. 녹지형,17. 제주,서귀포시,예래동,2026,,,2026,,,2,미정,01. 매년,2000,86,0,60,26,해당없음,"3,000","3,000",모름,01. 계측,유인,예래생태체험축제위원회,04. 지자체 위원회,제주특별자치도 축제육성 및 지원에 관한 조례,서귀포시,예래동,주무관,송현미,064-760-4847,
1251,17. 제주,-,제3회 예래사자마을 봄꽃나들이 행사,02. 자연생태,대왕수천 일원,03. 수변형,17. 제주,서귀포시,예래동,2026,,,2026,,,2,미정,01. 매년,2024,45,0,미확정,45,해당없음,"3,000","3,000",모름,01. 계측,유인,예래사자마을봄꽃나들이 축제추진위원회,04. 지자체 위원회,제주특별자치도 축제육성 및 지원에 관한 조례,서귀포시,예래동,주무관,송현미,064-760-4847,
1252,17. 제주,-,제15회 우도 소라축제,05. 지역특산물,천진항 일원,03. 수변형,17. 제주,제주시,우도면,2026,4,24,2026,4,25,2,,01. 매년,2009,110,0,110,0,해당없음,"18,000","16,000","2,000",99. 무응답,기타,우도면연합청년회,05. 민간 협/단체,제주특별자치도 청년회 등 활동 지원에 관한 조례,제주시,우도면,주무관,양정민,064-728-4329,
1253,17. 제주,-,제30회 한라산 청정 고사리축제,05. 지역특산물,한남리 1662-5번지 일원,05. 기타,17. 제주,서귀포시,남원읍,2026,4,25,2026,4,26,2,미정,01. 매년,1995,120,0,120,0,해당없음,"29,000","29,000",모름,99. 무응답,,남원읍축제위원회,04. 지자체 위원회,제주특별자치도 축제육성 및 지원에 관한 조례,서귀포시,남원읍,주무관,강영진,064-760-4182,
1254,17. 제주,-,2026 봉개오름축제,01. 문화예술,봉개문화교류센터,04. 독립형,17. 제주,제주시,봉개동,2026,10,,2026,10,,2,미정,02. 격년,2016,48,0,24,24,해당없음,미집계,미집계,미집계,03. 미집계,,봉개동축제추진위원회,04. 지자체 위원회,-,제주특별자치도 제주시,봉개동,팀장,고성호,064-728-4741,
1255,17. 제주,-,제22회 쇠소깍 축제 ,03. 주민화합,하효항 및 쇠소깍 일원,03. 수변형,17. 제주,서귀포시,효돈동,2026,9,,2026,9,,2,미정,01. 매년,2003,56,0,39,17,해당없음,"6,000","6,000",모름,99. 무응답,,효돈동연합청년회,05. 민간 협/단체,제주특별자치도 청년회 등 활동 지원에 관한 조례,서귀포시청,효돈동,주무관,강수연 ,064-760-4623,
1256,17. 제주,-,성산엔 벚꽃길따라 행복한 동행,01. 문화예술,성산읍 신풍레포츠공원,02. 녹지형,17. 제주,서귀포시,성산읍,2026,3,,2026,3,,2,미정,01. 매년,2024,98,0,89,10,해당없음,"3,000",모름,모름,01. 계측,티켓판매,신풍리마을회,05. 민간 협/단체,제주특별자치도 리·통 및 반 설치 조례 ,서귀포시,성산읍,주무관,최혜란,064-760-4214,
1257,17. 제주,-,수국과 공연이 꽃피는 혼인지,01. 문화예술,"서귀포시 성산읍 온평리 혼인지 야외마당, 온평리 서포구 잔디마당",02. 녹지형,17. 제주,서귀포시,성산읍,2026,5,,2026,5,,6,미정,01. 매년,2022,71,0,64,7,해당없음,500,모름,모름,99. 무응답,,온평리마을회,05. 민간 협/단체,제주특별자치도 리·통 및 반 설치 조례 ,서귀포시,성산읍,주무관,최혜란,064-760-4214,
1258,17. 제주,-,성산 조개바당축제,02. 자연생태,성산읍 고성리 내수면,05. 기타,17. 제주,서귀포시,성산읍,2026,8,,2026,8,,2,미정,01. 매년,2022,90,0,90,0,해당없음,"10,000",모름,모름,01. 계측,유인,성산읍,01. 정부/지자체,제주특별자치도 축제육성 및 지원에 관한 조례,서귀포시,성산읍,주무관,김태호,064-760-4282,
1259,17. 제주,-,와흘메밀문화제(봄),05. 지역특산물,조천읍 남조로 2455 일원,03. 수변형,17. 제주,제주시,조천읍,2026,5,,2026,5,,30,미정,01. 매년,2021,무응답,무응답,무응답,무응답,무응답,"116,260","114,862","1,398",99. 무응답,,와흘메밀마을협의회,05. 민간 협/단체,"농어촌정비법 제82조, 농어촌정비법 시행령 제64조",제주시청,조천읍,팀장,송관호,064-728-7871,봄/가을 행사 구분
1260,17. 제주,-,와흘메밀문화제(가을),05. 지역특산물,조천읍 남조로 2455 일원,03. 수변형,17. 제주,제주시,조천읍,2026,10,,2026,10,,30,미정,01. 매년,2021,무응답,무응답,무응답,무응답,무응답,"116,260","114,862","1,398",99. 무응답,,와흘메밀마을협의회,05. 민간 협/단체,"농어촌정비법 제82조, 농어촌정비법 시행령 제64조",제주시청,조천읍,팀장,송관호,064-728-7871,봄/가을 행사 구분
1261,17. 제주,-,"벚꽃오름, 봄소풍(골체오름 벚꽃축제)",02. 자연생태,골체오름 일원,02. 녹지형,17. 제주,제주시,조천읍,2026,3,,2026,4,,2,미정,01. 매년,2025,48,0,43,5,해당없음,"3,000","3,000",모름,99. 무응답,기타,선흘2리마을회,05. 민간 협/단체,-,제주시청,조천읍,주무관,김선아,064-728-7815,
1262,17. 제주,-,제16회 산지천축제,01. 문화예술,제주시 산지천 일원,03. 수변형,17. 제주,제주시,건입동,2026,,,2026,,,,미정,01. 매년,2008,100,0,100,0,해당없음,미집계,미집계,미집계,03. 미집계,,산지천축제위원회,04. 지자체 위원회,없음,제주시청,건입동,행정7급,홍석진,064-728-4652,
1263,17. 제주,-,병오년 탐라국 입춘굿,04. 전통역사,도내일원,05. 기타,17. 제주,제주시,-,2026,2,2,2026,2,4,3,미정,01. 매년,1994,212,0,212,0,해당없음,"10,000","10,000",모름,99. 무응답,기타,(사)제주민예총,05. 민간 협/단체,문화예술진흥법 ,제주특별자치도,문화정책과,주무관,강정아,064-710-3417,
1264,17. 제주,-,제주국제관악제,01. 문화예술,도내일원,05. 기타,17. 제주,제주시,-,2026,8,8,2026,8,15,8,,01. 매년,1995,"1,734",334,"1,400",0, 한국문화예술위원회 ,"28,188","27,456",732,01. 계측,티켓판매,(사)제주국제관악제 조직위원회,04. 지자체 위원회,문화예술진흥법 ,제주특별자치도,문화정책과,주무관,강정아,064-710-3417,
1265,17. 제주,-,탐라문화제,01. 문화예술,도내일원,05. 기타,17. 제주,제주시,-,2026,10,,2026,10,,5,미정,01. 매년,1962,"1,440",0,"1,440",0,해당없음,"75,101","75,101",모름,99. 무응답,기타,(사)한국예총제주특별자치도연합회,05. 민간 협/단체,문화예술진흥법 ,제주특별자치도,문화정책과,주무관,강정아,064-710-3417,
1266,17. 제주,-,2026 영천동해바라기 축제,02. 자연생태,토평동2981번지 일원,05. 기타,17. 제주,서귀포시,영천동,2026,9,,2026,9,,2,미정,01. 매년,2023,92,0,92,0,해당없음,"8,000","8,000",모름,01. 계측,유인,영천동해바라기축제위원회,04. 지자체 위원회,-,서귀포시,영천동,주무관,고지영,064-760-4664,
